{"correlation_id": "29bcc6bd-3944-4832-b676-9548ea1c9021", "operation": "whoami", "outcome": "allowed", "principal": "user:c1-dev.52ee7bde-2918-4348-97e9-33ed361e2c99", "reason": "", "target": ""}
{"correlation_id": "261e8cd6-f379-4773-a9a4-3dfcb73f8aca", "operation": "instance_grant", "outcome": "applied", "principal": "user:c1-dev.52ee7bde-2918-4348-97e9-33ed361e2c99", "reason": "confirmed", "target": "m03_4d022eabc5414c14a49c1ffdd57ec885"}
{"correlation_id": "b955519d-56b8-411d-a906-97606596992a", "operation": "instance_grant", "outcome": "allowed", "principal": "user:c1-dev.52ee7bde-2918-4348-97e9-33ed361e2c99", "reason": "", "target": "user:c1-dev.52ee7bde-2918-4348-97e9-33ed361e2c99"}
{"correlation_id": "cafde7a2-77e2-4386-9797-8a93fb3b190a", "operation": "whoami", "outcome": "allowed", "principal": "user:c1-dev.2c8d560f-a67a-4801-8621-e597415decd4", "reason": "", "target": ""}
{"correlation_id": "05708d44-be25-4706-8e14-51fb099c03ff", "operation": "instance_grant", "outcome": "applied", "principal": "user:c1-dev.52ee7bde-2918-4348-97e9-33ed361e2c99", "reason": "confirmed", "target": "m03_4d022eabc5414c14a49c1ffdd57ec885"}
{"correlation_id": "174c5898-b1a2-434a-a380-c8a18e914761", "operation": "instance_grant", "outcome": "allowed", "principal": "user:c1-dev.52ee7bde-2918-4348-97e9-33ed361e2c99", "reason": "", "target": "user:c1-dev.2c8d560f-a67a-4801-8621-e597415decd4"}
{"correlation_id": "2e67bcfa-3f16-4eeb-b616-3d4ed865a21f", "operation": "query_catalog", "outcome": "allowed", "principal": "user:c1-dev.52ee7bde-2918-4348-97e9-33ed361e2c99", "reason": "", "target": ""}
{"correlation_id": "3f6d84ca-168b-4111-9dfb-803607925a63", "operation": "instance_read", "outcome": "allowed", "principal": "user:c1-dev.52ee7bde-2918-4348-97e9-33ed361e2c99", "reason": "", "target": "m03_4d022eabc5414c14a49c1ffdd57ec885"}
{"correlation_id": "62af4716-14e6-48db-84fb-5a50bed0458c", "operation": "changeset_create", "outcome": "allowed", "principal": "user:c1-dev.52ee7bde-2918-4348-97e9-33ed361e2c99", "reason": "", "target": "urn:c1:instance:dev:changeset-bd98a27c05cf4bc78e30d1a44939c3dc"}
{"correlation_id": "f5d0945d-ad0e-4cce-8588-4e4da6d3187a", "operation": "changeset_read", "outcome": "allowed", "principal": "user:c1-dev.52ee7bde-2918-4348-97e9-33ed361e2c99", "reason": "", "target": "urn:c1:instance:dev:changeset-bd98a27c05cf4bc78e30d1a44939c3dc"}
{"correlation_id": "b4fb6235-eec8-4c11-9c96-d3f8e3535da0", "operation": "changeset_submit", "outcome": "allowed", "principal": "user:c1-dev.52ee7bde-2918-4348-97e9-33ed361e2c99", "reason": "", "target": "urn:c1:instance:dev:changeset-bd98a27c05cf4bc78e30d1a44939c3dc"}
{"correlation_id": "42f2e70b-a797-4cc6-8b3c-cce50330bf63", "operation": "changeset_approve", "outcome": "allowed", "principal": "user:c1-dev.2c8d560f-a67a-4801-8621-e597415decd4", "reason": "", "target": "urn:c1:instance:dev:changeset-bd98a27c05cf4bc78e30d1a44939c3dc"}
{"correlation_id": "51513a0c-11db-42ce-9650-f5ede5b69e90", "operation": "changeset_apply", "outcome": "allowed", "principal": "user:c1-dev.2c8d560f-a67a-4801-8621-e597415decd4", "reason": "", "target": "urn:c1:instance:dev:changeset-bd98a27c05cf4bc78e30d1a44939c3dc"}
{"correlation_id": "5eb33745-87fc-427b-8ae2-1fbffcea212f", "operation": "scope_list", "outcome": "allowed", "principal": "user:c1-dev.52ee7bde-2918-4348-97e9-33ed361e2c99", "reason": "", "target": ""}
{"correlation_id": "e116fa51-b70b-4b69-b05f-6f56714e8ecb", "operation": "whoami", "outcome": "allowed", "principal": "user:c1-dev.710d299c-4393-4f32-b84c-e6c81c8382ad", "reason": "", "target": ""}
{"correlation_id": "0c000739-4bcd-42c8-9d67-cd4ba29f91a8", "operation": "whoami", "outcome": "allowed", "principal": "user:c1-dev.f801298f-f193-4438-bc87-81ed549308ed", "reason": "", "target": ""}
{"correlation_id": "9596b46e-d793-47c1-8170-3941aad48d71", "operation": "whoami", "outcome": "allowed", "principal": "user:c1-dev.fbcf5049-980c-4ed4-8c8a-4f7137e8a927", "reason": "", "target": ""}
{"correlation_id": "8618a8ee-a252-4cf4-a821-b5bac9a3cb56", "operation": "whoami", "outcome": "allowed", "principal": "user:c1-dev.2c8d560f-a67a-4801-8621-e597415decd4", "reason": "", "target": ""}
{"correlation_id": "fae8f0f0-7e5f-47b2-ae23-26026f6fd093", "operation": "whoami", "outcome": "allowed", "principal": "user:c1-dev.7d89fb29-3c08-437e-9f68-5bea90fb3373", "reason": "", "target": ""}
{"correlation_id": "71a747d7-72b2-46eb-adbc-51bf87e021a9", "operation": "whoami", "outcome": "allowed", "principal": "user:c1-dev.f3e9b401-e17b-442b-a7c3-00de007e97b9", "reason": "", "target": ""}
{"correlation_id": "f229b006-a413-4a9b-95bc-dc4779dcde96", "operation": "whoami", "outcome": "allowed", "principal": "user:c1-dev.37324743-8d1d-4e8f-a42a-8d9f0cb5753c", "reason": "", "target": ""}
{"correlation_id": "d17dbef3-cfde-42c1-9aaa-7195a5c6ffeb", "operation": "scope_create", "outcome": "applied", "principal": "user:c1-dev.52ee7bde-2918-4348-97e9-33ed361e2c99", "reason": "confirmed", "target": "sw-shared"}
{"correlation_id": "b1f9ae2b-7b9c-40e4-a513-75a6e73e0d55", "operation": "scope_create", "outcome": "allowed", "principal": "user:c1-dev.52ee7bde-2918-4348-97e9-33ed361e2c99", "reason": "", "target": "sw-shared"}
{"correlation_id": "2cf5297a-6a2d-4d1e-8de6-0824faac570d", "operation": "membership", "outcome": "applied", "principal": "user:c1-dev.52ee7bde-2918-4348-97e9-33ed361e2c99", "reason": "confirmed", "target": "sw-shared"}
{"correlation_id": "5d572e2c-555d-4183-824e-94fdb88ca962", "operation": "scope_member_grant", "outcome": "allowed", "principal": "user:c1-dev.52ee7bde-2918-4348-97e9-33ed361e2c99", "reason": "", "target": "sw-shared"}
{"correlation_id": "823bf30c-9a96-4f61-94b2-8b4dd659a584", "operation": "membership", "outcome": "applied", "principal": "user:c1-dev.52ee7bde-2918-4348-97e9-33ed361e2c99", "reason": "confirmed", "target": "sw-shared"}
{"correlation_id": "928aeda0-6557-43da-86c9-335a8eacc521", "operation": "scope_member_grant", "outcome": "allowed", "principal": "user:c1-dev.52ee7bde-2918-4348-97e9-33ed361e2c99", "reason": "", "target": "sw-shared"}
{"correlation_id": "36763293-8d78-4957-b6e3-3c32c91e1077", "operation": "membership", "outcome": "applied", "principal": "user:c1-dev.52ee7bde-2918-4348-97e9-33ed361e2c99", "reason": "confirmed", "target": "sw-shared"}
{"correlation_id": "ee878109-cf22-40c5-b3e6-a6350b97dd33", "operation": "scope_member_grant", "outcome": "allowed", "principal": "user:c1-dev.52ee7bde-2918-4348-97e9-33ed361e2c99", "reason": "", "target": "sw-shared"}
{"correlation_id": "936ddf5a-b857-44b8-b139-fe62ddfefd98", "operation": "membership", "outcome": "applied", "principal": "user:c1-dev.52ee7bde-2918-4348-97e9-33ed361e2c99", "reason": "confirmed", "target": "sw-shared"}
{"correlation_id": "a548b698-a11d-4325-bf4c-9f20580b8af0", "operation": "scope_member_grant", "outcome": "allowed", "principal": "user:c1-dev.52ee7bde-2918-4348-97e9-33ed361e2c99", "reason": "", "target": "sw-shared"}
{"correlation_id": "3660668c-6d9a-4fcf-a282-8d31534587db", "operation": "membership", "outcome": "applied", "principal": "user:c1-dev.52ee7bde-2918-4348-97e9-33ed361e2c99", "reason": "confirmed", "target": "sw-shared"}
{"correlation_id": "4afcfbdb-1328-48a3-ba5c-189b456c94cc", "operation": "scope_member_grant", "outcome": "allowed", "principal": "user:c1-dev.52ee7bde-2918-4348-97e9-33ed361e2c99", "reason": "", "target": "sw-shared"}
{"correlation_id": "b143dcb0-a417-4b09-ba87-dc3b28ac1723", "operation": "membership", "outcome": "applied", "principal": "user:c1-dev.52ee7bde-2918-4348-97e9-33ed361e2c99", "reason": "confirmed", "target": "sw-shared"}
{"correlation_id": "363654d8-447b-43d3-add6-95a98d581a92", "operation": "scope_member_grant", "outcome": "allowed", "principal": "user:c1-dev.52ee7bde-2918-4348-97e9-33ed361e2c99", "reason": "", "target": "sw-shared"}
{"correlation_id": "3ef2ef18-99c4-4c9e-9f77-a82df5ebbe71", "operation": "membership", "outcome": "applied", "principal": "user:c1-dev.52ee7bde-2918-4348-97e9-33ed361e2c99", "reason": "confirmed", "target": "sw-shared"}
{"correlation_id": "3ae1d39a-c38f-42b0-a4b1-c99c03b35976", "operation": "scope_member_grant", "outcome": "allowed", "principal": "user:c1-dev.52ee7bde-2918-4348-97e9-33ed361e2c99", "reason": "", "target": "sw-shared"}
{"correlation_id": "4a5b6cf0-ad44-4e3f-8fd0-5b61e5a6185f", "operation": "membership", "outcome": "applied", "principal": "user:c1-dev.52ee7bde-2918-4348-97e9-33ed361e2c99", "reason": "confirmed", "target": "sw-shared"}
{"correlation_id": "5df3c93b-4a10-486a-a54e-210a732d5331", "operation": "scope_member_grant", "outcome": "allowed", "principal": "user:c1-dev.52ee7bde-2918-4348-97e9-33ed361e2c99", "reason": "", "target": "sw-shared"}
{"correlation_id": "c4e70d77-7540-4f1e-ba4b-9154415213b6", "operation": "membership", "outcome": "applied", "principal": "user:c1-dev.52ee7bde-2918-4348-97e9-33ed361e2c99", "reason": "confirmed", "target": "sw-shared"}
{"correlation_id": "6329f578-e198-44d5-bc17-4868999a321e", "operation": "scope_member_grant", "outcome": "allowed", "principal": "user:c1-dev.52ee7bde-2918-4348-97e9-33ed361e2c99", "reason": "", "target": "sw-shared"}
{"correlation_id": "65ed8f70-e7f4-4791-a545-f689a8f3c726", "operation": "membership", "outcome": "applied", "principal": "user:c1-dev.52ee7bde-2918-4348-97e9-33ed361e2c99", "reason": "confirmed", "target": "sw-shared"}
{"correlation_id": "5f874f0b-db1e-4e99-a2e4-1800d8a54e9f", "operation": "scope_member_grant", "outcome": "allowed", "principal": "user:c1-dev.52ee7bde-2918-4348-97e9-33ed361e2c99", "reason": "", "target": "sw-shared"}
{"correlation_id": "da078894-726a-4e94-a621-1fa89d0d306d", "operation": "membership", "outcome": "applied", "principal": "user:c1-dev.52ee7bde-2918-4348-97e9-33ed361e2c99", "reason": "confirmed", "target": "sw-shared"}
{"correlation_id": "7ef1a069-129f-499a-a0e2-7e8dc7303c20", "operation": "scope_member_grant", "outcome": "allowed", "principal": "user:c1-dev.52ee7bde-2918-4348-97e9-33ed361e2c99", "reason": "", "target": "sw-shared"}
{"correlation_id": "cb8187ed-3bb8-4963-81b6-b8492fdc36a2", "operation": "membership", "outcome": "applied", "principal": "user:c1-dev.52ee7bde-2918-4348-97e9-33ed361e2c99", "reason": "confirmed", "target": "sw-shared"}
{"correlation_id": "45e4d5fb-f104-4267-b297-17d281d96aba", "operation": "scope_member_grant", "outcome": "allowed", "principal": "user:c1-dev.52ee7bde-2918-4348-97e9-33ed361e2c99", "reason": "", "target": "sw-shared"}
{"correlation_id": "dcf21a49-058c-45d1-a772-15ea6a535aca", "operation": "membership", "outcome": "applied", "principal": "user:c1-dev.52ee7bde-2918-4348-97e9-33ed361e2c99", "reason": "confirmed", "target": "sw-shared"}
{"correlation_id": "a5ca01aa-7e65-4900-8a87-233df076b0e0", "operation": "scope_member_grant", "outcome": "allowed", "principal": "user:c1-dev.52ee7bde-2918-4348-97e9-33ed361e2c99", "reason": "", "target": "sw-shared"}
{"correlation_id": "06881a4f-37e0-4db0-bf03-135329806270", "operation": "membership", "outcome": "applied", "principal": "user:c1-dev.52ee7bde-2918-4348-97e9-33ed361e2c99", "reason": "confirmed", "target": "sw-shared"}
{"correlation_id": "7a34bcb0-830a-4c31-9d0a-d51a52280715", "operation": "scope_member_grant", "outcome": "allowed", "principal": "user:c1-dev.52ee7bde-2918-4348-97e9-33ed361e2c99", "reason": "", "target": "sw-shared"}
{"correlation_id": "f2eebdde-d42c-4af6-bf53-d176e30477a0", "operation": "scope_create", "outcome": "applied", "principal": "user:c1-dev.52ee7bde-2918-4348-97e9-33ed361e2c99", "reason": "confirmed", "target": "sw-ledger"}
{"correlation_id": "6c1d79e6-7c07-414b-8371-4ad3e2f60c7d", "operation": "scope_create", "outcome": "allowed", "principal": "user:c1-dev.52ee7bde-2918-4348-97e9-33ed361e2c99", "reason": "", "target": "sw-ledger"}
{"correlation_id": "a453c81c-2560-446e-9999-6c9250c057f6", "operation": "membership", "outcome": "applied", "principal": "user:c1-dev.52ee7bde-2918-4348-97e9-33ed361e2c99", "reason": "confirmed", "target": "sw-ledger"}
{"correlation_id": "ad307c65-585f-4a18-b777-9373084ef57b", "operation": "scope_member_grant", "outcome": "allowed", "principal": "user:c1-dev.52ee7bde-2918-4348-97e9-33ed361e2c99", "reason": "", "target": "sw-ledger"}
{"correlation_id": "f8450505-0137-4e20-beac-b21fe9140b7c", "operation": "membership", "outcome": "applied", "principal": "user:c1-dev.52ee7bde-2918-4348-97e9-33ed361e2c99", "reason": "confirmed", "target": "sw-ledger"}
{"correlation_id": "172215f5-daf1-477b-aeb2-079a5dc1a7b9", "operation": "scope_member_grant", "outcome": "allowed", "principal": "user:c1-dev.52ee7bde-2918-4348-97e9-33ed361e2c99", "reason": "", "target": "sw-ledger"}
{"correlation_id": "62fc552a-125f-41ef-9c44-022dbc2551ce", "operation": "membership", "outcome": "applied", "principal": "user:c1-dev.52ee7bde-2918-4348-97e9-33ed361e2c99", "reason": "confirmed", "target": "sw-ledger"}
{"correlation_id": "cf3a0a6e-ec97-4095-abb5-bcc9b7b15737", "operation": "scope_member_grant", "outcome": "allowed", "principal": "user:c1-dev.52ee7bde-2918-4348-97e9-33ed361e2c99", "reason": "", "target": "sw-ledger"}
{"correlation_id": "9d2f4570-9aac-4856-ab40-e5207c00f661", "operation": "membership", "outcome": "applied", "principal": "user:c1-dev.52ee7bde-2918-4348-97e9-33ed361e2c99", "reason": "confirmed", "target": "sw-ledger"}
{"correlation_id": "d66975f3-cc1d-427e-9c73-379269564bd6", "operation": "scope_member_grant", "outcome": "allowed", "principal": "user:c1-dev.52ee7bde-2918-4348-97e9-33ed361e2c99", "reason": "", "target": "sw-ledger"}
{"correlation_id": "5e020920-d1ff-4498-83a8-73554475217f", "operation": "membership", "outcome": "applied", "principal": "user:c1-dev.52ee7bde-2918-4348-97e9-33ed361e2c99", "reason": "confirmed", "target": "sw-ledger"}
{"correlation_id": "fec4dc58-509d-42ba-ab66-fb7d2851558d", "operation": "scope_member_grant", "outcome": "allowed", "principal": "user:c1-dev.52ee7bde-2918-4348-97e9-33ed361e2c99", "reason": "", "target": "sw-ledger"}
{"correlation_id": "4ecf8401-152d-45c8-aeb5-70eb21a67f1f", "operation": "membership", "outcome": "applied", "principal": "user:c1-dev.52ee7bde-2918-4348-97e9-33ed361e2c99", "reason": "confirmed", "target": "sw-ledger"}
{"correlation_id": "a5e2a99c-fc78-49cf-9ce6-bcab81f3f63a", "operation": "scope_member_grant", "outcome": "allowed", "principal": "user:c1-dev.52ee7bde-2918-4348-97e9-33ed361e2c99", "reason": "", "target": "sw-ledger"}
{"correlation_id": "88497e29-02eb-4fed-959d-d947cb30940b", "operation": "membership", "outcome": "applied", "principal": "user:c1-dev.52ee7bde-2918-4348-97e9-33ed361e2c99", "reason": "confirmed", "target": "sw-ledger"}
{"correlation_id": "08a8295e-978d-4d67-b511-57c86d98483c", "operation": "scope_member_grant", "outcome": "allowed", "principal": "user:c1-dev.52ee7bde-2918-4348-97e9-33ed361e2c99", "reason": "", "target": "sw-ledger"}
{"correlation_id": "5394dd54-a632-4cb1-8d04-e76e9327e4dd", "operation": "membership", "outcome": "applied", "principal": "user:c1-dev.52ee7bde-2918-4348-97e9-33ed361e2c99", "reason": "confirmed", "target": "sw-ledger"}
{"correlation_id": "81abd6c8-1bec-4640-9da8-613c97367570", "operation": "scope_member_grant", "outcome": "allowed", "principal": "user:c1-dev.52ee7bde-2918-4348-97e9-33ed361e2c99", "reason": "", "target": "sw-ledger"}
{"correlation_id": "6c3b7b75-b916-40da-8e62-59d7d4f449da", "operation": "membership", "outcome": "applied", "principal": "user:c1-dev.52ee7bde-2918-4348-97e9-33ed361e2c99", "reason": "confirmed", "target": "sw-ledger"}
{"correlation_id": "9e085648-6e2d-4486-b301-f34db6277282", "operation": "scope_member_grant", "outcome": "allowed", "principal": "user:c1-dev.52ee7bde-2918-4348-97e9-33ed361e2c99", "reason": "", "target": "sw-ledger"}
{"correlation_id": "c46bba2a-76be-496d-be05-007c826a6817", "operation": "membership", "outcome": "applied", "principal": "user:c1-dev.52ee7bde-2918-4348-97e9-33ed361e2c99", "reason": "confirmed", "target": "sw-ledger"}
{"correlation_id": "0dccb80c-1b2d-4b2f-823e-b57ea27f33fa", "operation": "scope_member_grant", "outcome": "allowed", "principal": "user:c1-dev.52ee7bde-2918-4348-97e9-33ed361e2c99", "reason": "", "target": "sw-ledger"}
{"correlation_id": "a72f1a97-2ac9-4062-8816-62bbd5f3c329", "operation": "membership", "outcome": "applied", "principal": "user:c1-dev.52ee7bde-2918-4348-97e9-33ed361e2c99", "reason": "confirmed", "target": "sw-ledger"}
{"correlation_id": "9eb11851-33e0-4e99-95cf-dcb65fe73aa3", "operation": "scope_member_grant", "outcome": "allowed", "principal": "user:c1-dev.52ee7bde-2918-4348-97e9-33ed361e2c99", "reason": "", "target": "sw-ledger"}
{"correlation_id": "05b8dc88-a849-4786-9613-c363b0e0bf18", "operation": "membership", "outcome": "applied", "principal": "user:c1-dev.52ee7bde-2918-4348-97e9-33ed361e2c99", "reason": "confirmed", "target": "sw-ledger"}
{"correlation_id": "1619bade-5b6a-4351-be3e-507d9e42f6ec", "operation": "scope_member_grant", "outcome": "allowed", "principal": "user:c1-dev.52ee7bde-2918-4348-97e9-33ed361e2c99", "reason": "", "target": "sw-ledger"}
{"correlation_id": "97e93c31-1aea-4b73-9540-a0e875e74e77", "operation": "membership", "outcome": "applied", "principal": "user:c1-dev.52ee7bde-2918-4348-97e9-33ed361e2c99", "reason": "confirmed", "target": "sw-ledger"}
{"correlation_id": "fadf3f06-549f-49c4-839a-80cebf18c28b", "operation": "scope_member_grant", "outcome": "allowed", "principal": "user:c1-dev.52ee7bde-2918-4348-97e9-33ed361e2c99", "reason": "", "target": "sw-ledger"}
{"correlation_id": "e9fdfb69-32ab-4e06-ae9f-e6166d66cdb0", "operation": "scope_create", "outcome": "applied", "principal": "user:c1-dev.52ee7bde-2918-4348-97e9-33ed361e2c99", "reason": "confirmed", "target": "sw-shop"}
{"correlation_id": "0dd1b1e9-72e6-44c3-9019-82ca87fde30d", "operation": "scope_create", "outcome": "allowed", "principal": "user:c1-dev.52ee7bde-2918-4348-97e9-33ed361e2c99", "reason": "", "target": "sw-shop"}
{"correlation_id": "f7fa8f19-8056-454b-97ad-68bd9cf85487", "operation": "membership", "outcome": "applied", "principal": "user:c1-dev.52ee7bde-2918-4348-97e9-33ed361e2c99", "reason": "confirmed", "target": "sw-shop"}
{"correlation_id": "0776fdef-00c9-45a4-bb36-4ad5c19683c8", "operation": "scope_member_grant", "outcome": "allowed", "principal": "user:c1-dev.52ee7bde-2918-4348-97e9-33ed361e2c99", "reason": "", "target": "sw-shop"}
{"correlation_id": "27d00691-b9c7-453f-b065-6ee6089d428d", "operation": "membership", "outcome": "applied", "principal": "user:c1-dev.52ee7bde-2918-4348-97e9-33ed361e2c99", "reason": "confirmed", "target": "sw-shop"}
{"correlation_id": "7380ccf4-263b-40c7-9a90-4d0fb86293e6", "operation": "scope_member_grant", "outcome": "allowed", "principal": "user:c1-dev.52ee7bde-2918-4348-97e9-33ed361e2c99", "reason": "", "target": "sw-shop"}
{"correlation_id": "948c62dd-baed-46b0-9f06-121a9af470f7", "operation": "membership", "outcome": "applied", "principal": "user:c1-dev.52ee7bde-2918-4348-97e9-33ed361e2c99", "reason": "confirmed", "target": "sw-shop"}
{"correlation_id": "3f5b0768-ac71-4516-bd30-3243bff15158", "operation": "scope_member_grant", "outcome": "allowed", "principal": "user:c1-dev.52ee7bde-2918-4348-97e9-33ed361e2c99", "reason": "", "target": "sw-shop"}
{"correlation_id": "784d595a-f160-4307-be08-6c0c74302163", "operation": "membership", "outcome": "applied", "principal": "user:c1-dev.52ee7bde-2918-4348-97e9-33ed361e2c99", "reason": "confirmed", "target": "sw-shop"}
{"correlation_id": "c34f2b5a-b8f2-4178-8084-c49cf2e7e775", "operation": "scope_member_grant", "outcome": "allowed", "principal": "user:c1-dev.52ee7bde-2918-4348-97e9-33ed361e2c99", "reason": "", "target": "sw-shop"}
{"correlation_id": "13dc797d-39a8-42c5-af3f-f014ab5ac51f", "operation": "membership", "outcome": "applied", "principal": "user:c1-dev.52ee7bde-2918-4348-97e9-33ed361e2c99", "reason": "confirmed", "target": "sw-shop"}
{"correlation_id": "387e498c-5033-40be-93ba-214105268bed", "operation": "scope_member_grant", "outcome": "allowed", "principal": "user:c1-dev.52ee7bde-2918-4348-97e9-33ed361e2c99", "reason": "", "target": "sw-shop"}
{"correlation_id": "bdd3fc0a-2e2d-40b3-bfea-295ffeff7a9e", "operation": "membership", "outcome": "applied", "principal": "user:c1-dev.52ee7bde-2918-4348-97e9-33ed361e2c99", "reason": "confirmed", "target": "sw-shop"}
{"correlation_id": "b8bf7975-2ce6-44c1-a98f-d0eacfdd0829", "operation": "scope_member_grant", "outcome": "allowed", "principal": "user:c1-dev.52ee7bde-2918-4348-97e9-33ed361e2c99", "reason": "", "target": "sw-shop"}
{"correlation_id": "cada6dc5-3ba2-4b55-8c5c-7d6cf24c2a42", "operation": "membership", "outcome": "applied", "principal": "user:c1-dev.52ee7bde-2918-4348-97e9-33ed361e2c99", "reason": "confirmed", "target": "sw-shop"}
{"correlation_id": "6e76013d-1193-4aa5-88d4-743a6aee2288", "operation": "scope_member_grant", "outcome": "allowed", "principal": "user:c1-dev.52ee7bde-2918-4348-97e9-33ed361e2c99", "reason": "", "target": "sw-shop"}
{"correlation_id": "c0aac606-b080-4c0b-9bd7-7c654c5ebeae", "operation": "membership", "outcome": "applied", "principal": "user:c1-dev.52ee7bde-2918-4348-97e9-33ed361e2c99", "reason": "confirmed", "target": "sw-shop"}
{"correlation_id": "3af45c82-3569-40ba-b729-b5b4aa9facee", "operation": "scope_member_grant", "outcome": "allowed", "principal": "user:c1-dev.52ee7bde-2918-4348-97e9-33ed361e2c99", "reason": "", "target": "sw-shop"}
{"correlation_id": "844f5549-6156-4438-abab-2f7704d9ef0f", "operation": "membership", "outcome": "applied", "principal": "user:c1-dev.52ee7bde-2918-4348-97e9-33ed361e2c99", "reason": "confirmed", "target": "sw-shop"}
{"correlation_id": "e21a6a40-8e78-4421-add1-69703b7b78a0", "operation": "scope_member_grant", "outcome": "allowed", "principal": "user:c1-dev.52ee7bde-2918-4348-97e9-33ed361e2c99", "reason": "", "target": "sw-shop"}
{"correlation_id": "c64dd033-5d5b-4206-9991-f9ef32680124", "operation": "membership", "outcome": "applied", "principal": "user:c1-dev.52ee7bde-2918-4348-97e9-33ed361e2c99", "reason": "confirmed", "target": "sw-shop"}
{"correlation_id": "01a88ca7-c79a-4119-a1b3-fba84a9a3f84", "operation": "scope_member_grant", "outcome": "allowed", "principal": "user:c1-dev.52ee7bde-2918-4348-97e9-33ed361e2c99", "reason": "", "target": "sw-shop"}
{"correlation_id": "049d21b2-5864-425a-b94a-36c529de8d37", "operation": "membership", "outcome": "applied", "principal": "user:c1-dev.52ee7bde-2918-4348-97e9-33ed361e2c99", "reason": "confirmed", "target": "sw-shop"}
{"correlation_id": "00d03195-e6f6-489b-bcb3-3691634ebe29", "operation": "scope_member_grant", "outcome": "allowed", "principal": "user:c1-dev.52ee7bde-2918-4348-97e9-33ed361e2c99", "reason": "", "target": "sw-shop"}
{"correlation_id": "30351fb2-ed80-4a81-bf41-a67d8d73dc68", "operation": "membership", "outcome": "applied", "principal": "user:c1-dev.52ee7bde-2918-4348-97e9-33ed361e2c99", "reason": "confirmed", "target": "sw-shop"}
{"correlation_id": "298092f0-dc5f-44c3-b943-f8edd27320ba", "operation": "scope_member_grant", "outcome": "allowed", "principal": "user:c1-dev.52ee7bde-2918-4348-97e9-33ed361e2c99", "reason": "", "target": "sw-shop"}
{"correlation_id": "1c4dc625-ec99-412b-88da-c3e9b3f3cf68", "operation": "membership", "outcome": "applied", "principal": "user:c1-dev.52ee7bde-2918-4348-97e9-33ed361e2c99", "reason": "confirmed", "target": "sw-shop"}
{"correlation_id": "7221356c-c450-440e-9f74-4554b90feb98", "operation": "scope_member_grant", "outcome": "allowed", "principal": "user:c1-dev.52ee7bde-2918-4348-97e9-33ed361e2c99", "reason": "", "target": "sw-shop"}
{"correlation_id": "3a1e72a9-61ef-411d-938f-c24cecb8195a", "operation": "scope_create", "outcome": "applied", "principal": "user:c1-dev.52ee7bde-2918-4348-97e9-33ed361e2c99", "reason": "confirmed", "target": "sw-restricted"}
{"correlation_id": "79437f11-0b83-4fe9-a5f6-9c6c6425dd20", "operation": "scope_create", "outcome": "allowed", "principal": "user:c1-dev.52ee7bde-2918-4348-97e9-33ed361e2c99", "reason": "", "target": "sw-restricted"}
{"correlation_id": "c6d1fec6-762b-4f12-9c69-d074ea9dbffa", "operation": "membership", "outcome": "applied", "principal": "user:c1-dev.52ee7bde-2918-4348-97e9-33ed361e2c99", "reason": "confirmed", "target": "sw-restricted"}
{"correlation_id": "5c74830d-c19a-44b8-9e83-ffedcbc9a7d8", "operation": "scope_member_grant", "outcome": "allowed", "principal": "user:c1-dev.52ee7bde-2918-4348-97e9-33ed361e2c99", "reason": "", "target": "sw-restricted"}
{"correlation_id": "a84b8580-bc8c-4c61-beda-1e4f6745dded", "operation": "membership", "outcome": "applied", "principal": "user:c1-dev.52ee7bde-2918-4348-97e9-33ed361e2c99", "reason": "confirmed", "target": "sw-restricted"}
{"correlation_id": "610b61f6-a975-4ac1-9528-c0fbcae4b2f6", "operation": "scope_member_grant", "outcome": "allowed", "principal": "user:c1-dev.52ee7bde-2918-4348-97e9-33ed361e2c99", "reason": "", "target": "sw-restricted"}
{"correlation_id": "017a8f9b-ec87-4ec0-9360-f0c6b0566c19", "operation": "membership", "outcome": "applied", "principal": "user:c1-dev.52ee7bde-2918-4348-97e9-33ed361e2c99", "reason": "confirmed", "target": "sw-restricted"}
{"correlation_id": "caced6dc-3c5f-4558-ab76-3e15decb1219", "operation": "scope_member_grant", "outcome": "allowed", "principal": "user:c1-dev.52ee7bde-2918-4348-97e9-33ed361e2c99", "reason": "", "target": "sw-restricted"}
{"correlation_id": "8ebf266f-5f03-4193-a344-5bb2aa5a5883", "operation": "membership", "outcome": "applied", "principal": "user:c1-dev.52ee7bde-2918-4348-97e9-33ed361e2c99", "reason": "confirmed", "target": "sw-restricted"}
{"correlation_id": "8811b9d5-5f5f-481a-b174-be53e0d45331", "operation": "scope_member_grant", "outcome": "allowed", "principal": "user:c1-dev.52ee7bde-2918-4348-97e9-33ed361e2c99", "reason": "", "target": "sw-restricted"}
{"correlation_id": "13cf0857-f380-46c4-8ae8-cda454a8fc5d", "operation": "membership", "outcome": "applied", "principal": "user:c1-dev.52ee7bde-2918-4348-97e9-33ed361e2c99", "reason": "confirmed", "target": "sw-restricted"}
{"correlation_id": "c5195c3f-3fc6-4aa2-95ce-5acd53508930", "operation": "scope_member_grant", "outcome": "allowed", "principal": "user:c1-dev.52ee7bde-2918-4348-97e9-33ed361e2c99", "reason": "", "target": "sw-restricted"}
{"correlation_id": "c314be29-42c9-496e-8dce-3be3d9da6af9", "operation": "membership", "outcome": "applied", "principal": "user:c1-dev.52ee7bde-2918-4348-97e9-33ed361e2c99", "reason": "confirmed", "target": "sw-restricted"}
{"correlation_id": "d4fa644e-5a5e-4b4a-b0eb-53a5d02c9144", "operation": "scope_member_grant", "outcome": "allowed", "principal": "user:c1-dev.52ee7bde-2918-4348-97e9-33ed361e2c99", "reason": "", "target": "sw-restricted"}
{"correlation_id": "1ac022ed-e20c-4ea6-90d6-1c61738373e5", "operation": "membership", "outcome": "applied", "principal": "user:c1-dev.52ee7bde-2918-4348-97e9-33ed361e2c99", "reason": "confirmed", "target": "sw-restricted"}
{"correlation_id": "52b95467-beb4-40a9-bea9-2c809ecd820d", "operation": "scope_member_grant", "outcome": "allowed", "principal": "user:c1-dev.52ee7bde-2918-4348-97e9-33ed361e2c99", "reason": "", "target": "sw-restricted"}
{"correlation_id": "f509b955-44e5-41f8-84b7-0ff934bc61ae", "operation": "membership", "outcome": "applied", "principal": "user:c1-dev.52ee7bde-2918-4348-97e9-33ed361e2c99", "reason": "confirmed", "target": "sw-restricted"}
{"correlation_id": "c6b254cd-e229-4d87-998e-e5d08a32aa01", "operation": "scope_member_grant", "outcome": "allowed", "principal": "user:c1-dev.52ee7bde-2918-4348-97e9-33ed361e2c99", "reason": "", "target": "sw-restricted"}
{"correlation_id": "87d0f39a-9287-406c-a4ae-1e4e2e54148f", "operation": "membership", "outcome": "applied", "principal": "user:c1-dev.52ee7bde-2918-4348-97e9-33ed361e2c99", "reason": "confirmed", "target": "sw-restricted"}
{"correlation_id": "7ab3239c-7e31-4312-bd9a-12f4b9dbe2f2", "operation": "scope_member_grant", "outcome": "allowed", "principal": "user:c1-dev.52ee7bde-2918-4348-97e9-33ed361e2c99", "reason": "", "target": "sw-restricted"}
{"correlation_id": "70e3b3d5-0dda-4d9b-9190-f3ad6a01441e", "operation": "membership", "outcome": "applied", "principal": "user:c1-dev.52ee7bde-2918-4348-97e9-33ed361e2c99", "reason": "confirmed", "target": "sw-restricted"}
{"correlation_id": "e72d50d5-4f7f-405e-9e66-8b6b9c72ee07", "operation": "scope_member_grant", "outcome": "allowed", "principal": "user:c1-dev.52ee7bde-2918-4348-97e9-33ed361e2c99", "reason": "", "target": "sw-restricted"}
{"correlation_id": "1e4c7d45-7f96-4489-a0c8-fbaacd40a78e", "operation": "membership", "outcome": "applied", "principal": "user:c1-dev.52ee7bde-2918-4348-97e9-33ed361e2c99", "reason": "confirmed", "target": "sw-restricted"}
{"correlation_id": "67ef5782-0cdc-4f53-b6f9-69887fcab751", "operation": "scope_member_grant", "outcome": "allowed", "principal": "user:c1-dev.52ee7bde-2918-4348-97e9-33ed361e2c99", "reason": "", "target": "sw-restricted"}
{"correlation_id": "9fa2d1e2-6255-44ae-88ba-90537850b913", "operation": "scope_create", "outcome": "applied", "principal": "user:c1-dev.52ee7bde-2918-4348-97e9-33ed361e2c99", "reason": "confirmed", "target": "drafts-bob"}
{"correlation_id": "96134328-6a27-48bb-83ad-157503e92118", "operation": "scope_create", "outcome": "allowed", "principal": "user:c1-dev.52ee7bde-2918-4348-97e9-33ed361e2c99", "reason": "", "target": "drafts-bob"}
{"correlation_id": "d4157173-1350-45ce-a728-d175f7d69778", "operation": "membership", "outcome": "applied", "principal": "user:c1-dev.52ee7bde-2918-4348-97e9-33ed361e2c99", "reason": "confirmed", "target": "drafts-bob"}
{"correlation_id": "93df9b97-527a-4115-a22b-aa53b2688914", "operation": "scope_member_grant", "outcome": "allowed", "principal": "user:c1-dev.52ee7bde-2918-4348-97e9-33ed361e2c99", "reason": "", "target": "drafts-bob"}
{"correlation_id": "25c8a3ba-0d3d-42a8-8e99-b41c6c5eb130", "operation": "membership", "outcome": "applied", "principal": "user:c1-dev.52ee7bde-2918-4348-97e9-33ed361e2c99", "reason": "confirmed", "target": "drafts-bob"}
{"correlation_id": "d439db5a-7c62-4126-86c6-a110a14bc5f6", "operation": "scope_member_grant", "outcome": "allowed", "principal": "user:c1-dev.52ee7bde-2918-4348-97e9-33ed361e2c99", "reason": "", "target": "drafts-bob"}
{"correlation_id": "16bdcc3b-2b3d-47a6-8a34-4708bb58d881", "operation": "membership", "outcome": "applied", "principal": "user:c1-dev.52ee7bde-2918-4348-97e9-33ed361e2c99", "reason": "confirmed", "target": "drafts-bob"}
{"correlation_id": "cb107e52-c35e-4911-8193-6804f70ca02e", "operation": "scope_member_grant", "outcome": "allowed", "principal": "user:c1-dev.52ee7bde-2918-4348-97e9-33ed361e2c99", "reason": "", "target": "drafts-bob"}
{"correlation_id": "30cab0ec-c611-497a-8d4e-cac05146e6c7", "operation": "membership", "outcome": "applied", "principal": "user:c1-dev.52ee7bde-2918-4348-97e9-33ed361e2c99", "reason": "confirmed", "target": "drafts-bob"}
{"correlation_id": "5b644acb-50da-4e97-896c-e47f19d4dc90", "operation": "scope_member_grant", "outcome": "allowed", "principal": "user:c1-dev.52ee7bde-2918-4348-97e9-33ed361e2c99", "reason": "", "target": "drafts-bob"}
{"correlation_id": "6c59b76b-945a-423c-9531-deab44b0e7be", "operation": "membership", "outcome": "applied", "principal": "user:c1-dev.52ee7bde-2918-4348-97e9-33ed361e2c99", "reason": "confirmed", "target": "drafts-bob"}
{"correlation_id": "bbd5531e-df50-4d2f-b499-a0fa2d3f2bb1", "operation": "scope_member_grant", "outcome": "allowed", "principal": "user:c1-dev.52ee7bde-2918-4348-97e9-33ed361e2c99", "reason": "", "target": "drafts-bob"}
{"correlation_id": "c6cc95f7-0319-4187-98d5-ab53404ca38a", "operation": "membership", "outcome": "applied", "principal": "user:c1-dev.52ee7bde-2918-4348-97e9-33ed361e2c99", "reason": "confirmed", "target": "drafts-bob"}
{"correlation_id": "9a36570f-61c2-4508-ac3e-4ca86c94051d", "operation": "scope_member_grant", "outcome": "allowed", "principal": "user:c1-dev.52ee7bde-2918-4348-97e9-33ed361e2c99", "reason": "", "target": "drafts-bob"}
{"correlation_id": "1a363456-9728-4463-bc01-395bbb9ddd94", "operation": "membership", "outcome": "applied", "principal": "user:c1-dev.52ee7bde-2918-4348-97e9-33ed361e2c99", "reason": "confirmed", "target": "drafts-bob"}
{"correlation_id": "a95b5ca1-0380-4a04-9823-86b3156d6772", "operation": "scope_member_grant", "outcome": "allowed", "principal": "user:c1-dev.52ee7bde-2918-4348-97e9-33ed361e2c99", "reason": "", "target": "drafts-bob"}
{"correlation_id": "15e3255a-f866-4faa-8c92-8b7bad793877", "operation": "membership", "outcome": "applied", "principal": "user:c1-dev.52ee7bde-2918-4348-97e9-33ed361e2c99", "reason": "confirmed", "target": "drafts-bob"}
{"correlation_id": "0ac50418-0834-48d8-8083-d423d8f6b594", "operation": "scope_member_grant", "outcome": "allowed", "principal": "user:c1-dev.52ee7bde-2918-4348-97e9-33ed361e2c99", "reason": "", "target": "drafts-bob"}
{"correlation_id": "bec3df49-a164-4b54-b474-a81ed26dcd1b", "operation": "scope_create", "outcome": "applied", "principal": "user:c1-dev.1a937a7f-9f67-4643-beb3-fbb06c1284f3", "reason": "confirmed", "target": "sw-docs"}
{"correlation_id": "e7b26fee-8ffc-4d7b-92eb-d8fd0b664a76", "operation": "scope_create", "outcome": "allowed", "principal": "user:c1-dev.1a937a7f-9f67-4643-beb3-fbb06c1284f3", "reason": "", "target": "sw-docs"}
{"correlation_id": "01c46974-36ae-428d-b8c5-c27a3a2844ed", "operation": "membership", "outcome": "applied", "principal": "user:c1-dev.1a937a7f-9f67-4643-beb3-fbb06c1284f3", "reason": "confirmed", "target": "sw-docs"}
{"correlation_id": "8a670600-3f99-4256-84c2-4c2c98432f7a", "operation": "scope_member_grant", "outcome": "allowed", "principal": "user:c1-dev.1a937a7f-9f67-4643-beb3-fbb06c1284f3", "reason": "", "target": "sw-docs"}
{"correlation_id": "83ff4193-ed8c-4aa6-be4f-839458110c33", "operation": "membership", "outcome": "applied", "principal": "user:c1-dev.1a937a7f-9f67-4643-beb3-fbb06c1284f3", "reason": "confirmed", "target": "sw-docs"}
{"correlation_id": "6ee58aff-1c5b-42e0-be74-4ea576b97d77", "operation": "scope_member_grant", "outcome": "allowed", "principal": "user:c1-dev.1a937a7f-9f67-4643-beb3-fbb06c1284f3", "reason": "", "target": "sw-docs"}
{"correlation_id": "38c4e3e1-4669-4d13-a57e-b54790998744", "operation": "membership", "outcome": "applied", "principal": "user:c1-dev.1a937a7f-9f67-4643-beb3-fbb06c1284f3", "reason": "confirmed", "target": "sw-docs"}
{"correlation_id": "0ee06d49-377b-45ce-b3d5-7de623108c47", "operation": "scope_member_grant", "outcome": "allowed", "principal": "user:c1-dev.1a937a7f-9f67-4643-beb3-fbb06c1284f3", "reason": "", "target": "sw-docs"}
{"correlation_id": "1f75ca3e-6f51-41bb-868d-9d259b3fcae9", "operation": "membership", "outcome": "applied", "principal": "user:c1-dev.1a937a7f-9f67-4643-beb3-fbb06c1284f3", "reason": "confirmed", "target": "sw-docs"}
{"correlation_id": "2bfe374a-dd84-4129-af4d-f8d4452de565", "operation": "scope_member_grant", "outcome": "allowed", "principal": "user:c1-dev.1a937a7f-9f67-4643-beb3-fbb06c1284f3", "reason": "", "target": "sw-docs"}
{"correlation_id": "3d9a6183-097d-4f31-b430-f3b79ec57c6e", "operation": "membership", "outcome": "applied", "principal": "user:c1-dev.1a937a7f-9f67-4643-beb3-fbb06c1284f3", "reason": "confirmed", "target": "sw-docs"}
{"correlation_id": "c27bbea5-a7b7-41b0-bc1c-3da1330e1e1e", "operation": "scope_member_grant", "outcome": "allowed", "principal": "user:c1-dev.1a937a7f-9f67-4643-beb3-fbb06c1284f3", "reason": "", "target": "sw-docs"}
{"correlation_id": "81c96103-e7e6-46ee-9c53-fb143bd477c2", "operation": "membership", "outcome": "applied", "principal": "user:c1-dev.1a937a7f-9f67-4643-beb3-fbb06c1284f3", "reason": "confirmed", "target": "sw-docs"}
{"correlation_id": "235fe98f-a409-44b2-9579-32420fce36a2", "operation": "scope_member_grant", "outcome": "allowed", "principal": "user:c1-dev.1a937a7f-9f67-4643-beb3-fbb06c1284f3", "reason": "", "target": "sw-docs"}
{"correlation_id": "9945b497-9c51-411e-a116-29e4bc8ebe4a", "operation": "membership", "outcome": "applied", "principal": "user:c1-dev.1a937a7f-9f67-4643-beb3-fbb06c1284f3", "reason": "confirmed", "target": "sw-docs"}
{"correlation_id": "906be2e6-bb9f-45fa-8969-b92322eaccac", "operation": "scope_member_grant", "outcome": "allowed", "principal": "user:c1-dev.1a937a7f-9f67-4643-beb3-fbb06c1284f3", "reason": "", "target": "sw-docs"}
{"correlation_id": "a83db645-db1b-4434-8414-f55fb8d3f353", "operation": "scope_create", "outcome": "applied", "principal": "user:c1-dev.52ee7bde-2918-4348-97e9-33ed361e2c99", "reason": "confirmed", "target": "sw-publications"}
{"correlation_id": "a065109c-13c7-4f0e-beef-6e17f7f9f00f", "operation": "scope_create", "outcome": "allowed", "principal": "user:c1-dev.52ee7bde-2918-4348-97e9-33ed361e2c99", "reason": "", "target": "sw-publications"}
{"correlation_id": "f467f052-7253-44d7-95a1-2e9e64fcd951", "operation": "membership", "outcome": "applied", "principal": "user:c1-dev.52ee7bde-2918-4348-97e9-33ed361e2c99", "reason": "confirmed", "target": "sw-publications"}
{"correlation_id": "d267a91f-f3a8-46c6-9c89-c2845069b031", "operation": "scope_member_grant", "outcome": "allowed", "principal": "user:c1-dev.52ee7bde-2918-4348-97e9-33ed361e2c99", "reason": "", "target": "sw-publications"}
{"correlation_id": "14d1729e-aaf2-469f-9eca-5f8923b8b9d3", "operation": "membership", "outcome": "applied", "principal": "user:c1-dev.52ee7bde-2918-4348-97e9-33ed361e2c99", "reason": "confirmed", "target": "sw-publications"}
{"correlation_id": "03f7972a-e80f-42b8-bfac-754d5e9dda1e", "operation": "scope_member_grant", "outcome": "allowed", "principal": "user:c1-dev.52ee7bde-2918-4348-97e9-33ed361e2c99", "reason": "", "target": "sw-publications"}
{"correlation_id": "dcbf8b60-a6db-4b61-bab2-95362dc31869", "operation": "membership", "outcome": "applied", "principal": "user:c1-dev.52ee7bde-2918-4348-97e9-33ed361e2c99", "reason": "confirmed", "target": "sw-publications"}
{"correlation_id": "49b82a49-e44e-4e9c-84a0-7915472c94eb", "operation": "scope_member_grant", "outcome": "allowed", "principal": "user:c1-dev.52ee7bde-2918-4348-97e9-33ed361e2c99", "reason": "", "target": "sw-publications"}
{"correlation_id": "a412f2ce-ac24-4ee9-a3fb-efdce68dfe14", "operation": "membership", "outcome": "applied", "principal": "user:c1-dev.52ee7bde-2918-4348-97e9-33ed361e2c99", "reason": "confirmed", "target": "sw-publications"}
{"correlation_id": "d671e8a1-58af-4ef9-b440-9fbbe6a28ea8", "operation": "scope_member_grant", "outcome": "allowed", "principal": "user:c1-dev.52ee7bde-2918-4348-97e9-33ed361e2c99", "reason": "", "target": "sw-publications"}
{"correlation_id": "9fb0988b-c4fb-46a9-8974-bc662e46633e", "operation": "membership", "outcome": "applied", "principal": "user:c1-dev.52ee7bde-2918-4348-97e9-33ed361e2c99", "reason": "confirmed", "target": "sw-publications"}
{"correlation_id": "dabdfa05-37b1-4812-9d48-85d92883d629", "operation": "scope_member_grant", "outcome": "allowed", "principal": "user:c1-dev.52ee7bde-2918-4348-97e9-33ed361e2c99", "reason": "", "target": "sw-publications"}
{"correlation_id": "efa2b5ea-3f1a-4b8d-bcc0-3fb59e51f244", "operation": "membership", "outcome": "applied", "principal": "user:c1-dev.52ee7bde-2918-4348-97e9-33ed361e2c99", "reason": "confirmed", "target": "sw-publications"}
{"correlation_id": "c6507dff-7229-4d40-83b4-0cb219e1381f", "operation": "scope_member_grant", "outcome": "allowed", "principal": "user:c1-dev.52ee7bde-2918-4348-97e9-33ed361e2c99", "reason": "", "target": "sw-publications"}
{"correlation_id": "fc618caa-e1ff-4ec3-b8d0-6ed8cafdc020", "operation": "membership", "outcome": "applied", "principal": "user:c1-dev.52ee7bde-2918-4348-97e9-33ed361e2c99", "reason": "confirmed", "target": "sw-publications"}
{"correlation_id": "91d92793-e196-4200-a0e3-7715a34ab6ad", "operation": "scope_member_grant", "outcome": "allowed", "principal": "user:c1-dev.52ee7bde-2918-4348-97e9-33ed361e2c99", "reason": "", "target": "sw-publications"}
{"correlation_id": "6f0e42ba-0441-417b-aa46-4a6adf69613d", "operation": "membership", "outcome": "applied", "principal": "user:c1-dev.52ee7bde-2918-4348-97e9-33ed361e2c99", "reason": "confirmed", "target": "sw-publications"}
{"correlation_id": "b8ba629e-a0ad-457e-8d89-64ae6ca02319", "operation": "scope_member_grant", "outcome": "allowed", "principal": "user:c1-dev.52ee7bde-2918-4348-97e9-33ed361e2c99", "reason": "", "target": "sw-publications"}
{"correlation_id": "1dd92a4d-745b-4b40-9ed3-1d2c94b35920", "operation": "resource_read", "outcome": "denied", "principal": "user:c1-dev.710d299c-4393-4f32-b84c-e6c81c8382ad", "reason": "not_found", "target": ""}
{"correlation_id": "109a90e3-2c82-49d5-835f-de187bcbdb14", "operation": "instance_read", "outcome": "allowed", "principal": "user:c1-dev.710d299c-4393-4f32-b84c-e6c81c8382ad", "reason": "", "target": "m03_4d022eabc5414c14a49c1ffdd57ec885"}
{"correlation_id": "c31db158-eb87-4019-a94c-74d8a88ee4f8", "operation": "changeset_create", "outcome": "allowed", "principal": "user:c1-dev.710d299c-4393-4f32-b84c-e6c81c8382ad", "reason": "", "target": "urn:c1:instance:dev:changeset-ed0587377871489cacc3ade31b0cfeb3"}
{"correlation_id": "3513b164-1130-45b0-82eb-e36f766f31d3", "operation": "changeset_read", "outcome": "allowed", "principal": "user:c1-dev.710d299c-4393-4f32-b84c-e6c81c8382ad", "reason": "", "target": "urn:c1:instance:dev:changeset-ed0587377871489cacc3ade31b0cfeb3"}
{"correlation_id": "f0df1716-4035-4048-8989-05df36a5caf0", "operation": "changeset_submit", "outcome": "allowed", "principal": "user:c1-dev.710d299c-4393-4f32-b84c-e6c81c8382ad", "reason": "", "target": "urn:c1:instance:dev:changeset-ed0587377871489cacc3ade31b0cfeb3"}
{"correlation_id": "6657e7d9-4bb8-4ac4-af47-7717f88030e3", "operation": "changeset_approve", "outcome": "allowed", "principal": "user:c1-dev.2c8d560f-a67a-4801-8621-e597415decd4", "reason": "", "target": "urn:c1:instance:dev:changeset-ed0587377871489cacc3ade31b0cfeb3"}
{"correlation_id": "b13871d5-2ff4-4e82-aad2-f7f46f8a9021", "operation": "changeset_apply", "outcome": "allowed", "principal": "user:c1-dev.2c8d560f-a67a-4801-8621-e597415decd4", "reason": "", "target": "urn:c1:instance:dev:changeset-ed0587377871489cacc3ade31b0cfeb3"}
{"correlation_id": "830b82b2-247a-465a-974e-94775925fc87", "operation": "instance_read", "outcome": "allowed", "principal": "user:c1-dev.2c8d560f-a67a-4801-8621-e597415decd4", "reason": "", "target": "m03_4d022eabc5414c14a49c1ffdd57ec885"}
{"correlation_id": "90bc387e-4a48-4f13-9c2c-53a2ca8c8a84", "operation": "resource_read", "outcome": "denied", "principal": "user:c1-dev.710d299c-4393-4f32-b84c-e6c81c8382ad", "reason": "not_found", "target": ""}
{"correlation_id": "4ba4de19-3c30-4ba6-a4cd-d43c16604789", "operation": "resource_read", "outcome": "denied", "principal": "user:c1-dev.710d299c-4393-4f32-b84c-e6c81c8382ad", "reason": "not_found", "target": ""}
{"correlation_id": "410a994f-0009-4a52-b745-256f6f64472b", "operation": "instance_read", "outcome": "allowed", "principal": "user:c1-dev.710d299c-4393-4f32-b84c-e6c81c8382ad", "reason": "", "target": "m03_4d022eabc5414c14a49c1ffdd57ec885"}
{"correlation_id": "2888e0f4-234f-4558-bf86-88acbc1fc11c", "operation": "changeset_create", "outcome": "allowed", "principal": "user:c1-dev.710d299c-4393-4f32-b84c-e6c81c8382ad", "reason": "", "target": "urn:c1:instance:dev:changeset-61fa811a50b944819270fb16d2984e72"}
{"correlation_id": "09cfd250-2463-4f32-8681-164bd5a0d1b3", "operation": "changeset_read", "outcome": "allowed", "principal": "user:c1-dev.710d299c-4393-4f32-b84c-e6c81c8382ad", "reason": "", "target": "urn:c1:instance:dev:changeset-61fa811a50b944819270fb16d2984e72"}
{"correlation_id": "ee2e0f9e-c03e-4785-8634-5bceb2e56b5c", "operation": "changeset_submit", "outcome": "allowed", "principal": "user:c1-dev.710d299c-4393-4f32-b84c-e6c81c8382ad", "reason": "", "target": "urn:c1:instance:dev:changeset-61fa811a50b944819270fb16d2984e72"}
{"correlation_id": "47275121-2aec-4aa3-b5f0-5065777c9a5a", "operation": "changeset_approve", "outcome": "allowed", "principal": "user:c1-dev.2c8d560f-a67a-4801-8621-e597415decd4", "reason": "", "target": "urn:c1:instance:dev:changeset-61fa811a50b944819270fb16d2984e72"}
{"correlation_id": "803320e2-df3a-429b-a26e-0080e20b9e51", "operation": "changeset_apply", "outcome": "allowed", "principal": "user:c1-dev.2c8d560f-a67a-4801-8621-e597415decd4", "reason": "", "target": "urn:c1:instance:dev:changeset-61fa811a50b944819270fb16d2984e72"}
{"correlation_id": "e3cac114-29ca-4226-9f5a-9bae9974af67", "operation": "instance_read", "outcome": "allowed", "principal": "user:c1-dev.2c8d560f-a67a-4801-8621-e597415decd4", "reason": "", "target": "m03_4d022eabc5414c14a49c1ffdd57ec885"}
{"correlation_id": "7ee0ebfd-7729-4352-bc84-8d6bdbbea427", "operation": "resource_read", "outcome": "denied", "principal": "user:c1-dev.710d299c-4393-4f32-b84c-e6c81c8382ad", "reason": "not_found", "target": ""}
{"correlation_id": "3ea0fa34-ef82-4877-b14a-fd7cf13e98b9", "operation": "resource_read", "outcome": "denied", "principal": "user:c1-dev.710d299c-4393-4f32-b84c-e6c81c8382ad", "reason": "not_found", "target": ""}
{"correlation_id": "ebbb09a2-36ce-4d3c-940a-6b8b295defc4", "operation": "instance_read", "outcome": "allowed", "principal": "user:c1-dev.710d299c-4393-4f32-b84c-e6c81c8382ad", "reason": "", "target": "m03_4d022eabc5414c14a49c1ffdd57ec885"}
{"correlation_id": "d161c8e2-69b3-41bf-9808-a7c7938c7855", "operation": "changeset_create", "outcome": "allowed", "principal": "user:c1-dev.710d299c-4393-4f32-b84c-e6c81c8382ad", "reason": "", "target": "urn:c1:instance:dev:changeset-e7771801d4474d0092cb4323895e400a"}
{"correlation_id": "5c07d2c4-8782-45d8-86c9-24cce3d6549b", "operation": "changeset_read", "outcome": "allowed", "principal": "user:c1-dev.710d299c-4393-4f32-b84c-e6c81c8382ad", "reason": "", "target": "urn:c1:instance:dev:changeset-e7771801d4474d0092cb4323895e400a"}
{"correlation_id": "1f4acefe-595f-4f94-a664-cef4d20c539d", "operation": "changeset_submit", "outcome": "allowed", "principal": "user:c1-dev.710d299c-4393-4f32-b84c-e6c81c8382ad", "reason": "", "target": "urn:c1:instance:dev:changeset-e7771801d4474d0092cb4323895e400a"}
{"correlation_id": "953e26e7-2321-407f-ae37-3ad0d120cad3", "operation": "changeset_approve", "outcome": "allowed", "principal": "user:c1-dev.2c8d560f-a67a-4801-8621-e597415decd4", "reason": "", "target": "urn:c1:instance:dev:changeset-e7771801d4474d0092cb4323895e400a"}
{"correlation_id": "b672653e-2100-4411-9c44-4bc0f69faf4a", "operation": "changeset_apply", "outcome": "allowed", "principal": "user:c1-dev.2c8d560f-a67a-4801-8621-e597415decd4", "reason": "", "target": "urn:c1:instance:dev:changeset-e7771801d4474d0092cb4323895e400a"}
{"correlation_id": "db1a8bf5-333c-47de-a27a-368f6f75be02", "operation": "instance_read", "outcome": "allowed", "principal": "user:c1-dev.2c8d560f-a67a-4801-8621-e597415decd4", "reason": "", "target": "m03_4d022eabc5414c14a49c1ffdd57ec885"}
{"correlation_id": "137e7b4c-f6a5-48ec-821f-b36209d986cb", "operation": "resource_read", "outcome": "denied", "principal": "user:c1-dev.710d299c-4393-4f32-b84c-e6c81c8382ad", "reason": "not_found", "target": ""}
{"correlation_id": "6459b546-6930-4b27-a5c3-4afd911372bc", "operation": "resource_read", "outcome": "denied", "principal": "user:c1-dev.710d299c-4393-4f32-b84c-e6c81c8382ad", "reason": "not_found", "target": ""}
{"correlation_id": "dbb60a17-9119-4fa8-a5fe-6a2671df6033", "operation": "instance_read", "outcome": "allowed", "principal": "user:c1-dev.710d299c-4393-4f32-b84c-e6c81c8382ad", "reason": "", "target": "m03_4d022eabc5414c14a49c1ffdd57ec885"}
{"correlation_id": "915b2cd8-10f7-4c49-bfec-b5d9a8682f27", "operation": "changeset_create", "outcome": "allowed", "principal": "user:c1-dev.710d299c-4393-4f32-b84c-e6c81c8382ad", "reason": "", "target": "urn:c1:instance:dev:changeset-738f33a1d08b464b84eb6343fbcc9a76"}
{"correlation_id": "1142e858-987c-48da-ac3b-bb9a7eda4920", "operation": "changeset_read", "outcome": "allowed", "principal": "user:c1-dev.710d299c-4393-4f32-b84c-e6c81c8382ad", "reason": "", "target": "urn:c1:instance:dev:changeset-738f33a1d08b464b84eb6343fbcc9a76"}
{"correlation_id": "1ef18605-a0ae-401f-a504-e008c4abc444", "operation": "changeset_submit", "outcome": "allowed", "principal": "user:c1-dev.710d299c-4393-4f32-b84c-e6c81c8382ad", "reason": "", "target": "urn:c1:instance:dev:changeset-738f33a1d08b464b84eb6343fbcc9a76"}
{"correlation_id": "3df27d48-64a0-4226-81b8-725e61cbb153", "operation": "changeset_approve", "outcome": "allowed", "principal": "user:c1-dev.2c8d560f-a67a-4801-8621-e597415decd4", "reason": "", "target": "urn:c1:instance:dev:changeset-738f33a1d08b464b84eb6343fbcc9a76"}
{"correlation_id": "6165ba56-530c-4c52-8b55-e275a534a361", "operation": "changeset_apply", "outcome": "allowed", "principal": "user:c1-dev.2c8d560f-a67a-4801-8621-e597415decd4", "reason": "", "target": "urn:c1:instance:dev:changeset-738f33a1d08b464b84eb6343fbcc9a76"}
{"correlation_id": "d9000648-c6d4-457a-9892-8e83f2b7d7ad", "operation": "instance_read", "outcome": "allowed", "principal": "user:c1-dev.2c8d560f-a67a-4801-8621-e597415decd4", "reason": "", "target": "m03_4d022eabc5414c14a49c1ffdd57ec885"}
{"correlation_id": "2706d2fe-320c-4b7a-94af-43019878c968", "operation": "resource_read", "outcome": "denied", "principal": "user:c1-dev.710d299c-4393-4f32-b84c-e6c81c8382ad", "reason": "not_found", "target": ""}
{"correlation_id": "190c0e37-6eef-497f-ade6-11b12530d8fb", "operation": "resource_read", "outcome": "denied", "principal": "user:c1-dev.710d299c-4393-4f32-b84c-e6c81c8382ad", "reason": "not_found", "target": ""}
{"correlation_id": "445ed838-f7de-47a6-b056-13445ec4b67e", "operation": "instance_read", "outcome": "allowed", "principal": "user:c1-dev.710d299c-4393-4f32-b84c-e6c81c8382ad", "reason": "", "target": "m03_4d022eabc5414c14a49c1ffdd57ec885"}
{"correlation_id": "08ef4b99-9f50-4ab5-8c33-1d6d212d2664", "operation": "changeset_create", "outcome": "allowed", "principal": "user:c1-dev.710d299c-4393-4f32-b84c-e6c81c8382ad", "reason": "", "target": "urn:c1:instance:dev:changeset-9604b7cfebea4822a07d35b8c33c89de"}
{"correlation_id": "e129a56b-2da6-4120-b722-dcf7da1c3ffe", "operation": "changeset_read", "outcome": "allowed", "principal": "user:c1-dev.710d299c-4393-4f32-b84c-e6c81c8382ad", "reason": "", "target": "urn:c1:instance:dev:changeset-9604b7cfebea4822a07d35b8c33c89de"}
{"correlation_id": "cff96951-5dde-4dcb-a31f-4a2a25415924", "operation": "changeset_submit", "outcome": "allowed", "principal": "user:c1-dev.710d299c-4393-4f32-b84c-e6c81c8382ad", "reason": "", "target": "urn:c1:instance:dev:changeset-9604b7cfebea4822a07d35b8c33c89de"}
{"correlation_id": "f9bdf4e5-ddee-45ad-bb8f-64810bd2d4cc", "operation": "changeset_approve", "outcome": "allowed", "principal": "user:c1-dev.2c8d560f-a67a-4801-8621-e597415decd4", "reason": "", "target": "urn:c1:instance:dev:changeset-9604b7cfebea4822a07d35b8c33c89de"}
{"correlation_id": "8d2c8418-88f3-4a82-8f47-9f00ca31aca1", "operation": "changeset_apply", "outcome": "allowed", "principal": "user:c1-dev.2c8d560f-a67a-4801-8621-e597415decd4", "reason": "", "target": "urn:c1:instance:dev:changeset-9604b7cfebea4822a07d35b8c33c89de"}
{"correlation_id": "5ade603a-f9bf-4190-895c-3afa23db74ec", "operation": "instance_read", "outcome": "allowed", "principal": "user:c1-dev.2c8d560f-a67a-4801-8621-e597415decd4", "reason": "", "target": "m03_4d022eabc5414c14a49c1ffdd57ec885"}
{"correlation_id": "7365d6da-5617-47de-ab2f-2c074b0671da", "operation": "resource_read", "outcome": "denied", "principal": "user:c1-dev.710d299c-4393-4f32-b84c-e6c81c8382ad", "reason": "not_found", "target": ""}
{"correlation_id": "280f7ce7-a0ca-40f4-8b1e-21d5bbf24969", "operation": "resource_read", "outcome": "denied", "principal": "user:c1-dev.710d299c-4393-4f32-b84c-e6c81c8382ad", "reason": "not_found", "target": ""}
{"correlation_id": "cc87c44d-cef6-4495-b9af-b592253ca84c", "operation": "instance_read", "outcome": "allowed", "principal": "user:c1-dev.710d299c-4393-4f32-b84c-e6c81c8382ad", "reason": "", "target": "m03_4d022eabc5414c14a49c1ffdd57ec885"}
{"correlation_id": "9849238a-fbc7-436d-a271-515e35d93aa7", "operation": "changeset_create", "outcome": "allowed", "principal": "user:c1-dev.710d299c-4393-4f32-b84c-e6c81c8382ad", "reason": "", "target": "urn:c1:instance:dev:changeset-8011df8063db478aa8118043f87ddcad"}
{"correlation_id": "a3d83e53-0b6c-43ba-a725-545301a0ce4f", "operation": "changeset_read", "outcome": "allowed", "principal": "user:c1-dev.710d299c-4393-4f32-b84c-e6c81c8382ad", "reason": "", "target": "urn:c1:instance:dev:changeset-8011df8063db478aa8118043f87ddcad"}
{"correlation_id": "d676784a-3624-49c2-bb0e-9dc067f4d66d", "operation": "changeset_submit", "outcome": "allowed", "principal": "user:c1-dev.710d299c-4393-4f32-b84c-e6c81c8382ad", "reason": "", "target": "urn:c1:instance:dev:changeset-8011df8063db478aa8118043f87ddcad"}
{"correlation_id": "7d9d3b9c-d160-48a9-b7f1-9263f5298690", "operation": "changeset_approve", "outcome": "allowed", "principal": "user:c1-dev.2c8d560f-a67a-4801-8621-e597415decd4", "reason": "", "target": "urn:c1:instance:dev:changeset-8011df8063db478aa8118043f87ddcad"}
{"correlation_id": "cf314628-6413-4a1d-9318-ef3c21d46ce6", "operation": "changeset_apply", "outcome": "allowed", "principal": "user:c1-dev.2c8d560f-a67a-4801-8621-e597415decd4", "reason": "", "target": "urn:c1:instance:dev:changeset-8011df8063db478aa8118043f87ddcad"}
{"correlation_id": "4f5bc847-8e98-4dc0-9181-11da1ed8ed83", "operation": "instance_read", "outcome": "allowed", "principal": "user:c1-dev.2c8d560f-a67a-4801-8621-e597415decd4", "reason": "", "target": "m03_4d022eabc5414c14a49c1ffdd57ec885"}
{"correlation_id": "51a0deff-da48-42cb-aab5-0abb592bab8e", "operation": "resource_read", "outcome": "denied", "principal": "user:c1-dev.710d299c-4393-4f32-b84c-e6c81c8382ad", "reason": "not_found", "target": ""}
{"correlation_id": "cdb32017-ea83-4f1d-9cfb-dd2858cb2cff", "operation": "resource_read", "outcome": "denied", "principal": "user:c1-dev.710d299c-4393-4f32-b84c-e6c81c8382ad", "reason": "not_found", "target": ""}
{"correlation_id": "339227c4-3870-42ec-b772-d0d8ade4b0bd", "operation": "instance_read", "outcome": "allowed", "principal": "user:c1-dev.710d299c-4393-4f32-b84c-e6c81c8382ad", "reason": "", "target": "m03_4d022eabc5414c14a49c1ffdd57ec885"}
{"correlation_id": "d557b3e5-51aa-44c2-9577-6cfa7a162cfa", "operation": "changeset_create", "outcome": "allowed", "principal": "user:c1-dev.710d299c-4393-4f32-b84c-e6c81c8382ad", "reason": "", "target": "urn:c1:instance:dev:changeset-21e11ccb860a4b6cac33eba9c2e991b6"}
{"correlation_id": "dd98a173-16e4-4547-acb1-cd8804fdb2f0", "operation": "changeset_read", "outcome": "allowed", "principal": "user:c1-dev.710d299c-4393-4f32-b84c-e6c81c8382ad", "reason": "", "target": "urn:c1:instance:dev:changeset-21e11ccb860a4b6cac33eba9c2e991b6"}
{"correlation_id": "0eb31e6b-7b67-487d-9f45-dcd09ab81068", "operation": "changeset_submit", "outcome": "allowed", "principal": "user:c1-dev.710d299c-4393-4f32-b84c-e6c81c8382ad", "reason": "", "target": "urn:c1:instance:dev:changeset-21e11ccb860a4b6cac33eba9c2e991b6"}
{"correlation_id": "edf2f246-4de0-4d58-b2ba-afe0e1729f0c", "operation": "changeset_approve", "outcome": "allowed", "principal": "user:c1-dev.2c8d560f-a67a-4801-8621-e597415decd4", "reason": "", "target": "urn:c1:instance:dev:changeset-21e11ccb860a4b6cac33eba9c2e991b6"}
{"correlation_id": "266e9ffe-5243-4904-891f-40c426970d53", "operation": "changeset_apply", "outcome": "allowed", "principal": "user:c1-dev.2c8d560f-a67a-4801-8621-e597415decd4", "reason": "", "target": "urn:c1:instance:dev:changeset-21e11ccb860a4b6cac33eba9c2e991b6"}
{"correlation_id": "0c6351a9-0d5d-49e4-bd2f-a18065a5ea59", "operation": "instance_read", "outcome": "allowed", "principal": "user:c1-dev.2c8d560f-a67a-4801-8621-e597415decd4", "reason": "", "target": "m03_4d022eabc5414c14a49c1ffdd57ec885"}
{"correlation_id": "83c5861c-5497-428b-a72d-33dd28fe0f92", "operation": "resource_read", "outcome": "denied", "principal": "user:c1-dev.710d299c-4393-4f32-b84c-e6c81c8382ad", "reason": "not_found", "target": ""}
{"correlation_id": "916a202c-a067-46a6-b2f8-bde8f7db1094", "operation": "resource_read", "outcome": "denied", "principal": "user:c1-dev.710d299c-4393-4f32-b84c-e6c81c8382ad", "reason": "not_found", "target": ""}
{"correlation_id": "bc7d4073-e031-4021-8572-195712e9021f", "operation": "instance_read", "outcome": "allowed", "principal": "user:c1-dev.710d299c-4393-4f32-b84c-e6c81c8382ad", "reason": "", "target": "m03_4d022eabc5414c14a49c1ffdd57ec885"}
{"correlation_id": "ae6e6d09-dabb-44c1-83ed-a4e8ee14e1fd", "operation": "changeset_create", "outcome": "allowed", "principal": "user:c1-dev.710d299c-4393-4f32-b84c-e6c81c8382ad", "reason": "", "target": "urn:c1:instance:dev:changeset-c6f7bdc85d31425ab74875f77370ab96"}
{"correlation_id": "9c47e68e-70d4-4b30-8c13-379a13aaea6f", "operation": "changeset_read", "outcome": "allowed", "principal": "user:c1-dev.710d299c-4393-4f32-b84c-e6c81c8382ad", "reason": "", "target": "urn:c1:instance:dev:changeset-c6f7bdc85d31425ab74875f77370ab96"}
{"correlation_id": "4b12037a-363b-4c2f-844c-f514c15d6208", "operation": "changeset_submit", "outcome": "allowed", "principal": "user:c1-dev.710d299c-4393-4f32-b84c-e6c81c8382ad", "reason": "", "target": "urn:c1:instance:dev:changeset-c6f7bdc85d31425ab74875f77370ab96"}
{"correlation_id": "8b76e407-d185-4911-949f-5dcc12f49ab0", "operation": "changeset_approve", "outcome": "allowed", "principal": "user:c1-dev.2c8d560f-a67a-4801-8621-e597415decd4", "reason": "", "target": "urn:c1:instance:dev:changeset-c6f7bdc85d31425ab74875f77370ab96"}
{"correlation_id": "1769ef16-1995-43b6-854e-c78a0b5a9854", "operation": "changeset_apply", "outcome": "allowed", "principal": "user:c1-dev.2c8d560f-a67a-4801-8621-e597415decd4", "reason": "", "target": "urn:c1:instance:dev:changeset-c6f7bdc85d31425ab74875f77370ab96"}
{"correlation_id": "7a024690-2867-40c0-990f-378121ea9ee0", "operation": "instance_read", "outcome": "allowed", "principal": "user:c1-dev.2c8d560f-a67a-4801-8621-e597415decd4", "reason": "", "target": "m03_4d022eabc5414c14a49c1ffdd57ec885"}
{"correlation_id": "184a54da-6a34-4514-90a6-b833822519ef", "operation": "resource_read", "outcome": "denied", "principal": "user:c1-dev.710d299c-4393-4f32-b84c-e6c81c8382ad", "reason": "not_found", "target": ""}
{"correlation_id": "6fa6906a-757b-49b7-b48b-b05c51c85925", "operation": "resource_read", "outcome": "denied", "principal": "user:c1-dev.710d299c-4393-4f32-b84c-e6c81c8382ad", "reason": "not_found", "target": ""}
{"correlation_id": "7c8c63eb-9cd3-4a67-bd71-d241a93ac80e", "operation": "instance_read", "outcome": "allowed", "principal": "user:c1-dev.710d299c-4393-4f32-b84c-e6c81c8382ad", "reason": "", "target": "m03_4d022eabc5414c14a49c1ffdd57ec885"}
{"correlation_id": "71b13931-5b40-4c3e-8108-9c3a89632f8c", "operation": "changeset_create", "outcome": "allowed", "principal": "user:c1-dev.710d299c-4393-4f32-b84c-e6c81c8382ad", "reason": "", "target": "urn:c1:instance:dev:changeset-3fea0d27ffed43fa81d72b1b0cacc1c6"}
{"correlation_id": "186ef9f3-0b11-4174-aa5d-0b237b18a4c1", "operation": "changeset_read", "outcome": "allowed", "principal": "user:c1-dev.710d299c-4393-4f32-b84c-e6c81c8382ad", "reason": "", "target": "urn:c1:instance:dev:changeset-3fea0d27ffed43fa81d72b1b0cacc1c6"}
{"correlation_id": "566b3512-362d-4d79-91eb-67cc54882bf8", "operation": "changeset_submit", "outcome": "allowed", "principal": "user:c1-dev.710d299c-4393-4f32-b84c-e6c81c8382ad", "reason": "", "target": "urn:c1:instance:dev:changeset-3fea0d27ffed43fa81d72b1b0cacc1c6"}
{"correlation_id": "81fb9c88-dfbe-4486-9312-584465256709", "operation": "changeset_approve", "outcome": "allowed", "principal": "user:c1-dev.2c8d560f-a67a-4801-8621-e597415decd4", "reason": "", "target": "urn:c1:instance:dev:changeset-3fea0d27ffed43fa81d72b1b0cacc1c6"}
{"correlation_id": "6b761e37-a433-44f2-855a-c6941c0308e6", "operation": "changeset_apply", "outcome": "allowed", "principal": "user:c1-dev.2c8d560f-a67a-4801-8621-e597415decd4", "reason": "", "target": "urn:c1:instance:dev:changeset-3fea0d27ffed43fa81d72b1b0cacc1c6"}
{"correlation_id": "57aea11f-4d18-4330-a5f6-9f2bfc8f29b9", "operation": "instance_read", "outcome": "allowed", "principal": "user:c1-dev.2c8d560f-a67a-4801-8621-e597415decd4", "reason": "", "target": "m03_4d022eabc5414c14a49c1ffdd57ec885"}
{"correlation_id": "0924440c-6937-4968-8861-a0414576b5d9", "operation": "resource_read", "outcome": "denied", "principal": "user:c1-dev.710d299c-4393-4f32-b84c-e6c81c8382ad", "reason": "not_found", "target": ""}
{"correlation_id": "f1c2a3bb-c63f-4cf9-87ce-f09201179898", "operation": "instance_read", "outcome": "allowed", "principal": "user:c1-dev.710d299c-4393-4f32-b84c-e6c81c8382ad", "reason": "", "target": "m03_4d022eabc5414c14a49c1ffdd57ec885"}
{"correlation_id": "66f64738-0141-4269-b78b-c96a09328c9e", "operation": "changeset_create", "outcome": "allowed", "principal": "user:c1-dev.710d299c-4393-4f32-b84c-e6c81c8382ad", "reason": "", "target": "urn:c1:instance:dev:changeset-76a7a5bb8a3941ea90d649b834b89c49"}
{"correlation_id": "4be0e7f0-2ce0-4d4c-81da-3acdf8fb88ea", "operation": "changeset_read", "outcome": "allowed", "principal": "user:c1-dev.710d299c-4393-4f32-b84c-e6c81c8382ad", "reason": "", "target": "urn:c1:instance:dev:changeset-76a7a5bb8a3941ea90d649b834b89c49"}
{"correlation_id": "7898fa5f-3200-41e6-8d58-839f41850daf", "operation": "changeset_submit", "outcome": "allowed", "principal": "user:c1-dev.710d299c-4393-4f32-b84c-e6c81c8382ad", "reason": "", "target": "urn:c1:instance:dev:changeset-76a7a5bb8a3941ea90d649b834b89c49"}
{"correlation_id": "978bc2cc-a0e4-4ed4-ba0f-b88ec2eeba46", "operation": "changeset_approve", "outcome": "allowed", "principal": "user:c1-dev.2c8d560f-a67a-4801-8621-e597415decd4", "reason": "", "target": "urn:c1:instance:dev:changeset-76a7a5bb8a3941ea90d649b834b89c49"}
{"correlation_id": "f32e22b7-b753-4481-b7be-184ff1755c6b", "operation": "changeset_apply", "outcome": "allowed", "principal": "user:c1-dev.2c8d560f-a67a-4801-8621-e597415decd4", "reason": "", "target": "urn:c1:instance:dev:changeset-76a7a5bb8a3941ea90d649b834b89c49"}
{"correlation_id": "e6fd9a3d-14b0-418b-9a8b-81263797cb4b", "operation": "instance_read", "outcome": "allowed", "principal": "user:c1-dev.2c8d560f-a67a-4801-8621-e597415decd4", "reason": "", "target": "m03_4d022eabc5414c14a49c1ffdd57ec885"}
{"correlation_id": "f9fc233b-45a6-480b-8fcc-5ac4dc8297a0", "operation": "resource_read", "outcome": "denied", "principal": "user:c1-dev.710d299c-4393-4f32-b84c-e6c81c8382ad", "reason": "not_found", "target": ""}
{"correlation_id": "498defdd-f07e-4219-b650-953fdbea652a", "operation": "resource_read", "outcome": "denied", "principal": "user:c1-dev.710d299c-4393-4f32-b84c-e6c81c8382ad", "reason": "not_found", "target": ""}
{"correlation_id": "e63a6a0d-b124-4ad2-8d60-e550852ebb6f", "operation": "instance_read", "outcome": "allowed", "principal": "user:c1-dev.710d299c-4393-4f32-b84c-e6c81c8382ad", "reason": "", "target": "m03_4d022eabc5414c14a49c1ffdd57ec885"}
{"correlation_id": "c65a2d36-318d-430c-9150-72099ed23d11", "operation": "changeset_create", "outcome": "allowed", "principal": "user:c1-dev.710d299c-4393-4f32-b84c-e6c81c8382ad", "reason": "", "target": "urn:c1:instance:dev:changeset-0bb5f2ac1b9d494d831f59f269f07446"}
{"correlation_id": "00a1148d-e56b-42f2-8031-b98e992d61a9", "operation": "changeset_read", "outcome": "allowed", "principal": "user:c1-dev.710d299c-4393-4f32-b84c-e6c81c8382ad", "reason": "", "target": "urn:c1:instance:dev:changeset-0bb5f2ac1b9d494d831f59f269f07446"}
{"correlation_id": "d546242b-2536-43cd-89bc-a37866454454", "operation": "changeset_submit", "outcome": "allowed", "principal": "user:c1-dev.710d299c-4393-4f32-b84c-e6c81c8382ad", "reason": "", "target": "urn:c1:instance:dev:changeset-0bb5f2ac1b9d494d831f59f269f07446"}
{"correlation_id": "919b77c1-8bf1-4a1d-a749-d2b41556bd0e", "operation": "changeset_approve", "outcome": "allowed", "principal": "user:c1-dev.2c8d560f-a67a-4801-8621-e597415decd4", "reason": "", "target": "urn:c1:instance:dev:changeset-0bb5f2ac1b9d494d831f59f269f07446"}
{"correlation_id": "bc7de729-68dc-469d-a17c-752ac28c2475", "operation": "changeset_apply", "outcome": "allowed", "principal": "user:c1-dev.2c8d560f-a67a-4801-8621-e597415decd4", "reason": "", "target": "urn:c1:instance:dev:changeset-0bb5f2ac1b9d494d831f59f269f07446"}
{"correlation_id": "67cbf379-3903-486c-9062-48f6db0fea2a", "operation": "instance_read", "outcome": "allowed", "principal": "user:c1-dev.2c8d560f-a67a-4801-8621-e597415decd4", "reason": "", "target": "m03_4d022eabc5414c14a49c1ffdd57ec885"}
{"correlation_id": "3dd03429-e4f1-4070-9a32-18a08363453a", "operation": "resource_read", "outcome": "denied", "principal": "user:c1-dev.710d299c-4393-4f32-b84c-e6c81c8382ad", "reason": "not_found", "target": ""}
{"correlation_id": "9502df32-f1cc-4bab-90ca-3324fef53175", "operation": "resource_read", "outcome": "denied", "principal": "user:c1-dev.710d299c-4393-4f32-b84c-e6c81c8382ad", "reason": "not_found", "target": ""}
{"correlation_id": "6cd594b8-3c0c-4e68-9827-25c9f3553427", "operation": "instance_read", "outcome": "allowed", "principal": "user:c1-dev.710d299c-4393-4f32-b84c-e6c81c8382ad", "reason": "", "target": "m03_4d022eabc5414c14a49c1ffdd57ec885"}
{"correlation_id": "5789d8d9-40db-458c-afcf-b62ffe123f64", "operation": "changeset_create", "outcome": "allowed", "principal": "user:c1-dev.710d299c-4393-4f32-b84c-e6c81c8382ad", "reason": "", "target": "urn:c1:instance:dev:changeset-ec35f14608e44c0490206811eb537faf"}
{"correlation_id": "0206fecb-66b3-448c-9ca1-a1650eca8d57", "operation": "changeset_read", "outcome": "allowed", "principal": "user:c1-dev.710d299c-4393-4f32-b84c-e6c81c8382ad", "reason": "", "target": "urn:c1:instance:dev:changeset-ec35f14608e44c0490206811eb537faf"}
{"correlation_id": "20ffa5f4-c8b4-4ab5-b021-6c0ca095585c", "operation": "changeset_submit", "outcome": "allowed", "principal": "user:c1-dev.710d299c-4393-4f32-b84c-e6c81c8382ad", "reason": "", "target": "urn:c1:instance:dev:changeset-ec35f14608e44c0490206811eb537faf"}
{"correlation_id": "b0764c94-bdc1-4e33-ae45-f87bb61d2179", "operation": "changeset_approve", "outcome": "allowed", "principal": "user:c1-dev.2c8d560f-a67a-4801-8621-e597415decd4", "reason": "", "target": "urn:c1:instance:dev:changeset-ec35f14608e44c0490206811eb537faf"}
{"correlation_id": "f914216f-3c43-4b26-8a52-eada67f1133e", "operation": "changeset_apply", "outcome": "allowed", "principal": "user:c1-dev.2c8d560f-a67a-4801-8621-e597415decd4", "reason": "", "target": "urn:c1:instance:dev:changeset-ec35f14608e44c0490206811eb537faf"}
{"correlation_id": "3f14b0b2-86b4-4a3a-bc2b-64c326ff32ae", "operation": "instance_read", "outcome": "allowed", "principal": "user:c1-dev.2c8d560f-a67a-4801-8621-e597415decd4", "reason": "", "target": "m03_4d022eabc5414c14a49c1ffdd57ec885"}
{"correlation_id": "15e79234-3be3-4b58-96d4-5a990541e392", "operation": "resource_read", "outcome": "denied", "principal": "user:c1-dev.710d299c-4393-4f32-b84c-e6c81c8382ad", "reason": "not_found", "target": ""}
{"correlation_id": "64e4ba27-cb83-4e43-b74f-085eb0d23d63", "operation": "resource_read", "outcome": "denied", "principal": "user:c1-dev.710d299c-4393-4f32-b84c-e6c81c8382ad", "reason": "not_found", "target": ""}
{"correlation_id": "1115f265-e8ea-4f1f-be65-95019357d5a7", "operation": "instance_read", "outcome": "allowed", "principal": "user:c1-dev.710d299c-4393-4f32-b84c-e6c81c8382ad", "reason": "", "target": "m03_4d022eabc5414c14a49c1ffdd57ec885"}
{"correlation_id": "daa8963c-5da5-423b-93a5-f50418e0011f", "operation": "changeset_create", "outcome": "allowed", "principal": "user:c1-dev.710d299c-4393-4f32-b84c-e6c81c8382ad", "reason": "", "target": "urn:c1:instance:dev:changeset-6a9e921e9c454171a2719fa26c6c5ff3"}
{"correlation_id": "80817b49-f272-4f7c-a520-1e951cbfb598", "operation": "changeset_read", "outcome": "allowed", "principal": "user:c1-dev.710d299c-4393-4f32-b84c-e6c81c8382ad", "reason": "", "target": "urn:c1:instance:dev:changeset-6a9e921e9c454171a2719fa26c6c5ff3"}
{"correlation_id": "66b47f02-0298-49f0-ab2a-72491cd85d3f", "operation": "changeset_submit", "outcome": "allowed", "principal": "user:c1-dev.710d299c-4393-4f32-b84c-e6c81c8382ad", "reason": "", "target": "urn:c1:instance:dev:changeset-6a9e921e9c454171a2719fa26c6c5ff3"}
{"correlation_id": "13dcc739-1a79-4a95-b517-be56fe45ae0a", "operation": "changeset_approve", "outcome": "allowed", "principal": "user:c1-dev.2c8d560f-a67a-4801-8621-e597415decd4", "reason": "", "target": "urn:c1:instance:dev:changeset-6a9e921e9c454171a2719fa26c6c5ff3"}
{"correlation_id": "2e91b349-3b9a-4a5e-a7d8-da36427c82ff", "operation": "changeset_apply", "outcome": "allowed", "principal": "user:c1-dev.2c8d560f-a67a-4801-8621-e597415decd4", "reason": "", "target": "urn:c1:instance:dev:changeset-6a9e921e9c454171a2719fa26c6c5ff3"}
{"correlation_id": "fcc5f313-ddd1-4ac6-8138-439133aaef40", "operation": "instance_read", "outcome": "allowed", "principal": "user:c1-dev.2c8d560f-a67a-4801-8621-e597415decd4", "reason": "", "target": "m03_4d022eabc5414c14a49c1ffdd57ec885"}
{"correlation_id": "666ac6f0-ff95-4d04-b1ad-14acfdb4f869", "operation": "resource_read", "outcome": "denied", "principal": "user:c1-dev.710d299c-4393-4f32-b84c-e6c81c8382ad", "reason": "not_found", "target": ""}
{"correlation_id": "4cd2f575-f6ad-435a-a3de-262abf59d27c", "operation": "resource_read", "outcome": "denied", "principal": "user:c1-dev.710d299c-4393-4f32-b84c-e6c81c8382ad", "reason": "not_found", "target": ""}
{"correlation_id": "597e7f17-7a5b-4846-88a2-2b5b9675efae", "operation": "instance_read", "outcome": "allowed", "principal": "user:c1-dev.710d299c-4393-4f32-b84c-e6c81c8382ad", "reason": "", "target": "m03_4d022eabc5414c14a49c1ffdd57ec885"}
{"correlation_id": "54a09b24-9782-4b87-b25a-139831798a03", "operation": "changeset_create", "outcome": "allowed", "principal": "user:c1-dev.710d299c-4393-4f32-b84c-e6c81c8382ad", "reason": "", "target": "urn:c1:instance:dev:changeset-05ea9631b2d5487ca3ffe736844330b8"}
{"correlation_id": "6ddfada7-6cfa-4a66-a66f-e69b1529d60d", "operation": "changeset_read", "outcome": "allowed", "principal": "user:c1-dev.710d299c-4393-4f32-b84c-e6c81c8382ad", "reason": "", "target": "urn:c1:instance:dev:changeset-05ea9631b2d5487ca3ffe736844330b8"}
{"correlation_id": "f5b95989-b2f4-4b4f-b913-5585d4da3884", "operation": "changeset_submit", "outcome": "allowed", "principal": "user:c1-dev.710d299c-4393-4f32-b84c-e6c81c8382ad", "reason": "", "target": "urn:c1:instance:dev:changeset-05ea9631b2d5487ca3ffe736844330b8"}
{"correlation_id": "7ad5ab2b-7839-42b3-b927-c0573ca5a007", "operation": "changeset_approve", "outcome": "allowed", "principal": "user:c1-dev.2c8d560f-a67a-4801-8621-e597415decd4", "reason": "", "target": "urn:c1:instance:dev:changeset-05ea9631b2d5487ca3ffe736844330b8"}
{"correlation_id": "0fed87fd-500c-469d-97cc-c042c6fa18f3", "operation": "changeset_apply", "outcome": "allowed", "principal": "user:c1-dev.2c8d560f-a67a-4801-8621-e597415decd4", "reason": "", "target": "urn:c1:instance:dev:changeset-05ea9631b2d5487ca3ffe736844330b8"}
{"correlation_id": "a2450625-99df-48df-93db-5a5622a33985", "operation": "instance_read", "outcome": "allowed", "principal": "user:c1-dev.2c8d560f-a67a-4801-8621-e597415decd4", "reason": "", "target": "m03_4d022eabc5414c14a49c1ffdd57ec885"}
{"correlation_id": "bda598b6-67d8-4efd-ad71-fbdc5f622190", "operation": "resource_read", "outcome": "denied", "principal": "user:c1-dev.f801298f-f193-4438-bc87-81ed549308ed", "reason": "not_found", "target": ""}
{"correlation_id": "a9caa261-5b1a-4d51-a796-64ab06ef063a", "operation": "resource_read", "outcome": "denied", "principal": "user:c1-dev.f801298f-f193-4438-bc87-81ed549308ed", "reason": "not_found", "target": ""}
{"correlation_id": "8cec92f5-13be-48d6-aa53-0cf8c6b54405", "operation": "instance_read", "outcome": "allowed", "principal": "user:c1-dev.f801298f-f193-4438-bc87-81ed549308ed", "reason": "", "target": "m03_4d022eabc5414c14a49c1ffdd57ec885"}
{"correlation_id": "4d155eb0-cd92-4fc8-94d3-82e93ffffd26", "operation": "changeset_create", "outcome": "allowed", "principal": "user:c1-dev.f801298f-f193-4438-bc87-81ed549308ed", "reason": "", "target": "urn:c1:instance:dev:changeset-6fcf136162b24c27990dccf0b9a2f637"}
{"correlation_id": "e2c9957b-a803-48fe-9a3b-810fd2057c67", "operation": "changeset_read", "outcome": "allowed", "principal": "user:c1-dev.f801298f-f193-4438-bc87-81ed549308ed", "reason": "", "target": "urn:c1:instance:dev:changeset-6fcf136162b24c27990dccf0b9a2f637"}
{"correlation_id": "005de049-f3db-46fd-b698-4d3df06006e1", "operation": "changeset_submit", "outcome": "allowed", "principal": "user:c1-dev.f801298f-f193-4438-bc87-81ed549308ed", "reason": "", "target": "urn:c1:instance:dev:changeset-6fcf136162b24c27990dccf0b9a2f637"}
{"correlation_id": "4aacec1b-e0a1-45f4-a839-c4e58955abb3", "operation": "changeset_approve", "outcome": "allowed", "principal": "user:c1-dev.2c8d560f-a67a-4801-8621-e597415decd4", "reason": "", "target": "urn:c1:instance:dev:changeset-6fcf136162b24c27990dccf0b9a2f637"}
{"correlation_id": "ebc4e82a-9787-4d0f-bd60-a87ea536e704", "operation": "changeset_apply", "outcome": "allowed", "principal": "user:c1-dev.2c8d560f-a67a-4801-8621-e597415decd4", "reason": "", "target": "urn:c1:instance:dev:changeset-6fcf136162b24c27990dccf0b9a2f637"}
{"correlation_id": "91e16e8a-8c07-44d3-ba46-9cb708b06913", "operation": "instance_read", "outcome": "allowed", "principal": "user:c1-dev.2c8d560f-a67a-4801-8621-e597415decd4", "reason": "", "target": "m03_4d022eabc5414c14a49c1ffdd57ec885"}
{"correlation_id": "6c344db8-1454-4560-8fe9-5d4bf1b43fbe", "operation": "resource_read", "outcome": "denied", "principal": "user:c1-dev.f801298f-f193-4438-bc87-81ed549308ed", "reason": "not_found", "target": ""}
{"correlation_id": "3e5d8018-e02a-4bf1-ab92-59a8eb98f1d3", "operation": "resource_read", "outcome": "denied", "principal": "user:c1-dev.f801298f-f193-4438-bc87-81ed549308ed", "reason": "not_found", "target": ""}
{"correlation_id": "48ef227a-a3bd-4988-8409-2cbe6d5fe2b5", "operation": "instance_read", "outcome": "allowed", "principal": "user:c1-dev.f801298f-f193-4438-bc87-81ed549308ed", "reason": "", "target": "m03_4d022eabc5414c14a49c1ffdd57ec885"}
{"correlation_id": "6309e40c-1a62-4898-9933-2bfd5d93f6c1", "operation": "changeset_create", "outcome": "allowed", "principal": "user:c1-dev.f801298f-f193-4438-bc87-81ed549308ed", "reason": "", "target": "urn:c1:instance:dev:changeset-85e0a5d546df4886ac122c0976cd5ad8"}
{"correlation_id": "d0621a63-88ac-4544-8f8d-eb2fb1d7d1df", "operation": "changeset_read", "outcome": "allowed", "principal": "user:c1-dev.f801298f-f193-4438-bc87-81ed549308ed", "reason": "", "target": "urn:c1:instance:dev:changeset-85e0a5d546df4886ac122c0976cd5ad8"}
{"correlation_id": "8cc7a106-2594-4e68-947f-ae95785b55ea", "operation": "changeset_submit", "outcome": "allowed", "principal": "user:c1-dev.f801298f-f193-4438-bc87-81ed549308ed", "reason": "", "target": "urn:c1:instance:dev:changeset-85e0a5d546df4886ac122c0976cd5ad8"}
{"correlation_id": "8025d12f-3a02-4946-a655-68aee089be5a", "operation": "changeset_approve", "outcome": "allowed", "principal": "user:c1-dev.2c8d560f-a67a-4801-8621-e597415decd4", "reason": "", "target": "urn:c1:instance:dev:changeset-85e0a5d546df4886ac122c0976cd5ad8"}
{"correlation_id": "29746d04-e48f-462a-a55f-b8adc938eb9e", "operation": "changeset_apply", "outcome": "allowed", "principal": "user:c1-dev.2c8d560f-a67a-4801-8621-e597415decd4", "reason": "", "target": "urn:c1:instance:dev:changeset-85e0a5d546df4886ac122c0976cd5ad8"}
{"correlation_id": "feba942b-1989-49be-b466-376ab872585c", "operation": "instance_read", "outcome": "allowed", "principal": "user:c1-dev.2c8d560f-a67a-4801-8621-e597415decd4", "reason": "", "target": "m03_4d022eabc5414c14a49c1ffdd57ec885"}
{"correlation_id": "cac81b10-443c-4d33-8c4f-c2ac6bbd1fe4", "operation": "resource_read", "outcome": "denied", "principal": "user:c1-dev.f801298f-f193-4438-bc87-81ed549308ed", "reason": "not_found", "target": ""}
{"correlation_id": "84250f2f-f0d9-4b30-8b76-6b3644aae49f", "operation": "instance_read", "outcome": "allowed", "principal": "user:c1-dev.f801298f-f193-4438-bc87-81ed549308ed", "reason": "", "target": "m03_4d022eabc5414c14a49c1ffdd57ec885"}
{"correlation_id": "e147bc1d-2254-43fe-ad9c-bb87e629b0aa", "operation": "changeset_create", "outcome": "allowed", "principal": "user:c1-dev.f801298f-f193-4438-bc87-81ed549308ed", "reason": "", "target": "urn:c1:instance:dev:changeset-d5163d1a77844d57806e992c3984425e"}
{"correlation_id": "ce1448e1-a162-446e-9b43-678b69b9c66a", "operation": "changeset_read", "outcome": "allowed", "principal": "user:c1-dev.f801298f-f193-4438-bc87-81ed549308ed", "reason": "", "target": "urn:c1:instance:dev:changeset-d5163d1a77844d57806e992c3984425e"}
{"correlation_id": "3e7e7460-8c96-4f0b-9e16-3153ab02108a", "operation": "changeset_submit", "outcome": "allowed", "principal": "user:c1-dev.f801298f-f193-4438-bc87-81ed549308ed", "reason": "", "target": "urn:c1:instance:dev:changeset-d5163d1a77844d57806e992c3984425e"}
{"correlation_id": "39821e90-b596-494c-975f-1d635c3c83d8", "operation": "changeset_approve", "outcome": "allowed", "principal": "user:c1-dev.2c8d560f-a67a-4801-8621-e597415decd4", "reason": "", "target": "urn:c1:instance:dev:changeset-d5163d1a77844d57806e992c3984425e"}
{"correlation_id": "c0f6ec79-cdc9-4a5c-a54d-ca1d87c2fdb5", "operation": "changeset_apply", "outcome": "allowed", "principal": "user:c1-dev.2c8d560f-a67a-4801-8621-e597415decd4", "reason": "", "target": "urn:c1:instance:dev:changeset-d5163d1a77844d57806e992c3984425e"}
{"correlation_id": "2a675089-06fb-452f-8cd0-bc7e1190e960", "operation": "instance_read", "outcome": "allowed", "principal": "user:c1-dev.2c8d560f-a67a-4801-8621-e597415decd4", "reason": "", "target": "m03_4d022eabc5414c14a49c1ffdd57ec885"}
{"correlation_id": "3178676f-dff2-49d4-b8a8-34f5d4a42f3f", "operation": "resource_read", "outcome": "denied", "principal": "user:c1-dev.f801298f-f193-4438-bc87-81ed549308ed", "reason": "not_found", "target": ""}
{"correlation_id": "98adf826-ccb0-4a1e-a5f1-947e93f9953f", "operation": "instance_read", "outcome": "allowed", "principal": "user:c1-dev.f801298f-f193-4438-bc87-81ed549308ed", "reason": "", "target": "m03_4d022eabc5414c14a49c1ffdd57ec885"}
{"correlation_id": "43417249-0229-4efe-8edb-7d92f6b94be6", "operation": "changeset_create", "outcome": "allowed", "principal": "user:c1-dev.f801298f-f193-4438-bc87-81ed549308ed", "reason": "", "target": "urn:c1:instance:dev:changeset-500d92ac10054741ade91cc5cef01364"}
{"correlation_id": "0c83cfb2-aecb-44ef-9353-df800d919825", "operation": "changeset_read", "outcome": "allowed", "principal": "user:c1-dev.f801298f-f193-4438-bc87-81ed549308ed", "reason": "", "target": "urn:c1:instance:dev:changeset-500d92ac10054741ade91cc5cef01364"}
{"correlation_id": "fc39641b-4abd-493c-86f9-94998affa628", "operation": "changeset_submit", "outcome": "allowed", "principal": "user:c1-dev.f801298f-f193-4438-bc87-81ed549308ed", "reason": "", "target": "urn:c1:instance:dev:changeset-500d92ac10054741ade91cc5cef01364"}
{"correlation_id": "55eb3889-46ea-4a45-993f-32934a65c78e", "operation": "changeset_approve", "outcome": "allowed", "principal": "user:c1-dev.2c8d560f-a67a-4801-8621-e597415decd4", "reason": "", "target": "urn:c1:instance:dev:changeset-500d92ac10054741ade91cc5cef01364"}
{"correlation_id": "7b2fd523-ce8f-45dd-9c59-3372077c9018", "operation": "changeset_apply", "outcome": "allowed", "principal": "user:c1-dev.2c8d560f-a67a-4801-8621-e597415decd4", "reason": "", "target": "urn:c1:instance:dev:changeset-500d92ac10054741ade91cc5cef01364"}
{"correlation_id": "be910746-288f-4092-9eb0-8b2f42ed177d", "operation": "instance_read", "outcome": "allowed", "principal": "user:c1-dev.2c8d560f-a67a-4801-8621-e597415decd4", "reason": "", "target": "m03_4d022eabc5414c14a49c1ffdd57ec885"}
{"correlation_id": "36ac1cb4-d674-4191-a969-c5707739c038", "operation": "resource_read", "outcome": "denied", "principal": "user:c1-dev.710d299c-4393-4f32-b84c-e6c81c8382ad", "reason": "not_found", "target": ""}
{"correlation_id": "3c304f49-8e43-4e40-8524-49e2f4c4877a", "operation": "resource_read", "outcome": "denied", "principal": "user:c1-dev.710d299c-4393-4f32-b84c-e6c81c8382ad", "reason": "not_found", "target": ""}
{"correlation_id": "ecf2cc4b-605d-42e2-aced-2bf13504a7d8", "operation": "instance_read", "outcome": "allowed", "principal": "user:c1-dev.710d299c-4393-4f32-b84c-e6c81c8382ad", "reason": "", "target": "m03_4d022eabc5414c14a49c1ffdd57ec885"}
{"correlation_id": "1c04e437-ac90-475b-b09b-519c6bac2529", "operation": "changeset_create", "outcome": "allowed", "principal": "user:c1-dev.710d299c-4393-4f32-b84c-e6c81c8382ad", "reason": "", "target": "urn:c1:instance:dev:changeset-7ba1ed653177458da3ec75887dbc9aad"}
{"correlation_id": "eb269ae0-09ee-4e6c-beae-0119f814deef", "operation": "changeset_read", "outcome": "allowed", "principal": "user:c1-dev.710d299c-4393-4f32-b84c-e6c81c8382ad", "reason": "", "target": "urn:c1:instance:dev:changeset-7ba1ed653177458da3ec75887dbc9aad"}
{"correlation_id": "fb0eb9a2-cc3d-4f64-8309-f581269c1fe8", "operation": "changeset_submit", "outcome": "allowed", "principal": "user:c1-dev.710d299c-4393-4f32-b84c-e6c81c8382ad", "reason": "", "target": "urn:c1:instance:dev:changeset-7ba1ed653177458da3ec75887dbc9aad"}
{"correlation_id": "1df5c9c0-5ca2-4cd2-94e2-edc90fec7cf3", "operation": "changeset_approve", "outcome": "allowed", "principal": "user:c1-dev.2c8d560f-a67a-4801-8621-e597415decd4", "reason": "", "target": "urn:c1:instance:dev:changeset-7ba1ed653177458da3ec75887dbc9aad"}
{"correlation_id": "94a65738-0c93-48b9-9bf3-07577d58c87a", "operation": "changeset_apply", "outcome": "allowed", "principal": "user:c1-dev.2c8d560f-a67a-4801-8621-e597415decd4", "reason": "", "target": "urn:c1:instance:dev:changeset-7ba1ed653177458da3ec75887dbc9aad"}
{"correlation_id": "4860e1cf-126d-4bef-8113-e1fb3135502b", "operation": "instance_read", "outcome": "allowed", "principal": "user:c1-dev.2c8d560f-a67a-4801-8621-e597415decd4", "reason": "", "target": "m03_4d022eabc5414c14a49c1ffdd57ec885"}
{"correlation_id": "7abaf34f-26df-48ce-9d66-94777f34b290", "operation": "resource_read", "outcome": "denied", "principal": "user:c1-dev.f801298f-f193-4438-bc87-81ed549308ed", "reason": "not_found", "target": ""}
{"correlation_id": "0a0cbedd-0e9a-47c3-ad2b-83e66c4325a3", "operation": "resource_read", "outcome": "denied", "principal": "user:c1-dev.f801298f-f193-4438-bc87-81ed549308ed", "reason": "not_found", "target": ""}
{"correlation_id": "281d657f-d0c6-4da7-9f7e-edd92c666dbf", "operation": "instance_read", "outcome": "allowed", "principal": "user:c1-dev.f801298f-f193-4438-bc87-81ed549308ed", "reason": "", "target": "m03_4d022eabc5414c14a49c1ffdd57ec885"}
{"correlation_id": "f784abc6-99aa-4b15-a9f3-db4d376998ab", "operation": "changeset_create", "outcome": "allowed", "principal": "user:c1-dev.f801298f-f193-4438-bc87-81ed549308ed", "reason": "", "target": "urn:c1:instance:dev:changeset-4e2c780e8ae14854ba985023f908b294"}
{"correlation_id": "82619809-cd6e-48a0-b60f-356fa1f6ca59", "operation": "changeset_read", "outcome": "allowed", "principal": "user:c1-dev.f801298f-f193-4438-bc87-81ed549308ed", "reason": "", "target": "urn:c1:instance:dev:changeset-4e2c780e8ae14854ba985023f908b294"}
{"correlation_id": "354ad9de-c37b-4dd4-b067-fba739ba8011", "operation": "changeset_submit", "outcome": "allowed", "principal": "user:c1-dev.f801298f-f193-4438-bc87-81ed549308ed", "reason": "", "target": "urn:c1:instance:dev:changeset-4e2c780e8ae14854ba985023f908b294"}
{"correlation_id": "3bcb63b3-c0b9-4b00-b316-7628cb992294", "operation": "changeset_approve", "outcome": "allowed", "principal": "user:c1-dev.2c8d560f-a67a-4801-8621-e597415decd4", "reason": "", "target": "urn:c1:instance:dev:changeset-4e2c780e8ae14854ba985023f908b294"}
{"correlation_id": "69beb2a2-a33c-4f51-bc32-cb1c9e2f4eaf", "operation": "changeset_apply", "outcome": "allowed", "principal": "user:c1-dev.2c8d560f-a67a-4801-8621-e597415decd4", "reason": "", "target": "urn:c1:instance:dev:changeset-4e2c780e8ae14854ba985023f908b294"}
{"correlation_id": "65579ca4-a268-413f-9e35-89a8dc46de23", "operation": "instance_read", "outcome": "allowed", "principal": "user:c1-dev.2c8d560f-a67a-4801-8621-e597415decd4", "reason": "", "target": "m03_4d022eabc5414c14a49c1ffdd57ec885"}
{"correlation_id": "93e9121c-821c-4072-8b7c-6c5a3c2cbef1", "operation": "resource_read", "outcome": "denied", "principal": "user:c1-dev.fbcf5049-980c-4ed4-8c8a-4f7137e8a927", "reason": "not_found", "target": ""}
{"correlation_id": "10f4b698-864f-4aeb-9919-e34acea17760", "operation": "instance_read", "outcome": "allowed", "principal": "user:c1-dev.fbcf5049-980c-4ed4-8c8a-4f7137e8a927", "reason": "", "target": "m03_4d022eabc5414c14a49c1ffdd57ec885"}
{"correlation_id": "2d8655f9-e4f4-4c2b-bad8-51d48015b12d", "operation": "changeset_create", "outcome": "allowed", "principal": "user:c1-dev.fbcf5049-980c-4ed4-8c8a-4f7137e8a927", "reason": "", "target": "urn:c1:instance:dev:changeset-fd017d7f87024d96883e53cc40be43a3"}
{"correlation_id": "23e3113b-0dc9-447e-9d56-f0c3af9e3440", "operation": "changeset_read", "outcome": "allowed", "principal": "user:c1-dev.fbcf5049-980c-4ed4-8c8a-4f7137e8a927", "reason": "", "target": "urn:c1:instance:dev:changeset-fd017d7f87024d96883e53cc40be43a3"}
{"correlation_id": "65814223-9176-4c47-af75-4fe8e415cc49", "operation": "changeset_submit", "outcome": "allowed", "principal": "user:c1-dev.fbcf5049-980c-4ed4-8c8a-4f7137e8a927", "reason": "", "target": "urn:c1:instance:dev:changeset-fd017d7f87024d96883e53cc40be43a3"}
{"correlation_id": "9500d3d7-d3c2-4039-8858-8b0c9b2202f3", "operation": "changeset_approve", "outcome": "allowed", "principal": "user:c1-dev.2c8d560f-a67a-4801-8621-e597415decd4", "reason": "", "target": "urn:c1:instance:dev:changeset-fd017d7f87024d96883e53cc40be43a3"}
{"correlation_id": "bab47291-e078-49ac-b5ab-fa6aabc206ee", "operation": "changeset_apply", "outcome": "allowed", "principal": "user:c1-dev.2c8d560f-a67a-4801-8621-e597415decd4", "reason": "", "target": "urn:c1:instance:dev:changeset-fd017d7f87024d96883e53cc40be43a3"}
{"correlation_id": "574d261d-9587-45fa-89fe-d69ab151a027", "operation": "instance_read", "outcome": "allowed", "principal": "user:c1-dev.2c8d560f-a67a-4801-8621-e597415decd4", "reason": "", "target": "m03_4d022eabc5414c14a49c1ffdd57ec885"}
{"correlation_id": "9f1d2093-42fc-4210-9e83-602ec1ac177d", "operation": "resource_read", "outcome": "denied", "principal": "user:c1-dev.fbcf5049-980c-4ed4-8c8a-4f7137e8a927", "reason": "not_found", "target": ""}
{"correlation_id": "a96813df-f10f-433b-9507-8a74a38f4a3f", "operation": "resource_read", "outcome": "denied", "principal": "user:c1-dev.fbcf5049-980c-4ed4-8c8a-4f7137e8a927", "reason": "not_found", "target": ""}
{"correlation_id": "8540ccc7-1be7-4229-9d0f-32e017a7095f", "operation": "instance_read", "outcome": "allowed", "principal": "user:c1-dev.fbcf5049-980c-4ed4-8c8a-4f7137e8a927", "reason": "", "target": "m03_4d022eabc5414c14a49c1ffdd57ec885"}
{"correlation_id": "4c960efe-e1a6-4dd6-88f6-7d8841cb8c21", "operation": "changeset_create", "outcome": "allowed", "principal": "user:c1-dev.fbcf5049-980c-4ed4-8c8a-4f7137e8a927", "reason": "", "target": "urn:c1:instance:dev:changeset-2464c3b55acf45a9b43a16cba7576e94"}
{"correlation_id": "9d220b8e-9af2-4916-a858-9387be7208ed", "operation": "changeset_read", "outcome": "allowed", "principal": "user:c1-dev.fbcf5049-980c-4ed4-8c8a-4f7137e8a927", "reason": "", "target": "urn:c1:instance:dev:changeset-2464c3b55acf45a9b43a16cba7576e94"}
{"correlation_id": "9cadb045-f7b1-4a6c-a11c-b7c5883a2059", "operation": "changeset_submit", "outcome": "allowed", "principal": "user:c1-dev.fbcf5049-980c-4ed4-8c8a-4f7137e8a927", "reason": "", "target": "urn:c1:instance:dev:changeset-2464c3b55acf45a9b43a16cba7576e94"}
{"correlation_id": "cbe7b4ba-4bfd-4957-a995-9bcf5611eced", "operation": "changeset_approve", "outcome": "allowed", "principal": "user:c1-dev.2c8d560f-a67a-4801-8621-e597415decd4", "reason": "", "target": "urn:c1:instance:dev:changeset-2464c3b55acf45a9b43a16cba7576e94"}
{"correlation_id": "76944dcc-8c7b-47fb-986a-9aa9f522e3d6", "operation": "changeset_apply", "outcome": "allowed", "principal": "user:c1-dev.2c8d560f-a67a-4801-8621-e597415decd4", "reason": "", "target": "urn:c1:instance:dev:changeset-2464c3b55acf45a9b43a16cba7576e94"}
{"correlation_id": "bc97787f-db3b-40bb-a9c6-a3afbee5a533", "operation": "instance_read", "outcome": "allowed", "principal": "user:c1-dev.2c8d560f-a67a-4801-8621-e597415decd4", "reason": "", "target": "m03_4d022eabc5414c14a49c1ffdd57ec885"}
{"correlation_id": "ab067522-781f-4d4a-a6ea-f03f7c3d1f8c", "operation": "resource_read", "outcome": "denied", "principal": "user:c1-dev.fbcf5049-980c-4ed4-8c8a-4f7137e8a927", "reason": "not_found", "target": ""}
{"correlation_id": "672655aa-2a1f-42a4-b476-edb449be99f1", "operation": "resource_read", "outcome": "denied", "principal": "user:c1-dev.fbcf5049-980c-4ed4-8c8a-4f7137e8a927", "reason": "not_found", "target": ""}
{"correlation_id": "77f175c0-24f3-4414-8597-be42c1e60a40", "operation": "instance_read", "outcome": "allowed", "principal": "user:c1-dev.fbcf5049-980c-4ed4-8c8a-4f7137e8a927", "reason": "", "target": "m03_4d022eabc5414c14a49c1ffdd57ec885"}
{"correlation_id": "b7b393c7-69d4-489a-946f-c0ee9994cbdb", "operation": "changeset_create", "outcome": "allowed", "principal": "user:c1-dev.fbcf5049-980c-4ed4-8c8a-4f7137e8a927", "reason": "", "target": "urn:c1:instance:dev:changeset-ccb203d4577240138a4bb4d0de06be88"}
{"correlation_id": "08962fc9-9bb7-4d4c-9885-5be97b0164ad", "operation": "changeset_read", "outcome": "allowed", "principal": "user:c1-dev.fbcf5049-980c-4ed4-8c8a-4f7137e8a927", "reason": "", "target": "urn:c1:instance:dev:changeset-ccb203d4577240138a4bb4d0de06be88"}
{"correlation_id": "2f7e6c3f-1a5d-4473-908e-508bf4b21fcb", "operation": "changeset_submit", "outcome": "allowed", "principal": "user:c1-dev.fbcf5049-980c-4ed4-8c8a-4f7137e8a927", "reason": "", "target": "urn:c1:instance:dev:changeset-ccb203d4577240138a4bb4d0de06be88"}
{"correlation_id": "ed3ac872-f49f-46dd-afe4-c8ffbdb6d8cc", "operation": "changeset_approve", "outcome": "allowed", "principal": "user:c1-dev.2c8d560f-a67a-4801-8621-e597415decd4", "reason": "", "target": "urn:c1:instance:dev:changeset-ccb203d4577240138a4bb4d0de06be88"}
{"correlation_id": "d2471ba9-49f8-4618-a4c1-7625966e1077", "operation": "changeset_apply", "outcome": "allowed", "principal": "user:c1-dev.2c8d560f-a67a-4801-8621-e597415decd4", "reason": "", "target": "urn:c1:instance:dev:changeset-ccb203d4577240138a4bb4d0de06be88"}
{"correlation_id": "b898c4b3-2c4c-45a4-998f-5d4740dea452", "operation": "instance_read", "outcome": "allowed", "principal": "user:c1-dev.2c8d560f-a67a-4801-8621-e597415decd4", "reason": "", "target": "m03_4d022eabc5414c14a49c1ffdd57ec885"}
{"correlation_id": "d17601b0-2b2e-411a-a89d-694f9d259da9", "operation": "resource_read", "outcome": "denied", "principal": "user:c1-dev.fbcf5049-980c-4ed4-8c8a-4f7137e8a927", "reason": "not_found", "target": ""}
{"correlation_id": "3d3cec2a-a416-4c25-aa31-c145438c0aba", "operation": "resource_read", "outcome": "denied", "principal": "user:c1-dev.fbcf5049-980c-4ed4-8c8a-4f7137e8a927", "reason": "not_found", "target": ""}
{"correlation_id": "2391c485-42b3-46a3-9e35-ad9f8eae9053", "operation": "instance_read", "outcome": "allowed", "principal": "user:c1-dev.fbcf5049-980c-4ed4-8c8a-4f7137e8a927", "reason": "", "target": "m03_4d022eabc5414c14a49c1ffdd57ec885"}
{"correlation_id": "a9f62538-de99-4dc0-9f8f-06c8b8c85364", "operation": "changeset_create", "outcome": "allowed", "principal": "user:c1-dev.fbcf5049-980c-4ed4-8c8a-4f7137e8a927", "reason": "", "target": "urn:c1:instance:dev:changeset-72ec3abb46c14b048a67fb68330ffc91"}
{"correlation_id": "818113b6-dfee-425a-a616-a5bc85eec7c8", "operation": "changeset_read", "outcome": "allowed", "principal": "user:c1-dev.fbcf5049-980c-4ed4-8c8a-4f7137e8a927", "reason": "", "target": "urn:c1:instance:dev:changeset-72ec3abb46c14b048a67fb68330ffc91"}
{"correlation_id": "d272a643-e78b-4ef6-b72c-855699a671bb", "operation": "changeset_submit", "outcome": "allowed", "principal": "user:c1-dev.fbcf5049-980c-4ed4-8c8a-4f7137e8a927", "reason": "", "target": "urn:c1:instance:dev:changeset-72ec3abb46c14b048a67fb68330ffc91"}
{"correlation_id": "bacfc24c-371c-4751-bf4f-cd97fa248310", "operation": "changeset_approve", "outcome": "allowed", "principal": "user:c1-dev.2c8d560f-a67a-4801-8621-e597415decd4", "reason": "", "target": "urn:c1:instance:dev:changeset-72ec3abb46c14b048a67fb68330ffc91"}
{"correlation_id": "fc2f3e11-a45a-44c3-ab0a-dba5e2e406cf", "operation": "changeset_apply", "outcome": "allowed", "principal": "user:c1-dev.2c8d560f-a67a-4801-8621-e597415decd4", "reason": "", "target": "urn:c1:instance:dev:changeset-72ec3abb46c14b048a67fb68330ffc91"}
{"correlation_id": "8f826a73-871e-46cf-93de-353a5a688566", "operation": "instance_read", "outcome": "allowed", "principal": "user:c1-dev.2c8d560f-a67a-4801-8621-e597415decd4", "reason": "", "target": "m03_4d022eabc5414c14a49c1ffdd57ec885"}
{"correlation_id": "009de2a4-af54-4686-a476-6c69d1614df0", "operation": "resource_read", "outcome": "denied", "principal": "user:c1-dev.fbcf5049-980c-4ed4-8c8a-4f7137e8a927", "reason": "not_found", "target": ""}
{"correlation_id": "797f166f-0d25-4bff-838b-7f17a780fbba", "operation": "resource_read", "outcome": "denied", "principal": "user:c1-dev.fbcf5049-980c-4ed4-8c8a-4f7137e8a927", "reason": "not_found", "target": ""}
{"correlation_id": "86bd3475-6dd6-4031-9da9-4544b6e5ffc8", "operation": "instance_read", "outcome": "allowed", "principal": "user:c1-dev.fbcf5049-980c-4ed4-8c8a-4f7137e8a927", "reason": "", "target": "m03_4d022eabc5414c14a49c1ffdd57ec885"}
{"correlation_id": "2590d9cd-019b-45c7-abe7-c618634535d0", "operation": "changeset_create", "outcome": "allowed", "principal": "user:c1-dev.fbcf5049-980c-4ed4-8c8a-4f7137e8a927", "reason": "", "target": "urn:c1:instance:dev:changeset-abb5be73007747109401cd7f6764f87c"}
{"correlation_id": "40d6be89-c985-4379-b97f-030509eb0b9d", "operation": "changeset_read", "outcome": "allowed", "principal": "user:c1-dev.fbcf5049-980c-4ed4-8c8a-4f7137e8a927", "reason": "", "target": "urn:c1:instance:dev:changeset-abb5be73007747109401cd7f6764f87c"}
{"correlation_id": "6814c8ea-bda0-4af0-9eff-b8dbf3f9e033", "operation": "changeset_submit", "outcome": "allowed", "principal": "user:c1-dev.fbcf5049-980c-4ed4-8c8a-4f7137e8a927", "reason": "", "target": "urn:c1:instance:dev:changeset-abb5be73007747109401cd7f6764f87c"}
{"correlation_id": "00d53883-5079-43a6-8d7e-705bec218a42", "operation": "changeset_approve", "outcome": "allowed", "principal": "user:c1-dev.2c8d560f-a67a-4801-8621-e597415decd4", "reason": "", "target": "urn:c1:instance:dev:changeset-abb5be73007747109401cd7f6764f87c"}
{"correlation_id": "05fc9707-2869-443e-a669-38ad44411145", "operation": "changeset_apply", "outcome": "allowed", "principal": "user:c1-dev.2c8d560f-a67a-4801-8621-e597415decd4", "reason": "", "target": "urn:c1:instance:dev:changeset-abb5be73007747109401cd7f6764f87c"}
{"correlation_id": "bbf6a923-f78a-4e51-97ab-4e01b495c337", "operation": "instance_read", "outcome": "allowed", "principal": "user:c1-dev.2c8d560f-a67a-4801-8621-e597415decd4", "reason": "", "target": "m03_4d022eabc5414c14a49c1ffdd57ec885"}
{"correlation_id": "b98bce7f-da23-4f04-a2f5-fc575f2955a3", "operation": "resource_read", "outcome": "denied", "principal": "user:c1-dev.fbcf5049-980c-4ed4-8c8a-4f7137e8a927", "reason": "not_found", "target": ""}
{"correlation_id": "9d74c7bb-78f2-411c-9dcb-86b6d4a43084", "operation": "resource_read", "outcome": "denied", "principal": "user:c1-dev.fbcf5049-980c-4ed4-8c8a-4f7137e8a927", "reason": "not_found", "target": ""}
{"correlation_id": "cc1ead92-c56d-4625-b308-c2496a8f1a1e", "operation": "instance_read", "outcome": "allowed", "principal": "user:c1-dev.fbcf5049-980c-4ed4-8c8a-4f7137e8a927", "reason": "", "target": "m03_4d022eabc5414c14a49c1ffdd57ec885"}
{"correlation_id": "ae332512-4ec6-4b87-9aac-e00b60a41b07", "operation": "changeset_create", "outcome": "allowed", "principal": "user:c1-dev.fbcf5049-980c-4ed4-8c8a-4f7137e8a927", "reason": "", "target": "urn:c1:instance:dev:changeset-e5519c6182e74d1bb3bed629fc586bec"}
{"correlation_id": "31127f97-9bdf-485b-8032-c0461803dba8", "operation": "changeset_read", "outcome": "allowed", "principal": "user:c1-dev.fbcf5049-980c-4ed4-8c8a-4f7137e8a927", "reason": "", "target": "urn:c1:instance:dev:changeset-e5519c6182e74d1bb3bed629fc586bec"}
{"correlation_id": "c866026e-0fa1-4b5b-9d86-c9a345802060", "operation": "changeset_submit", "outcome": "allowed", "principal": "user:c1-dev.fbcf5049-980c-4ed4-8c8a-4f7137e8a927", "reason": "", "target": "urn:c1:instance:dev:changeset-e5519c6182e74d1bb3bed629fc586bec"}
{"correlation_id": "6a6e971c-3b7d-43f7-b1ed-4f988de1305e", "operation": "changeset_approve", "outcome": "allowed", "principal": "user:c1-dev.2c8d560f-a67a-4801-8621-e597415decd4", "reason": "", "target": "urn:c1:instance:dev:changeset-e5519c6182e74d1bb3bed629fc586bec"}
{"correlation_id": "ee90ad8a-2d65-46a9-9897-54af180331d5", "operation": "changeset_apply", "outcome": "allowed", "principal": "user:c1-dev.2c8d560f-a67a-4801-8621-e597415decd4", "reason": "", "target": "urn:c1:instance:dev:changeset-e5519c6182e74d1bb3bed629fc586bec"}
{"correlation_id": "6b52cfa8-ada1-464c-8c3d-a08f319e873b", "operation": "instance_read", "outcome": "allowed", "principal": "user:c1-dev.2c8d560f-a67a-4801-8621-e597415decd4", "reason": "", "target": "m03_4d022eabc5414c14a49c1ffdd57ec885"}
{"correlation_id": "fae6aaa9-502b-42e7-9068-5635b248690c", "operation": "instance_read", "outcome": "allowed", "principal": "user:c1-dev.2c8d560f-a67a-4801-8621-e597415decd4", "reason": "", "target": "m03_4d022eabc5414c14a49c1ffdd57ec885"}
{"correlation_id": "71cd4cc1-154d-410e-99aa-514e8236b7c4", "operation": "context_build", "outcome": "allowed", "principal": "user:c1-dev.f3e9b401-e17b-442b-a7c3-00de007e97b9", "reason": "", "target": ""}
{"correlation_id": "3155f41e-2acd-45f9-8b5c-f42fd4ebb712", "operation": "instance_read", "outcome": "allowed", "principal": "user:c1-dev.52ee7bde-2918-4348-97e9-33ed361e2c99", "reason": "", "target": "m03_4d022eabc5414c14a49c1ffdd57ec885"}
{"correlation_id": "08f44653-ab87-4f47-bfe6-7336e26d0142", "operation": "changeset_create", "outcome": "allowed", "principal": "user:c1-dev.f3e9b401-e17b-442b-a7c3-00de007e97b9", "reason": "", "target": "urn:c1:instance:dev:changeset-f8696547cada498988e5fdb74ae7c317"}
{"correlation_id": "44ec6c90-2048-4943-8413-d5c3c888b012", "operation": "changeset_submit", "outcome": "allowed", "principal": "user:c1-dev.f3e9b401-e17b-442b-a7c3-00de007e97b9", "reason": "", "target": "urn:c1:instance:dev:changeset-f8696547cada498988e5fdb74ae7c317"}
{"correlation_id": "0447a946-bd7b-4bc5-b46c-37a481d23d45", "operation": "changeset_approve", "outcome": "allowed", "principal": "user:c1-dev.37324743-8d1d-4e8f-a42a-8d9f0cb5753c", "reason": "", "target": "urn:c1:instance:dev:changeset-f8696547cada498988e5fdb74ae7c317"}
{"correlation_id": "129ec150-b2f2-4b20-9582-1f4eb7d80f45", "operation": "changeset_apply", "outcome": "allowed", "principal": "user:c1-dev.37324743-8d1d-4e8f-a42a-8d9f0cb5753c", "reason": "", "target": "urn:c1:instance:dev:changeset-f8696547cada498988e5fdb74ae7c317"}
{"correlation_id": "92203510-8fc2-459f-8fd4-58c99532dbe2", "operation": "rescope", "outcome": "proposed", "principal": "user:c1-dev.2c8d560f-a67a-4801-8621-e597415decd4", "reason": "declassification_review_required", "target": "urn:c1:instance:dev:document/8789815b-66a2-4f3a-9fef-9666db93b62d"}
{"correlation_id": "c7d4cdf0-7024-406b-9862-ad272bfcd25c", "operation": "rescope_propose", "outcome": "allowed", "principal": "user:c1-dev.2c8d560f-a67a-4801-8621-e597415decd4", "reason": "", "target": "urn:c1:instance:dev:document/8789815b-66a2-4f3a-9fef-9666db93b62d"}
{"correlation_id": "cd10d023-d8ea-4f08-9d3a-7bc3483e7a7b", "operation": "approve", "outcome": "approved", "principal": "user:c1-dev.1a937a7f-9f67-4643-beb3-fbb06c1284f3", "reason": "authorized", "target": "286434c6-7d2b-4328-91ed-97b01bbb7f66"}
{"correlation_id": "f36463f6-322c-4326-b2ac-6fdd77a8c934", "operation": "rescope_approve", "outcome": "allowed", "principal": "user:c1-dev.1a937a7f-9f67-4643-beb3-fbb06c1284f3", "reason": "", "target": "286434c6-7d2b-4328-91ed-97b01bbb7f66"}
{"correlation_id": "c5aaea4c-8d9f-4d59-81ab-72ac2b3433dd", "operation": "approve", "outcome": "approved", "principal": "user:c1-dev.52ee7bde-2918-4348-97e9-33ed361e2c99", "reason": "authorized", "target": "286434c6-7d2b-4328-91ed-97b01bbb7f66"}
{"correlation_id": "fb225a13-2e6e-476a-9e47-460118046e14", "operation": "rescope_approve", "outcome": "allowed", "principal": "user:c1-dev.52ee7bde-2918-4348-97e9-33ed361e2c99", "reason": "", "target": "286434c6-7d2b-4328-91ed-97b01bbb7f66"}
{"correlation_id": "6ce87207-c36e-4c46-8819-b6b3aca0bdca", "operation": "rescope", "outcome": "applied", "principal": "user:c1-dev.2c8d560f-a67a-4801-8621-e597415decd4", "reason": "confirmed", "target": "urn:c1:instance:dev:document/8789815b-66a2-4f3a-9fef-9666db93b62d"}
{"correlation_id": "64d892bf-b0e8-47bf-8058-c58c6f041444", "operation": "security_apply", "outcome": "allowed", "principal": "user:c1-dev.2c8d560f-a67a-4801-8621-e597415decd4", "reason": "", "target": "286434c6-7d2b-4328-91ed-97b01bbb7f66"}
{"correlation_id": "6cad8a47-1e03-4d14-ba70-48973bf43e09", "operation": "instance_read", "outcome": "allowed", "principal": "user:c1-dev.52ee7bde-2918-4348-97e9-33ed361e2c99", "reason": "", "target": "m03_4d022eabc5414c14a49c1ffdd57ec885"}
{"correlation_id": "eedb7cc7-93f3-4af0-a325-350d774e621b", "operation": "changeset_create", "outcome": "allowed", "principal": "user:c1-dev.f3e9b401-e17b-442b-a7c3-00de007e97b9", "reason": "", "target": "urn:c1:instance:dev:changeset-cedb0722e4814e6b85940a13c2c2e5fd"}
{"correlation_id": "7ed6db1d-d724-48fd-82ff-89d07dd84161", "operation": "changeset_submit", "outcome": "denied", "principal": "user:c1-dev.f3e9b401-e17b-442b-a7c3-00de007e97b9", "reason": "authorization_denied", "target": ""}
