uv run --locked pytest -s -m integration tests/integration -p no:cacheprovider --junitxml docs/evidence/M03/junit.xml
============================= test session starts ==============================
platform linux -- Python 3.13.14, pytest-9.0.2, pluggy-1.6.0
rootdir: /home/tux/personalbuild/c1
configfile: pyproject.toml
plugins: anyio-4.15.1
collected 39 items

tests/integration/m01/test_t01_inventory.py .
tests/integration/m01/test_t02_atomic.py .
tests/integration/m01/test_t03_stale_and_reconcile.py .
tests/integration/m01/test_t04_revisions.py .
tests/integration/m01/test_t05_freshness.py .terminusdb: ready
keycloak: ready
openfga: ready
terminusdb: ready
keycloak: ready
openfga: ready
.
tests/integration/m01/test_t06_publication.py {"crash": "journal", "journal_write_ms": [120.01013598637655, 126.09957699896768, 125.50196197116747]}
.{"crash": "content", "journal_write_ms": [126.03569001657888, 118.91144898254424, 127.57097696885467]}
.{"crash": "binding", "journal_write_ms": [98.58499997062609, 130.52450999384746, 126.61406199913472]}
..
tests/integration/m01/test_t07_interchange.py ..
tests/integration/m02/test_install_guards.py ..
tests/integration/m02/test_t01_roundtrip.py .
tests/integration/m02/test_t02_conflicts.py .
tests/integration/m02/test_t03_no_partial.py ..
tests/integration/m02/test_t04_identity.py .
tests/integration/m02/test_t07_extension.py ..
tests/integration/m03/test_authority_contract.py {"correlation_id": "87d3845d-559f-487f-a239-190b44734660", "operation": "scope_create", "outcome": "applied", "principal": "user:c1-dev.810ccc6a-6084-4c5c-80a3-1cd63e5db6d5", "reason": "confirmed", "target": "102d1624-bee2-493c-9b71-0a7baee3fb65"}
{"correlation_id": "b799b322-0fc3-4e6d-887d-1f1751f279cd", "operation": "scope_create", "outcome": "allowed", "principal": "user:c1-dev.810ccc6a-6084-4c5c-80a3-1cd63e5db6d5", "reason": "", "target": "102d1624-bee2-493c-9b71-0a7baee3fb65"}
{"correlation_id": "f1ab14c4-ad67-4d6d-891a-f1be5bd6d957", "operation": "membership", "outcome": "applied", "principal": "user:c1-dev.810ccc6a-6084-4c5c-80a3-1cd63e5db6d5", "reason": "confirmed", "target": "102d1624-bee2-493c-9b71-0a7baee3fb65"}
{"correlation_id": "5abe3acb-8b7e-44ed-bd6b-a6b4156aedbe", "operation": "scope_member_grant", "outcome": "allowed", "principal": "user:c1-dev.810ccc6a-6084-4c5c-80a3-1cd63e5db6d5", "reason": "", "target": "102d1624-bee2-493c-9b71-0a7baee3fb65"}
{"correlation_id": "55675cd9-035e-4fac-b027-c381778c3562", "operation": "membership", "outcome": "applied", "principal": "user:c1-dev.810ccc6a-6084-4c5c-80a3-1cd63e5db6d5", "reason": "confirmed", "target": "102d1624-bee2-493c-9b71-0a7baee3fb65"}
{"correlation_id": "4bce6d48-9a96-4260-85b4-56d7fcd077db", "operation": "scope_member_grant", "outcome": "allowed", "principal": "user:c1-dev.810ccc6a-6084-4c5c-80a3-1cd63e5db6d5", "reason": "", "target": "102d1624-bee2-493c-9b71-0a7baee3fb65"}
{"correlation_id": "d91362c5-8faf-4151-a0e2-7d9f800f3528", "operation": "membership", "outcome": "applied", "principal": "user:c1-dev.810ccc6a-6084-4c5c-80a3-1cd63e5db6d5", "reason": "confirmed", "target": "102d1624-bee2-493c-9b71-0a7baee3fb65"}
{"correlation_id": "8a173c62-120d-4b18-a3ef-c53ec69df2d7", "operation": "scope_member_grant", "outcome": "allowed", "principal": "user:c1-dev.810ccc6a-6084-4c5c-80a3-1cd63e5db6d5", "reason": "", "target": "102d1624-bee2-493c-9b71-0a7baee3fb65"}
{"correlation_id": "76334431-8d2d-4118-aef5-e781f54282e6", "operation": "scope_create", "outcome": "applied", "principal": "user:c1-dev.810ccc6a-6084-4c5c-80a3-1cd63e5db6d5", "reason": "confirmed", "target": "1b525306-96ff-4dfb-a79c-da76d92a686c"}
{"correlation_id": "7c12e629-d9c2-4028-97ef-6214059df37c", "operation": "scope_create", "outcome": "allowed", "principal": "user:c1-dev.810ccc6a-6084-4c5c-80a3-1cd63e5db6d5", "reason": "", "target": "1b525306-96ff-4dfb-a79c-da76d92a686c"}
{"correlation_id": "e7a7d2ab-5f50-4d8a-b4ae-dfcca52f02db", "operation": "membership", "outcome": "applied", "principal": "user:c1-dev.810ccc6a-6084-4c5c-80a3-1cd63e5db6d5", "reason": "confirmed", "target": "1b525306-96ff-4dfb-a79c-da76d92a686c"}
{"correlation_id": "a5368e2b-2c1e-4c05-9254-0db9fe0f68cf", "operation": "scope_member_grant", "outcome": "allowed", "principal": "user:c1-dev.810ccc6a-6084-4c5c-80a3-1cd63e5db6d5", "reason": "", "target": "1b525306-96ff-4dfb-a79c-da76d92a686c"}
{"correlation_id": "fb0ea757-455f-4973-8f18-7880813a955b", "operation": "membership", "outcome": "applied", "principal": "user:c1-dev.810ccc6a-6084-4c5c-80a3-1cd63e5db6d5", "reason": "confirmed", "target": "1b525306-96ff-4dfb-a79c-da76d92a686c"}
{"correlation_id": "57f3a65e-21d7-4600-ad78-55b30db42e5a", "operation": "scope_member_grant", "outcome": "allowed", "principal": "user:c1-dev.810ccc6a-6084-4c5c-80a3-1cd63e5db6d5", "reason": "", "target": "1b525306-96ff-4dfb-a79c-da76d92a686c"}
{"correlation_id": "d018febf-c505-4cbb-a987-2c71c643bc04", "operation": "membership", "outcome": "applied", "principal": "user:c1-dev.810ccc6a-6084-4c5c-80a3-1cd63e5db6d5", "reason": "confirmed", "target": "1b525306-96ff-4dfb-a79c-da76d92a686c"}
{"correlation_id": "ea249efb-18fb-4b16-ba45-e7d928878eb5", "operation": "scope_member_grant", "outcome": "allowed", "principal": "user:c1-dev.810ccc6a-6084-4c5c-80a3-1cd63e5db6d5", "reason": "", "target": "1b525306-96ff-4dfb-a79c-da76d92a686c"}
{"correlation_id": "4c7b7cbc-4944-4f71-b7ae-38553edbaf96", "operation": "membership", "outcome": "applied", "principal": "user:c1-dev.810ccc6a-6084-4c5c-80a3-1cd63e5db6d5", "reason": "confirmed", "target": "102d1624-bee2-493c-9b71-0a7baee3fb65"}
{"correlation_id": "923fb666-2e46-4d1f-b532-0523871c0f72", "operation": "scope_member_grant", "outcome": "allowed", "principal": "user:c1-dev.810ccc6a-6084-4c5c-80a3-1cd63e5db6d5", "reason": "", "target": "102d1624-bee2-493c-9b71-0a7baee3fb65"}
{"correlation_id": "c3e529f5-6854-41b4-9264-b77b70719a0b", "operation": "provision", "outcome": "applied", "principal": "user:c1-dev.810ccc6a-6084-4c5c-80a3-1cd63e5db6d5", "reason": "confirmed", "target": "urn:c1:probe:entity-48333621b2aa42988d8b599a47df8b86"}
{"correlation_id": "0db53c77-e7b8-4bef-9c4f-a4e14ec92abc", "operation": "probe_provision", "outcome": "allowed", "principal": "user:c1-dev.810ccc6a-6084-4c5c-80a3-1cd63e5db6d5", "reason": "", "target": "urn:c1:probe:entity-48333621b2aa42988d8b599a47df8b86"}
{"correlation_id": "edf548f6-dbe5-41f6-a6e4-5b2a48c10077", "operation": "provision", "outcome": "applied", "principal": "user:c1-dev.810ccc6a-6084-4c5c-80a3-1cd63e5db6d5", "reason": "confirmed", "target": "urn:c1:probe:entity-f9e9ce6735d44364a08557449483e88d"}
{"correlation_id": "fa2bf9b6-7e66-4ec1-938b-a67814eb5fa0", "operation": "probe_provision", "outcome": "allowed", "principal": "user:c1-dev.810ccc6a-6084-4c5c-80a3-1cd63e5db6d5", "reason": "", "target": "urn:c1:probe:entity-f9e9ce6735d44364a08557449483e88d"}
.{"correlation_id": "74911688-0708-4bb5-9817-1105fe7943ac", "operation": "scope_create", "outcome": "applied", "principal": "user:c1-dev.810ccc6a-6084-4c5c-80a3-1cd63e5db6d5", "reason": "confirmed", "target": "b7a1159e-d000-4aa8-9812-9187442c7e7f"}
{"correlation_id": "75230bc4-a62a-4dad-8e53-409a9ea87a84", "operation": "scope_create", "outcome": "allowed", "principal": "user:c1-dev.810ccc6a-6084-4c5c-80a3-1cd63e5db6d5", "reason": "", "target": "b7a1159e-d000-4aa8-9812-9187442c7e7f"}
{"correlation_id": "b003b6a1-cf75-4c03-b5e8-cd7b51b3e810", "operation": "membership", "outcome": "applied", "principal": "user:c1-dev.810ccc6a-6084-4c5c-80a3-1cd63e5db6d5", "reason": "confirmed", "target": "b7a1159e-d000-4aa8-9812-9187442c7e7f"}
{"correlation_id": "b5a2aa15-0c41-42b3-bbc4-7fb307b0be47", "operation": "scope_member_grant", "outcome": "allowed", "principal": "user:c1-dev.810ccc6a-6084-4c5c-80a3-1cd63e5db6d5", "reason": "", "target": "b7a1159e-d000-4aa8-9812-9187442c7e7f"}
{"correlation_id": "9d77f316-0240-479a-a6fc-06448b6e6e92", "operation": "membership", "outcome": "applied", "principal": "user:c1-dev.810ccc6a-6084-4c5c-80a3-1cd63e5db6d5", "reason": "confirmed", "target": "b7a1159e-d000-4aa8-9812-9187442c7e7f"}
{"correlation_id": "40e5a5f2-a8b5-45ea-a7f8-f3b7fb13c6e5", "operation": "scope_member_grant", "outcome": "allowed", "principal": "user:c1-dev.810ccc6a-6084-4c5c-80a3-1cd63e5db6d5", "reason": "", "target": "b7a1159e-d000-4aa8-9812-9187442c7e7f"}
{"correlation_id": "3c9d34f4-9f90-4875-9234-0a316e831a00", "operation": "membership", "outcome": "applied", "principal": "user:c1-dev.810ccc6a-6084-4c5c-80a3-1cd63e5db6d5", "reason": "confirmed", "target": "b7a1159e-d000-4aa8-9812-9187442c7e7f"}
{"correlation_id": "92a33f67-1436-4a13-ada3-f5b779a9ff6e", "operation": "scope_member_grant", "outcome": "allowed", "principal": "user:c1-dev.810ccc6a-6084-4c5c-80a3-1cd63e5db6d5", "reason": "", "target": "b7a1159e-d000-4aa8-9812-9187442c7e7f"}
{"correlation_id": "9197e78b-fcab-4135-bfb3-76809814e32b", "operation": "scope_create", "outcome": "applied", "principal": "user:c1-dev.810ccc6a-6084-4c5c-80a3-1cd63e5db6d5", "reason": "confirmed", "target": "b1db6f62-d520-4180-ac45-b393bf7dab9b"}
{"correlation_id": "9b57dde4-1b8b-4b3b-bc74-29728e77cf3f", "operation": "scope_create", "outcome": "allowed", "principal": "user:c1-dev.810ccc6a-6084-4c5c-80a3-1cd63e5db6d5", "reason": "", "target": "b1db6f62-d520-4180-ac45-b393bf7dab9b"}
{"correlation_id": "66bdb212-28ca-4454-bfe4-de325dd28410", "operation": "membership", "outcome": "applied", "principal": "user:c1-dev.810ccc6a-6084-4c5c-80a3-1cd63e5db6d5", "reason": "confirmed", "target": "b1db6f62-d520-4180-ac45-b393bf7dab9b"}
{"correlation_id": "3e920182-b96a-45b6-9a75-3f3b57c2e88d", "operation": "scope_member_grant", "outcome": "allowed", "principal": "user:c1-dev.810ccc6a-6084-4c5c-80a3-1cd63e5db6d5", "reason": "", "target": "b1db6f62-d520-4180-ac45-b393bf7dab9b"}
{"correlation_id": "e735e03b-e207-43ab-bc69-bed0fc1b0514", "operation": "membership", "outcome": "applied", "principal": "user:c1-dev.810ccc6a-6084-4c5c-80a3-1cd63e5db6d5", "reason": "confirmed", "target": "b1db6f62-d520-4180-ac45-b393bf7dab9b"}
{"correlation_id": "9672e2fa-964d-4355-9476-b31ee7ac0deb", "operation": "scope_member_grant", "outcome": "allowed", "principal": "user:c1-dev.810ccc6a-6084-4c5c-80a3-1cd63e5db6d5", "reason": "", "target": "b1db6f62-d520-4180-ac45-b393bf7dab9b"}
{"correlation_id": "c3c18c49-68a3-460d-977f-98f156faada6", "operation": "membership", "outcome": "applied", "principal": "user:c1-dev.810ccc6a-6084-4c5c-80a3-1cd63e5db6d5", "reason": "confirmed", "target": "b1db6f62-d520-4180-ac45-b393bf7dab9b"}
{"correlation_id": "d556c309-ed3d-4d4a-b43d-17cb47a276e0", "operation": "scope_member_grant", "outcome": "allowed", "principal": "user:c1-dev.810ccc6a-6084-4c5c-80a3-1cd63e5db6d5", "reason": "", "target": "b1db6f62-d520-4180-ac45-b393bf7dab9b"}
{"correlation_id": "8a5cc855-7b4d-46c5-b0e3-27cab7b09d5d", "operation": "membership", "outcome": "applied", "principal": "user:c1-dev.810ccc6a-6084-4c5c-80a3-1cd63e5db6d5", "reason": "confirmed", "target": "b1db6f62-d520-4180-ac45-b393bf7dab9b"}
{"correlation_id": "47a19fc0-a800-453a-86b0-f901443f6144", "operation": "scope_member_grant", "outcome": "allowed", "principal": "user:c1-dev.810ccc6a-6084-4c5c-80a3-1cd63e5db6d5", "reason": "", "target": "b1db6f62-d520-4180-ac45-b393bf7dab9b"}
{"correlation_id": "cd2e7ac5-368f-4c8c-b17d-1b6e87f453e8", "operation": "membership", "outcome": "applied", "principal": "user:c1-dev.810ccc6a-6084-4c5c-80a3-1cd63e5db6d5", "reason": "confirmed", "target": "b7a1159e-d000-4aa8-9812-9187442c7e7f"}
{"correlation_id": "addfe64a-3df5-4aa3-a06c-8c93b0cfc37b", "operation": "scope_member_grant", "outcome": "allowed", "principal": "user:c1-dev.810ccc6a-6084-4c5c-80a3-1cd63e5db6d5", "reason": "", "target": "b7a1159e-d000-4aa8-9812-9187442c7e7f"}
{"correlation_id": "ad0f1b3d-f261-4e6e-8d75-cbce4f78c412", "operation": "provision", "outcome": "applied", "principal": "user:c1-dev.810ccc6a-6084-4c5c-80a3-1cd63e5db6d5", "reason": "confirmed", "target": "urn:c1:probe:entity-9344f940dc9943f6b760701fcb6f6bdd"}
{"correlation_id": "22c173d5-ccac-45e4-9cd8-f5075667eeb1", "operation": "probe_provision", "outcome": "allowed", "principal": "user:c1-dev.810ccc6a-6084-4c5c-80a3-1cd63e5db6d5", "reason": "", "target": "urn:c1:probe:entity-9344f940dc9943f6b760701fcb6f6bdd"}
{"correlation_id": "16134f93-8084-4039-82a2-fe8dfb5d5ff9", "operation": "propose_binding", "outcome": "denied", "principal": "user:c1-dev.f496d5b1-2905-4787-b6b0-d0bd643c4af8", "reason": "authorization_denied", "target": ""}
{"correlation_id": "245f740b-9dd0-4805-b493-bc388d3ded86", "operation": "rescope", "outcome": "proposed", "principal": "user:c1-dev.810ccc6a-6084-4c5c-80a3-1cd63e5db6d5", "reason": "declassification_review_required", "target": "urn:c1:probe:entity-9344f940dc9943f6b760701fcb6f6bdd"}
{"correlation_id": "6a3f2a9f-e0b1-47f4-b888-52dadebce8e5", "operation": "rescope_propose", "outcome": "allowed", "principal": "user:c1-dev.810ccc6a-6084-4c5c-80a3-1cd63e5db6d5", "reason": "", "target": "urn:c1:probe:entity-9344f940dc9943f6b760701fcb6f6bdd"}
{"correlation_id": "6027fbaa-46e0-4718-b948-d5aed4ba4972", "operation": "apply", "outcome": "denied", "principal": "user:c1-dev.810ccc6a-6084-4c5c-80a3-1cd63e5db6d5", "reason": "approval_required", "target": ""}
{"correlation_id": "34e565d1-eb24-45b2-aea4-ba90a4d5d9cb", "operation": "approve", "outcome": "denied", "principal": "user:c1-dev.810ccc6a-6084-4c5c-80a3-1cd63e5db6d5", "reason": "independent_review_required", "target": ""}
{"correlation_id": "5cbd3d90-9bfb-4bb0-8ab4-626856ce2a52", "operation": "approve", "outcome": "approved", "principal": "user:c1-dev.bb2bef1a-155e-4a66-988c-0032f22893fd", "reason": "authorized", "target": "1aafccd5-b935-47e7-ba4b-1b8e9b6ebc55"}
{"correlation_id": "35673bb0-370b-42f1-821b-95691fc473f1", "operation": "rescope_approve", "outcome": "allowed", "principal": "user:c1-dev.bb2bef1a-155e-4a66-988c-0032f22893fd", "reason": "", "target": "1aafccd5-b935-47e7-ba4b-1b8e9b6ebc55"}
{"correlation_id": "ef63b802-7ca2-40d1-92ad-68e57177eaf7", "operation": "membership", "outcome": "applied", "principal": "user:c1-dev.810ccc6a-6084-4c5c-80a3-1cd63e5db6d5", "reason": "confirmed", "target": "b1db6f62-d520-4180-ac45-b393bf7dab9b"}
{"correlation_id": "2773780b-d7b5-4eed-8d5b-d4da82b1beb8", "operation": "scope_member_revoke", "outcome": "allowed", "principal": "user:c1-dev.810ccc6a-6084-4c5c-80a3-1cd63e5db6d5", "reason": "", "target": "b1db6f62-d520-4180-ac45-b393bf7dab9b"}
{"correlation_id": "8384f6f3-4ca4-44ea-a5ff-dd10c7eb021a", "operation": "apply", "outcome": "denied", "principal": "user:c1-dev.bb2bef1a-155e-4a66-988c-0032f22893fd", "reason": "authority_revoked", "target": ""}
{"correlation_id": "dc1104ee-8778-4b39-af9b-a96ba4957292", "operation": "membership", "outcome": "applied", "principal": "user:c1-dev.bb2bef1a-155e-4a66-988c-0032f22893fd", "reason": "confirmed", "target": "b1db6f62-d520-4180-ac45-b393bf7dab9b"}
{"correlation_id": "b859c25c-d41b-4f47-9f97-db6db98cb1a0", "operation": "scope_member_grant", "outcome": "allowed", "principal": "user:c1-dev.bb2bef1a-155e-4a66-988c-0032f22893fd", "reason": "", "target": "b1db6f62-d520-4180-ac45-b393bf7dab9b"}
{"correlation_id": "58c2fa35-c5fa-42f2-8ad6-60a7d4f59b95", "operation": "provision", "outcome": "applied", "principal": "user:c1-dev.810ccc6a-6084-4c5c-80a3-1cd63e5db6d5", "reason": "confirmed", "target": "urn:c1:probe:entity-5bb976a6deec439a950efa895c2f2fa3"}
{"correlation_id": "8ec30a79-0d68-455d-bae0-82e08ba37bcd", "operation": "probe_provision", "outcome": "allowed", "principal": "user:c1-dev.810ccc6a-6084-4c5c-80a3-1cd63e5db6d5", "reason": "", "target": "urn:c1:probe:entity-5bb976a6deec439a950efa895c2f2fa3"}
{"correlation_id": "b046c6dd-de4c-4156-af5a-e4ccb1b10758", "operation": "rescope", "outcome": "proposed", "principal": "user:c1-dev.810ccc6a-6084-4c5c-80a3-1cd63e5db6d5", "reason": "declassification_review_required", "target": "urn:c1:probe:entity-5bb976a6deec439a950efa895c2f2fa3"}
{"correlation_id": "7b000b25-fee4-4b00-859c-809fba13eff9", "operation": "rescope_propose", "outcome": "allowed", "principal": "user:c1-dev.810ccc6a-6084-4c5c-80a3-1cd63e5db6d5", "reason": "", "target": "urn:c1:probe:entity-5bb976a6deec439a950efa895c2f2fa3"}
{"correlation_id": "55c3ccf9-a7af-4369-8263-e3027a0896ae", "operation": "approve", "outcome": "approved", "principal": "user:c1-dev.bb2bef1a-155e-4a66-988c-0032f22893fd", "reason": "authorized", "target": "e953a602-8c5b-44af-854e-d071d2672162"}
{"correlation_id": "b7a6807c-0d93-4816-8e54-173e7286d570", "operation": "rescope_approve", "outcome": "allowed", "principal": "user:c1-dev.bb2bef1a-155e-4a66-988c-0032f22893fd", "reason": "", "target": "e953a602-8c5b-44af-854e-d071d2672162"}
{"correlation_id": "3bdf0ab1-a306-4a38-a23e-81570ef4ea75", "operation": "membership", "outcome": "applied", "principal": "user:c1-dev.810ccc6a-6084-4c5c-80a3-1cd63e5db6d5", "reason": "confirmed", "target": "b1db6f62-d520-4180-ac45-b393bf7dab9b"}
{"correlation_id": "563ef7f0-029c-428d-a7dc-9caa64b87a02", "operation": "scope_member_revoke", "outcome": "allowed", "principal": "user:c1-dev.810ccc6a-6084-4c5c-80a3-1cd63e5db6d5", "reason": "", "target": "b1db6f62-d520-4180-ac45-b393bf7dab9b"}
{"correlation_id": "d842caba-de9d-46d7-8e31-b1a92437cf1c", "operation": "apply", "outcome": "denied", "principal": "user:c1-dev.810ccc6a-6084-4c5c-80a3-1cd63e5db6d5", "reason": "authority_revoked", "target": ""}
.
tests/integration/m03/test_cascade.py {"correlation_id": "11d8a7a3-2b6c-4cfe-a537-93f5ecabf322", "operation": "scope_create", "outcome": "applied", "principal": "user:c1-dev.810ccc6a-6084-4c5c-80a3-1cd63e5db6d5", "reason": "confirmed", "target": "8b538490-46a8-4a20-966d-4916c2598c36"}
{"correlation_id": "5068171d-a474-4673-907e-3be86b58f7cc", "operation": "scope_create", "outcome": "allowed", "principal": "user:c1-dev.810ccc6a-6084-4c5c-80a3-1cd63e5db6d5", "reason": "", "target": "8b538490-46a8-4a20-966d-4916c2598c36"}
{"correlation_id": "c4834435-74e0-41e6-a5dc-0728e38dce7b", "operation": "membership", "outcome": "applied", "principal": "user:c1-dev.810ccc6a-6084-4c5c-80a3-1cd63e5db6d5", "reason": "confirmed", "target": "8b538490-46a8-4a20-966d-4916c2598c36"}
{"correlation_id": "dbd2054b-563a-442f-9a9c-ac569656fd23", "operation": "scope_member_grant", "outcome": "allowed", "principal": "user:c1-dev.810ccc6a-6084-4c5c-80a3-1cd63e5db6d5", "reason": "", "target": "8b538490-46a8-4a20-966d-4916c2598c36"}
{"correlation_id": "8110660a-c993-4d91-805d-8ad1404f2317", "operation": "membership", "outcome": "applied", "principal": "user:c1-dev.810ccc6a-6084-4c5c-80a3-1cd63e5db6d5", "reason": "confirmed", "target": "8b538490-46a8-4a20-966d-4916c2598c36"}
{"correlation_id": "4ecfc6f5-cadf-4b72-a9ef-827e9ec27e49", "operation": "scope_member_grant", "outcome": "allowed", "principal": "user:c1-dev.810ccc6a-6084-4c5c-80a3-1cd63e5db6d5", "reason": "", "target": "8b538490-46a8-4a20-966d-4916c2598c36"}
{"correlation_id": "5d9f1aef-f64e-4efd-9dc2-30b46e4c61bd", "operation": "membership", "outcome": "applied", "principal": "user:c1-dev.810ccc6a-6084-4c5c-80a3-1cd63e5db6d5", "reason": "confirmed", "target": "8b538490-46a8-4a20-966d-4916c2598c36"}
{"correlation_id": "87d61d76-bebd-4319-8f25-c48bf4e5bc71", "operation": "scope_member_grant", "outcome": "allowed", "principal": "user:c1-dev.810ccc6a-6084-4c5c-80a3-1cd63e5db6d5", "reason": "", "target": "8b538490-46a8-4a20-966d-4916c2598c36"}
{"correlation_id": "49b0d6f5-bdd4-4120-870d-dcaffcb1dc9a", "operation": "scope_create", "outcome": "applied", "principal": "user:c1-dev.810ccc6a-6084-4c5c-80a3-1cd63e5db6d5", "reason": "confirmed", "target": "e138a00b-5f12-45d2-803a-7e66d1327bea"}
{"correlation_id": "0ffdbbee-39c9-4ec0-99ce-4512d66f0387", "operation": "scope_create", "outcome": "allowed", "principal": "user:c1-dev.810ccc6a-6084-4c5c-80a3-1cd63e5db6d5", "reason": "", "target": "e138a00b-5f12-45d2-803a-7e66d1327bea"}
{"correlation_id": "9ad9dbf5-c5b9-4f27-855d-9df68448f194", "operation": "membership", "outcome": "applied", "principal": "user:c1-dev.810ccc6a-6084-4c5c-80a3-1cd63e5db6d5", "reason": "confirmed", "target": "e138a00b-5f12-45d2-803a-7e66d1327bea"}
{"correlation_id": "fea27753-cdfc-46c5-a252-1166ebff660c", "operation": "scope_member_grant", "outcome": "allowed", "principal": "user:c1-dev.810ccc6a-6084-4c5c-80a3-1cd63e5db6d5", "reason": "", "target": "e138a00b-5f12-45d2-803a-7e66d1327bea"}
{"correlation_id": "74b4e2f4-22d7-4d4a-8e8b-31414956e726", "operation": "membership", "outcome": "applied", "principal": "user:c1-dev.810ccc6a-6084-4c5c-80a3-1cd63e5db6d5", "reason": "confirmed", "target": "e138a00b-5f12-45d2-803a-7e66d1327bea"}
{"correlation_id": "5c124bc9-edde-41a0-98eb-b7f67e61f4db", "operation": "scope_member_grant", "outcome": "allowed", "principal": "user:c1-dev.810ccc6a-6084-4c5c-80a3-1cd63e5db6d5", "reason": "", "target": "e138a00b-5f12-45d2-803a-7e66d1327bea"}
{"correlation_id": "effe65f7-9311-4467-8935-c33770d86b44", "operation": "membership", "outcome": "applied", "principal": "user:c1-dev.810ccc6a-6084-4c5c-80a3-1cd63e5db6d5", "reason": "confirmed", "target": "e138a00b-5f12-45d2-803a-7e66d1327bea"}
{"correlation_id": "ae24f1c9-bd5b-47b4-9b1a-92f19ab37aa3", "operation": "scope_member_grant", "outcome": "allowed", "principal": "user:c1-dev.810ccc6a-6084-4c5c-80a3-1cd63e5db6d5", "reason": "", "target": "e138a00b-5f12-45d2-803a-7e66d1327bea"}
{"correlation_id": "bbb6f205-3393-4bc4-af4e-c993f91b73c4", "operation": "scope_create", "outcome": "applied", "principal": "user:c1-dev.810ccc6a-6084-4c5c-80a3-1cd63e5db6d5", "reason": "confirmed", "target": "be484f43-da57-40a5-b899-f54e736e3d28"}
{"correlation_id": "9737432e-0335-41bb-b3c9-cf9b18bcdb73", "operation": "scope_create", "outcome": "allowed", "principal": "user:c1-dev.810ccc6a-6084-4c5c-80a3-1cd63e5db6d5", "reason": "", "target": "be484f43-da57-40a5-b899-f54e736e3d28"}
{"correlation_id": "fbc7d687-3f85-43ea-be80-8249a91dffd9", "operation": "membership", "outcome": "applied", "principal": "user:c1-dev.810ccc6a-6084-4c5c-80a3-1cd63e5db6d5", "reason": "confirmed", "target": "be484f43-da57-40a5-b899-f54e736e3d28"}
{"correlation_id": "020a9353-6433-440f-8d8b-86eefcf37658", "operation": "scope_member_grant", "outcome": "allowed", "principal": "user:c1-dev.810ccc6a-6084-4c5c-80a3-1cd63e5db6d5", "reason": "", "target": "be484f43-da57-40a5-b899-f54e736e3d28"}
{"correlation_id": "23350c3f-55d3-4b41-961e-07711cf02d88", "operation": "membership", "outcome": "applied", "principal": "user:c1-dev.810ccc6a-6084-4c5c-80a3-1cd63e5db6d5", "reason": "confirmed", "target": "be484f43-da57-40a5-b899-f54e736e3d28"}
{"correlation_id": "664d7785-9d04-4e6a-9df4-b8842a3961f5", "operation": "scope_member_grant", "outcome": "allowed", "principal": "user:c1-dev.810ccc6a-6084-4c5c-80a3-1cd63e5db6d5", "reason": "", "target": "be484f43-da57-40a5-b899-f54e736e3d28"}
{"correlation_id": "6fdcc8ac-1446-4512-97cd-f25bec830d04", "operation": "membership", "outcome": "applied", "principal": "user:c1-dev.810ccc6a-6084-4c5c-80a3-1cd63e5db6d5", "reason": "confirmed", "target": "be484f43-da57-40a5-b899-f54e736e3d28"}
{"correlation_id": "d4745777-7684-47e1-b415-ce4ed76a2f2d", "operation": "scope_member_grant", "outcome": "allowed", "principal": "user:c1-dev.810ccc6a-6084-4c5c-80a3-1cd63e5db6d5", "reason": "", "target": "be484f43-da57-40a5-b899-f54e736e3d28"}
{"correlation_id": "70eadd15-fd54-4384-8d82-07808500a7f3", "operation": "membership", "outcome": "applied", "principal": "user:c1-dev.810ccc6a-6084-4c5c-80a3-1cd63e5db6d5", "reason": "confirmed", "target": "8b538490-46a8-4a20-966d-4916c2598c36"}
{"correlation_id": "044f4cee-f6c6-4017-bd3c-98448254f649", "operation": "scope_member_grant", "outcome": "allowed", "principal": "user:c1-dev.810ccc6a-6084-4c5c-80a3-1cd63e5db6d5", "reason": "", "target": "8b538490-46a8-4a20-966d-4916c2598c36"}
{"correlation_id": "a2d06cc6-adeb-4c02-8b48-e276e00a044f", "operation": "membership", "outcome": "applied", "principal": "user:c1-dev.810ccc6a-6084-4c5c-80a3-1cd63e5db6d5", "reason": "confirmed", "target": "be484f43-da57-40a5-b899-f54e736e3d28"}
{"correlation_id": "fa2201f1-cf0f-46f1-bd1b-40b02bc3f221", "operation": "scope_member_grant", "outcome": "allowed", "principal": "user:c1-dev.810ccc6a-6084-4c5c-80a3-1cd63e5db6d5", "reason": "", "target": "be484f43-da57-40a5-b899-f54e736e3d28"}
{"correlation_id": "0905cf79-4cd9-43f1-bdba-459558b3e5cf", "operation": "membership", "outcome": "applied", "principal": "user:c1-dev.810ccc6a-6084-4c5c-80a3-1cd63e5db6d5", "reason": "confirmed", "target": "e138a00b-5f12-45d2-803a-7e66d1327bea"}
{"correlation_id": "fdc37084-ac95-467e-8a79-7505792e1b35", "operation": "scope_member_grant", "outcome": "allowed", "principal": "user:c1-dev.810ccc6a-6084-4c5c-80a3-1cd63e5db6d5", "reason": "", "target": "e138a00b-5f12-45d2-803a-7e66d1327bea"}
{"correlation_id": "1dd8f773-2cd6-4039-bdd8-7c75fa1185e9", "operation": "provision", "outcome": "applied", "principal": "user:c1-dev.810ccc6a-6084-4c5c-80a3-1cd63e5db6d5", "reason": "confirmed", "target": "urn:c1:probe:document-9a4a844e59804e08a4cd016c64f73b0a"}
{"correlation_id": "10149767-dcdb-4982-b0a8-1af0a952be7b", "operation": "probe_provision", "outcome": "allowed", "principal": "user:c1-dev.810ccc6a-6084-4c5c-80a3-1cd63e5db6d5", "reason": "", "target": "urn:c1:probe:document-9a4a844e59804e08a4cd016c64f73b0a"}
{"correlation_id": "2c97c305-9ba3-486b-88e8-edd292b7278b", "operation": "provision", "outcome": "applied", "principal": "user:c1-dev.810ccc6a-6084-4c5c-80a3-1cd63e5db6d5", "reason": "confirmed", "target": "urn:c1:probe:part-db55d5012f2f42b2bfcdb14ab31d5556"}
{"correlation_id": "78c9630d-981d-4300-b033-8448a95c3871", "operation": "probe_provision", "outcome": "allowed", "principal": "user:c1-dev.810ccc6a-6084-4c5c-80a3-1cd63e5db6d5", "reason": "", "target": "urn:c1:probe:part-db55d5012f2f42b2bfcdb14ab31d5556"}
{"correlation_id": "57a8430b-2433-43da-9fdf-b34d016611c4", "operation": "probe_read", "outcome": "allowed", "principal": "user:c1-dev.5f190ba0-9fcd-4fc3-affd-8d6191c05c1c", "reason": "", "target": "urn:c1:probe:document-9a4a844e59804e08a4cd016c64f73b0a"}
{"correlation_id": "4c35381a-a7bc-46a3-a35b-2cb494c40735", "operation": "probe_read", "outcome": "allowed", "principal": "user:c1-dev.5f190ba0-9fcd-4fc3-affd-8d6191c05c1c", "reason": "", "target": "urn:c1:probe:part-db55d5012f2f42b2bfcdb14ab31d5556"}
{"correlation_id": "a56de850-b260-477b-b5e7-b62fb4397ce1", "operation": "rescope", "outcome": "proposed", "principal": "user:c1-dev.810ccc6a-6084-4c5c-80a3-1cd63e5db6d5", "reason": "declassification_review_required", "target": "urn:c1:probe:document-9a4a844e59804e08a4cd016c64f73b0a"}
{"correlation_id": "7b6726bd-39cb-429b-b198-8733177dde41", "operation": "rescope_propose", "outcome": "allowed", "principal": "user:c1-dev.810ccc6a-6084-4c5c-80a3-1cd63e5db6d5", "reason": "", "target": "urn:c1:probe:document-9a4a844e59804e08a4cd016c64f73b0a"}
{"correlation_id": "2937489b-de63-463a-8ad7-64fb015d4d01", "operation": "approve", "outcome": "approved", "principal": "user:c1-dev.bb2bef1a-155e-4a66-988c-0032f22893fd", "reason": "authorized", "target": "e33f50cb-f4ea-44ec-a14f-a1fe8b2c952c"}
{"correlation_id": "e3ab2f18-6320-4865-8afc-fd8d78630a1c", "operation": "rescope_approve", "outcome": "allowed", "principal": "user:c1-dev.bb2bef1a-155e-4a66-988c-0032f22893fd", "reason": "", "target": "e33f50cb-f4ea-44ec-a14f-a1fe8b2c952c"}
{"correlation_id": "dc10baee-3cb2-4f86-8ba6-7f38a6a2bbe7", "operation": "provision", "outcome": "applied", "principal": "user:c1-dev.810ccc6a-6084-4c5c-80a3-1cd63e5db6d5", "reason": "confirmed", "target": "urn:c1:probe:part-2cc420cf9eb640708d2f82bddd7efb8a"}
{"correlation_id": "86163ce0-d5bb-48ca-b40e-4a4bfd3c84b5", "operation": "probe_provision", "outcome": "allowed", "principal": "user:c1-dev.810ccc6a-6084-4c5c-80a3-1cd63e5db6d5", "reason": "", "target": "urn:c1:probe:part-2cc420cf9eb640708d2f82bddd7efb8a"}
{"correlation_id": "387d093a-a85a-4791-80f4-cddd54620780", "operation": "apply", "outcome": "denied", "principal": "user:c1-dev.810ccc6a-6084-4c5c-80a3-1cd63e5db6d5", "reason": "stale_security_operation", "target": ""}
{"correlation_id": "1878d7c7-4bcb-46f1-ac54-e341f8afa44e", "operation": "probe_read", "outcome": "allowed", "principal": "user:c1-dev.5f190ba0-9fcd-4fc3-affd-8d6191c05c1c", "reason": "", "target": "urn:c1:probe:document-9a4a844e59804e08a4cd016c64f73b0a"}
{"correlation_id": "69395c2e-f41f-4259-a757-950a1909e7f3", "operation": "probe_read", "outcome": "allowed", "principal": "user:c1-dev.5f190ba0-9fcd-4fc3-affd-8d6191c05c1c", "reason": "", "target": "urn:c1:probe:part-2cc420cf9eb640708d2f82bddd7efb8a"}
{"correlation_id": "8c1ccdf8-ff1c-4101-abb8-b508ceb25229", "operation": "rescope", "outcome": "proposed", "principal": "user:c1-dev.810ccc6a-6084-4c5c-80a3-1cd63e5db6d5", "reason": "declassification_review_required", "target": "urn:c1:probe:document-9a4a844e59804e08a4cd016c64f73b0a"}
{"correlation_id": "30da6dda-2338-4f53-ad5c-19f1b6f7867e", "operation": "rescope_propose", "outcome": "allowed", "principal": "user:c1-dev.810ccc6a-6084-4c5c-80a3-1cd63e5db6d5", "reason": "", "target": "urn:c1:probe:document-9a4a844e59804e08a4cd016c64f73b0a"}
{"correlation_id": "07138ba5-832e-4c0f-9474-1086af92c1e5", "operation": "approve", "outcome": "approved", "principal": "user:c1-dev.bb2bef1a-155e-4a66-988c-0032f22893fd", "reason": "authorized", "target": "d98be06a-5c6f-4fcd-a5f9-858659731f68"}
{"correlation_id": "718971b0-c298-4336-86c7-70dac8eb9c16", "operation": "rescope_approve", "outcome": "allowed", "principal": "user:c1-dev.bb2bef1a-155e-4a66-988c-0032f22893fd", "reason": "", "target": "d98be06a-5c6f-4fcd-a5f9-858659731f68"}
{"correlation_id": "3172b321-9bee-4132-8cd4-d478df46aa2c", "operation": "rescope", "outcome": "applied", "principal": "user:c1-dev.810ccc6a-6084-4c5c-80a3-1cd63e5db6d5", "reason": "confirmed", "target": "urn:c1:probe:document-9a4a844e59804e08a4cd016c64f73b0a"}
{"correlation_id": "6cc4b6c5-1bf4-4cfb-8f90-9f8685351715", "operation": "security_apply", "outcome": "allowed", "principal": "user:c1-dev.810ccc6a-6084-4c5c-80a3-1cd63e5db6d5", "reason": "", "target": "d98be06a-5c6f-4fcd-a5f9-858659731f68"}
{"correlation_id": "5173f06a-0e77-4a00-8aa9-2135692c467f", "operation": "probe_read", "outcome": "denied", "principal": "user:c1-dev.5f190ba0-9fcd-4fc3-affd-8d6191c05c1c", "reason": "not_found", "target": "urn:c1:probe:document-9a4a844e59804e08a4cd016c64f73b0a"}
{"correlation_id": "54c00f34-b875-4ff7-8c47-5f58de0dbe34", "operation": "probe_read", "outcome": "denied", "principal": "user:c1-dev.5f190ba0-9fcd-4fc3-affd-8d6191c05c1c", "reason": "not_found", "target": "urn:c1:probe:part-2cc420cf9eb640708d2f82bddd7efb8a"}
{"correlation_id": "0ce0dcfe-da42-4f72-8f7f-b9e9ddb348ab", "operation": "probe_read", "outcome": "allowed", "principal": "user:c1-dev.5f190ba0-9fcd-4fc3-affd-8d6191c05c1c", "reason": "", "target": "urn:c1:probe:part-db55d5012f2f42b2bfcdb14ab31d5556"}
.
tests/integration/m03/test_journal_contract.py ..{"correlation_id": "65119cf2-cfa5-4c0d-be8c-aacc6579cbbe", "operation": "scope_create", "outcome": "applied", "principal": "user:c1-dev.810ccc6a-6084-4c5c-80a3-1cd63e5db6d5", "reason": "confirmed", "target": "c1332cce-e4ab-46cb-be98-eb5797686f1a"}
{"correlation_id": "4e9a99d3-e705-44a1-bac7-02be06a5be15", "operation": "scope_create", "outcome": "allowed", "principal": "user:c1-dev.810ccc6a-6084-4c5c-80a3-1cd63e5db6d5", "reason": "", "target": "c1332cce-e4ab-46cb-be98-eb5797686f1a"}
{"correlation_id": "ae41c821-c250-4e60-add8-3182a4833362", "operation": "membership", "outcome": "applied", "principal": "user:c1-dev.810ccc6a-6084-4c5c-80a3-1cd63e5db6d5", "reason": "confirmed", "target": "c1332cce-e4ab-46cb-be98-eb5797686f1a"}
{"correlation_id": "05517f47-8cb7-4817-bed6-e84dcee9ea44", "operation": "scope_member_grant", "outcome": "allowed", "principal": "user:c1-dev.810ccc6a-6084-4c5c-80a3-1cd63e5db6d5", "reason": "", "target": "c1332cce-e4ab-46cb-be98-eb5797686f1a"}
{"correlation_id": "2fdc0950-ffbc-45ac-979a-f32b98685f6b", "operation": "membership", "outcome": "applied", "principal": "user:c1-dev.810ccc6a-6084-4c5c-80a3-1cd63e5db6d5", "reason": "confirmed", "target": "c1332cce-e4ab-46cb-be98-eb5797686f1a"}
{"correlation_id": "4892e71b-a487-441e-976b-ec1761a6a6a9", "operation": "scope_member_grant", "outcome": "allowed", "principal": "user:c1-dev.810ccc6a-6084-4c5c-80a3-1cd63e5db6d5", "reason": "", "target": "c1332cce-e4ab-46cb-be98-eb5797686f1a"}
{"correlation_id": "a6fdec9c-abf1-492e-8afb-359cea2c3ce2", "operation": "membership", "outcome": "applied", "principal": "user:c1-dev.810ccc6a-6084-4c5c-80a3-1cd63e5db6d5", "reason": "confirmed", "target": "c1332cce-e4ab-46cb-be98-eb5797686f1a"}
{"correlation_id": "8f899457-58da-4c5f-bb05-fe99ff813f0a", "operation": "scope_member_grant", "outcome": "allowed", "principal": "user:c1-dev.810ccc6a-6084-4c5c-80a3-1cd63e5db6d5", "reason": "", "target": "c1332cce-e4ab-46cb-be98-eb5797686f1a"}
{"correlation_id": "33fead69-b837-41d7-9625-5bb894d3da12", "operation": "provision", "outcome": "applied", "principal": "user:c1-dev.810ccc6a-6084-4c5c-80a3-1cd63e5db6d5", "reason": "confirmed", "target": "urn:c1:probe:entity-9d08b640a2b14edbb5282e7e2f9e0cc8"}
{"correlation_id": "0ddccf20-b806-4cf1-8bf2-261419349b04", "operation": "probe_provision", "outcome": "allowed", "principal": "user:c1-dev.810ccc6a-6084-4c5c-80a3-1cd63e5db6d5", "reason": "", "target": "urn:c1:probe:entity-9d08b640a2b14edbb5282e7e2f9e0cc8"}
{"correlation_id": "43dad603-3180-438d-b89b-868c87f98db8", "operation": "probe_read", "outcome": "allowed", "principal": "user:c1-dev.810ccc6a-6084-4c5c-80a3-1cd63e5db6d5", "reason": "", "target": "urn:c1:probe:entity-9d08b640a2b14edbb5282e7e2f9e0cc8"}
{"correlation_id": "42c49b6e-384d-47df-b12a-c634f567d13f", "operation": "probe_revision", "outcome": "applied", "principal": "user:c1-dev.810ccc6a-6084-4c5c-80a3-1cd63e5db6d5", "reason": "confirmed", "target": "urn:c1:probe:entity-9d08b640a2b14edbb5282e7e2f9e0cc8"}
{"correlation_id": "da010122-93bf-4e40-9a57-f6ee3954f9f6", "operation": "probe_revision", "outcome": "allowed", "principal": "user:c1-dev.810ccc6a-6084-4c5c-80a3-1cd63e5db6d5", "reason": "", "target": "urn:c1:probe:entity-9d08b640a2b14edbb5282e7e2f9e0cc8"}
{"correlation_id": "cbd4f371-8082-48ee-bb13-fd56dc5a1886", "operation": "probe_read", "outcome": "allowed", "principal": "user:c1-dev.810ccc6a-6084-4c5c-80a3-1cd63e5db6d5", "reason": "", "target": "urn:c1:probe:entity-9d08b640a2b14edbb5282e7e2f9e0cc8"}
{"correlation_id": "b534fc5d-c133-4cf3-9fef-9cdd4aa2c369", "operation": "probe_read", "outcome": "allowed", "principal": "user:c1-dev.810ccc6a-6084-4c5c-80a3-1cd63e5db6d5", "reason": "", "target": "urn:c1:probe:entity-9d08b640a2b14edbb5282e7e2f9e0cc8"}
.
tests/integration/m03/test_t01_tokens.py {"correlation_id": "8bcbf7d9-b892-4346-b230-651c410f977b", "operation": "authenticate", "outcome": "denied", "principal": "", "reason": "missing_bearer", "target": ""}
{"correlation_id": "bad0da6e-b238-4a10-a47f-cdcc1bd99697", "operation": "authenticate", "outcome": "denied", "principal": "", "reason": "invalid_token", "target": ""}
{"correlation_id": "b5b8cd84-4422-4a8d-bc8b-a0ad81b7299a", "operation": "whoami", "outcome": "allowed", "principal": "user:c1-dev.5f190ba0-9fcd-4fc3-affd-8d6191c05c1c", "reason": "", "target": ""}
{"correlation_id": "5ba56e50-7fe3-4de6-8192-62ff298865d3", "operation": "whoami", "outcome": "allowed", "principal": "user:c1-dev.0c02d576-45eb-4460-a71e-c184e51f7541", "reason": "", "target": ""}
{"correlation_id": "74644b84-664b-4dda-b4e2-64f45e711d82", "operation": "authenticate", "outcome": "denied", "principal": "", "reason": "invalid_token", "target": ""}
{"correlation_id": "becf2b9f-0780-499e-9742-19efe44ad014", "operation": "authenticate", "outcome": "denied", "principal": "", "reason": "invalid_token", "target": ""}
{"correlation_id": "ecb957ed-142e-45ed-bfcf-4d27566979d4", "operation": "authenticate", "outcome": "denied", "principal": "", "reason": "invalid_token", "target": ""}
{"correlation_id": "6027037d-b4ed-4c05-8500-0a885e154321", "operation": "attempted_delegation", "outcome": "ignored", "principal": "user:c1-dev.5f190ba0-9fcd-4fc3-affd-8d6191c05c1c", "reason": "client_header", "target": ""}
{"correlation_id": "6027037d-b4ed-4c05-8500-0a885e154321", "operation": "whoami", "outcome": "allowed", "principal": "user:c1-dev.5f190ba0-9fcd-4fc3-affd-8d6191c05c1c", "reason": "", "target": ""}
{"correlation_id": "656fb9ad-adbc-47ae-badb-bdc4f48f20b2", "operation": "attempted_delegation", "outcome": "ignored", "principal": "user:c1-dev.5f190ba0-9fcd-4fc3-affd-8d6191c05c1c", "reason": "client_body", "target": ""}
{"correlation_id": "656fb9ad-adbc-47ae-badb-bdc4f48f20b2", "operation": "whoami", "outcome": "allowed", "principal": "user:c1-dev.5f190ba0-9fcd-4fc3-affd-8d6191c05c1c", "reason": "", "target": ""}
{"correlation_id": "e1144a7e-25fc-4709-a80b-5463bcebeb69", "operation": "authenticate", "outcome": "denied", "principal": "", "reason": "invalid_token", "target": ""}
.
tests/integration/m03/test_t02_separation.py {"correlation_id": "9b2d374e-9856-48dc-9694-3e4231890ec6", "operation": "scope_create", "outcome": "applied", "principal": "user:c1-dev.810ccc6a-6084-4c5c-80a3-1cd63e5db6d5", "reason": "confirmed", "target": "10be764d-ac3b-4d2f-b62b-29e95fa775ae"}
{"correlation_id": "255fb9fd-cec5-4199-839a-b4254185851b", "operation": "scope_create", "outcome": "allowed", "principal": "user:c1-dev.810ccc6a-6084-4c5c-80a3-1cd63e5db6d5", "reason": "", "target": "10be764d-ac3b-4d2f-b62b-29e95fa775ae"}
{"correlation_id": "0c29c78e-6511-4a95-b16d-a2e99ea12277", "operation": "membership", "outcome": "applied", "principal": "user:c1-dev.810ccc6a-6084-4c5c-80a3-1cd63e5db6d5", "reason": "confirmed", "target": "10be764d-ac3b-4d2f-b62b-29e95fa775ae"}
{"correlation_id": "afcbce5d-98d7-45bc-84f1-97925af0efc2", "operation": "scope_member_grant", "outcome": "allowed", "principal": "user:c1-dev.810ccc6a-6084-4c5c-80a3-1cd63e5db6d5", "reason": "", "target": "10be764d-ac3b-4d2f-b62b-29e95fa775ae"}
{"correlation_id": "1850901e-813b-4f89-8544-5e45d3a4d1a0", "operation": "membership", "outcome": "applied", "principal": "user:c1-dev.810ccc6a-6084-4c5c-80a3-1cd63e5db6d5", "reason": "confirmed", "target": "10be764d-ac3b-4d2f-b62b-29e95fa775ae"}
{"correlation_id": "6ec91d00-e6a8-414e-8bb7-7ee7918642c3", "operation": "scope_member_grant", "outcome": "allowed", "principal": "user:c1-dev.810ccc6a-6084-4c5c-80a3-1cd63e5db6d5", "reason": "", "target": "10be764d-ac3b-4d2f-b62b-29e95fa775ae"}
{"correlation_id": "294d878c-8c7c-460b-94d3-abab65691728", "operation": "membership", "outcome": "applied", "principal": "user:c1-dev.810ccc6a-6084-4c5c-80a3-1cd63e5db6d5", "reason": "confirmed", "target": "10be764d-ac3b-4d2f-b62b-29e95fa775ae"}
{"correlation_id": "1fae26b8-bc7f-498b-b646-259700b9e872", "operation": "scope_member_grant", "outcome": "allowed", "principal": "user:c1-dev.810ccc6a-6084-4c5c-80a3-1cd63e5db6d5", "reason": "", "target": "10be764d-ac3b-4d2f-b62b-29e95fa775ae"}
{"correlation_id": "31112e75-51b4-4be1-9778-76fc2f77d797", "operation": "membership", "outcome": "applied", "principal": "user:c1-dev.810ccc6a-6084-4c5c-80a3-1cd63e5db6d5", "reason": "confirmed", "target": "10be764d-ac3b-4d2f-b62b-29e95fa775ae"}
{"correlation_id": "9219182a-1dd7-4261-853e-c10af7b6f545", "operation": "scope_member_grant", "outcome": "allowed", "principal": "user:c1-dev.810ccc6a-6084-4c5c-80a3-1cd63e5db6d5", "reason": "", "target": "10be764d-ac3b-4d2f-b62b-29e95fa775ae"}
{"correlation_id": "fd097183-fe85-489e-8483-4d264c0ee735", "operation": "membership", "outcome": "applied", "principal": "user:c1-dev.810ccc6a-6084-4c5c-80a3-1cd63e5db6d5", "reason": "confirmed", "target": "10be764d-ac3b-4d2f-b62b-29e95fa775ae"}
{"correlation_id": "a8480fa0-272e-4d91-92fd-b17ab653a783", "operation": "scope_member_grant", "outcome": "allowed", "principal": "user:c1-dev.810ccc6a-6084-4c5c-80a3-1cd63e5db6d5", "reason": "", "target": "10be764d-ac3b-4d2f-b62b-29e95fa775ae"}
{"correlation_id": "d635b22f-97f0-4577-9c17-b18a7af7b8b2", "operation": "membership", "outcome": "applied", "principal": "user:c1-dev.810ccc6a-6084-4c5c-80a3-1cd63e5db6d5", "reason": "confirmed", "target": "10be764d-ac3b-4d2f-b62b-29e95fa775ae"}
{"correlation_id": "36dd1536-5000-4cb6-a93b-3e91d11bed8b", "operation": "scope_member_grant", "outcome": "allowed", "principal": "user:c1-dev.810ccc6a-6084-4c5c-80a3-1cd63e5db6d5", "reason": "", "target": "10be764d-ac3b-4d2f-b62b-29e95fa775ae"}
{"correlation_id": "c9c13735-86b0-4f08-a62a-5e43b9b6c19d", "operation": "provision", "outcome": "applied", "principal": "user:c1-dev.810ccc6a-6084-4c5c-80a3-1cd63e5db6d5", "reason": "confirmed", "target": "urn:c1:probe:entity-4953fd33faf8472bba634fffa24d7c43"}
{"correlation_id": "74cbd26c-6a08-4b2a-b987-0dda2e9fdc83", "operation": "probe_provision", "outcome": "allowed", "principal": "user:c1-dev.810ccc6a-6084-4c5c-80a3-1cd63e5db6d5", "reason": "", "target": "urn:c1:probe:entity-4953fd33faf8472bba634fffa24d7c43"}
{"correlation_id": "fdf8e2dc-b5bd-49d9-825e-fc962d7d01c6", "operation": "probe_read", "outcome": "allowed", "principal": "user:c1-dev.5f190ba0-9fcd-4fc3-affd-8d6191c05c1c", "reason": "", "target": "urn:c1:probe:entity-4953fd33faf8472bba634fffa24d7c43"}
{"correlation_id": "b52805da-765f-4bb9-856a-8bb4ab989e1a", "operation": "probe_read", "outcome": "denied", "principal": "user:c1-dev.cd03e800-88fc-4033-9aa8-46b366bb80c9", "reason": "not_found", "target": "urn:c1:probe:entity-4953fd33faf8472bba634fffa24d7c43"}
{"correlation_id": "e47ae8a1-a369-45e6-8c63-a75b77efa970", "operation": "probe_read", "outcome": "denied", "principal": "user:c1-dev.097323d6-bb6e-4ccf-978a-6b466ca215cd", "reason": "not_found", "target": "urn:c1:probe:entity-4953fd33faf8472bba634fffa24d7c43"}
{"correlation_id": "7c879706-039c-4b1d-888d-ec7c4aa4aaa1", "operation": "add_member", "outcome": "denied", "principal": "user:c1-dev.cd03e800-88fc-4033-9aa8-46b366bb80c9", "reason": "authorization_denied", "target": ""}
{"correlation_id": "9c1dbf27-97b4-4e72-b1d4-b0ca9f2336eb", "operation": "membership", "outcome": "applied", "principal": "user:c1-dev.810ccc6a-6084-4c5c-80a3-1cd63e5db6d5", "reason": "confirmed", "target": "10be764d-ac3b-4d2f-b62b-29e95fa775ae"}
{"correlation_id": "07c7ec38-70aa-4a57-9628-b5cb4bff1610", "operation": "scope_member_grant", "outcome": "allowed", "principal": "user:c1-dev.810ccc6a-6084-4c5c-80a3-1cd63e5db6d5", "reason": "", "target": "10be764d-ac3b-4d2f-b62b-29e95fa775ae"}
{"correlation_id": "3227ab42-9e08-46e9-9802-2091fa56f772", "operation": "probe_read", "outcome": "allowed", "principal": "user:c1-dev.cd03e800-88fc-4033-9aa8-46b366bb80c9", "reason": "", "target": "urn:c1:probe:entity-4953fd33faf8472bba634fffa24d7c43"}
{"correlation_id": "3da1c81e-018e-4b80-85d4-a9f2981d60c0", "operation": "membership", "outcome": "applied", "principal": "user:c1-dev.810ccc6a-6084-4c5c-80a3-1cd63e5db6d5", "reason": "confirmed", "target": "10be764d-ac3b-4d2f-b62b-29e95fa775ae"}
{"correlation_id": "be25a684-5b85-4ff5-98d7-19c5d2770510", "operation": "scope_member_revoke", "outcome": "allowed", "principal": "user:c1-dev.810ccc6a-6084-4c5c-80a3-1cd63e5db6d5", "reason": "", "target": "10be764d-ac3b-4d2f-b62b-29e95fa775ae"}
{"correlation_id": "5fcdaee4-6575-40dd-ab81-00df0f746829", "operation": "probe_read", "outcome": "denied", "principal": "user:c1-dev.5f190ba0-9fcd-4fc3-affd-8d6191c05c1c", "reason": "not_found", "target": "urn:c1:probe:entity-4953fd33faf8472bba634fffa24d7c43"}
.
tests/integration/m03/test_t03_independent.py {"correlation_id": "00f49173-f05e-42bd-8383-985dab043686", "operation": "scope_create", "outcome": "applied", "principal": "user:c1-dev.810ccc6a-6084-4c5c-80a3-1cd63e5db6d5", "reason": "confirmed", "target": "499ba953-6eee-4533-9497-e448975e7083"}
{"correlation_id": "9f3cc6e4-51bc-4f81-b44b-744216b8b805", "operation": "scope_create", "outcome": "allowed", "principal": "user:c1-dev.810ccc6a-6084-4c5c-80a3-1cd63e5db6d5", "reason": "", "target": "499ba953-6eee-4533-9497-e448975e7083"}
{"correlation_id": "7ad32b3c-db69-4314-aacb-d56fe1d63552", "operation": "membership", "outcome": "applied", "principal": "user:c1-dev.810ccc6a-6084-4c5c-80a3-1cd63e5db6d5", "reason": "confirmed", "target": "499ba953-6eee-4533-9497-e448975e7083"}
{"correlation_id": "15d39c61-38cd-44d3-b279-aea42575c988", "operation": "scope_member_grant", "outcome": "allowed", "principal": "user:c1-dev.810ccc6a-6084-4c5c-80a3-1cd63e5db6d5", "reason": "", "target": "499ba953-6eee-4533-9497-e448975e7083"}
{"correlation_id": "a5400936-41a5-46ba-b0ae-6919ccd3f9c4", "operation": "membership", "outcome": "applied", "principal": "user:c1-dev.810ccc6a-6084-4c5c-80a3-1cd63e5db6d5", "reason": "confirmed", "target": "499ba953-6eee-4533-9497-e448975e7083"}
{"correlation_id": "e02a224d-9a04-4292-aa5f-494a140a0554", "operation": "scope_member_grant", "outcome": "allowed", "principal": "user:c1-dev.810ccc6a-6084-4c5c-80a3-1cd63e5db6d5", "reason": "", "target": "499ba953-6eee-4533-9497-e448975e7083"}
{"correlation_id": "dd8c6305-8bae-4a62-bc48-0535ebc27893", "operation": "membership", "outcome": "applied", "principal": "user:c1-dev.810ccc6a-6084-4c5c-80a3-1cd63e5db6d5", "reason": "confirmed", "target": "499ba953-6eee-4533-9497-e448975e7083"}
{"correlation_id": "eab2882c-d862-4288-9ccf-33900f32674a", "operation": "scope_member_grant", "outcome": "allowed", "principal": "user:c1-dev.810ccc6a-6084-4c5c-80a3-1cd63e5db6d5", "reason": "", "target": "499ba953-6eee-4533-9497-e448975e7083"}
{"correlation_id": "432fcb55-4868-410c-9fd3-9c471a7d31a6", "operation": "scope_create", "outcome": "applied", "principal": "user:c1-dev.810ccc6a-6084-4c5c-80a3-1cd63e5db6d5", "reason": "confirmed", "target": "21c4c948-09d9-4275-ab3c-88d179b81701"}
{"correlation_id": "364cef26-064d-4c4c-8e59-bd1cce1659d5", "operation": "scope_create", "outcome": "allowed", "principal": "user:c1-dev.810ccc6a-6084-4c5c-80a3-1cd63e5db6d5", "reason": "", "target": "21c4c948-09d9-4275-ab3c-88d179b81701"}
{"correlation_id": "eda5a779-3347-45c4-89ef-cb0152b26690", "operation": "membership", "outcome": "applied", "principal": "user:c1-dev.810ccc6a-6084-4c5c-80a3-1cd63e5db6d5", "reason": "confirmed", "target": "21c4c948-09d9-4275-ab3c-88d179b81701"}
{"correlation_id": "720e11bd-c18f-40bb-9151-768375562601", "operation": "scope_member_grant", "outcome": "allowed", "principal": "user:c1-dev.810ccc6a-6084-4c5c-80a3-1cd63e5db6d5", "reason": "", "target": "21c4c948-09d9-4275-ab3c-88d179b81701"}
{"correlation_id": "3b553974-95c4-4da8-be1e-e6fb209037a4", "operation": "membership", "outcome": "applied", "principal": "user:c1-dev.810ccc6a-6084-4c5c-80a3-1cd63e5db6d5", "reason": "confirmed", "target": "21c4c948-09d9-4275-ab3c-88d179b81701"}
{"correlation_id": "e5302f38-d99b-465c-9b4a-04c7af239fb5", "operation": "scope_member_grant", "outcome": "allowed", "principal": "user:c1-dev.810ccc6a-6084-4c5c-80a3-1cd63e5db6d5", "reason": "", "target": "21c4c948-09d9-4275-ab3c-88d179b81701"}
{"correlation_id": "38ed9190-0e24-466c-9413-a88ea34d9f41", "operation": "membership", "outcome": "applied", "principal": "user:c1-dev.810ccc6a-6084-4c5c-80a3-1cd63e5db6d5", "reason": "confirmed", "target": "21c4c948-09d9-4275-ab3c-88d179b81701"}
{"correlation_id": "c1861fa4-a93c-4ae7-9943-1ccbd31e0c9f", "operation": "scope_member_grant", "outcome": "allowed", "principal": "user:c1-dev.810ccc6a-6084-4c5c-80a3-1cd63e5db6d5", "reason": "", "target": "21c4c948-09d9-4275-ab3c-88d179b81701"}
{"correlation_id": "b4d02320-2c4b-4752-bb5b-cdb1eb40583b", "operation": "membership", "outcome": "applied", "principal": "user:c1-dev.810ccc6a-6084-4c5c-80a3-1cd63e5db6d5", "reason": "confirmed", "target": "499ba953-6eee-4533-9497-e448975e7083"}
{"correlation_id": "b82fca2b-75d3-442f-83cf-31478ccac5ac", "operation": "scope_member_grant", "outcome": "allowed", "principal": "user:c1-dev.810ccc6a-6084-4c5c-80a3-1cd63e5db6d5", "reason": "", "target": "499ba953-6eee-4533-9497-e448975e7083"}
{"correlation_id": "9deb2dbc-42c3-4aef-8d30-55988ac4c99f", "operation": "provision", "outcome": "applied", "principal": "user:c1-dev.810ccc6a-6084-4c5c-80a3-1cd63e5db6d5", "reason": "confirmed", "target": "urn:c1:probe:entity-0c3c78f8458f43d6af99cacc6eb41104"}
{"correlation_id": "06bd2612-efa2-4409-a15f-9a851cb06cfe", "operation": "probe_provision", "outcome": "allowed", "principal": "user:c1-dev.810ccc6a-6084-4c5c-80a3-1cd63e5db6d5", "reason": "", "target": "urn:c1:probe:entity-0c3c78f8458f43d6af99cacc6eb41104"}
{"correlation_id": "3f09f54f-0654-4fef-bab9-e93e7fba7b7f", "operation": "provision", "outcome": "applied", "principal": "user:c1-dev.810ccc6a-6084-4c5c-80a3-1cd63e5db6d5", "reason": "confirmed", "target": "urn:c1:probe:entity-0feedf148d564f88940461a081fdd753"}
{"correlation_id": "1874b8e3-8a72-408e-8be3-6c9be28afa0b", "operation": "probe_provision", "outcome": "allowed", "principal": "user:c1-dev.810ccc6a-6084-4c5c-80a3-1cd63e5db6d5", "reason": "", "target": "urn:c1:probe:entity-0feedf148d564f88940461a081fdd753"}
{"correlation_id": "f7629e7a-5171-492d-9590-1a2ed9dffa3e", "operation": "provision", "outcome": "applied", "principal": "user:c1-dev.810ccc6a-6084-4c5c-80a3-1cd63e5db6d5", "reason": "confirmed", "target": "urn:c1:probe:assertion-05e041df409744f68c4fbf08eb4483e1"}
{"correlation_id": "8d197370-7eb5-4a44-9cc2-1446e1fdf9f9", "operation": "probe_provision", "outcome": "allowed", "principal": "user:c1-dev.810ccc6a-6084-4c5c-80a3-1cd63e5db6d5", "reason": "", "target": "urn:c1:probe:assertion-05e041df409744f68c4fbf08eb4483e1"}
{"correlation_id": "55d24161-9f40-41b5-a0d5-118f08eb9907", "operation": "provision", "outcome": "applied", "principal": "user:c1-dev.810ccc6a-6084-4c5c-80a3-1cd63e5db6d5", "reason": "confirmed", "target": "urn:c1:probe:source-4a4b04ba6b064215a2e1c08c90972f6a"}
{"correlation_id": "3f1175ca-3538-482e-b2ab-36d749825c0b", "operation": "probe_provision", "outcome": "allowed", "principal": "user:c1-dev.810ccc6a-6084-4c5c-80a3-1cd63e5db6d5", "reason": "", "target": "urn:c1:probe:source-4a4b04ba6b064215a2e1c08c90972f6a"}
{"correlation_id": "ad9e5710-4f14-4923-b903-e1fbbe0d9baa", "operation": "provision", "outcome": "applied", "principal": "user:c1-dev.810ccc6a-6084-4c5c-80a3-1cd63e5db6d5", "reason": "confirmed", "target": "urn:c1:probe:evidence-2755d25d9a60401bb8812423437de2b4"}
{"correlation_id": "4de87e80-6ecc-493a-b915-9a5be018db4a", "operation": "probe_provision", "outcome": "allowed", "principal": "user:c1-dev.810ccc6a-6084-4c5c-80a3-1cd63e5db6d5", "reason": "", "target": "urn:c1:probe:evidence-2755d25d9a60401bb8812423437de2b4"}
{"correlation_id": "c735ce61-9ecb-4c44-b32f-a0ccdbe51694", "operation": "probe_read", "outcome": "allowed", "principal": "user:c1-dev.5f190ba0-9fcd-4fc3-affd-8d6191c05c1c", "reason": "", "target": "urn:c1:probe:entity-0c3c78f8458f43d6af99cacc6eb41104"}
{"correlation_id": "02cd0f8f-028a-40ce-8782-5495e8dc9287", "operation": "probe_read", "outcome": "allowed", "principal": "user:c1-dev.5f190ba0-9fcd-4fc3-affd-8d6191c05c1c", "reason": "", "target": "urn:c1:probe:entity-0feedf148d564f88940461a081fdd753"}
{"correlation_id": "7259731e-49c0-4dee-8d8a-f996618ec148", "operation": "probe_read", "outcome": "denied", "principal": "user:c1-dev.5f190ba0-9fcd-4fc3-affd-8d6191c05c1c", "reason": "not_found", "target": "urn:c1:probe:assertion-05e041df409744f68c4fbf08eb4483e1"}
{"correlation_id": "75756b81-1a3d-4540-850e-c3d130e88fff", "operation": "probe_read", "outcome": "denied", "principal": "user:c1-dev.5f190ba0-9fcd-4fc3-affd-8d6191c05c1c", "reason": "not_found", "target": "urn:c1:probe:evidence-2755d25d9a60401bb8812423437de2b4"}
{"correlation_id": "5e76bb98-5b63-4a99-a90d-2423e09a6224", "operation": "probe_read", "outcome": "denied", "principal": "user:c1-dev.5f190ba0-9fcd-4fc3-affd-8d6191c05c1c", "reason": "not_found", "target": "urn:c1:probe:source-4a4b04ba6b064215a2e1c08c90972f6a"}
{"correlation_id": "0cefb790-5311-4c7d-8543-f2aee552b0e8", "operation": "probe_read", "outcome": "denied", "principal": "user:c1-dev.5f190ba0-9fcd-4fc3-affd-8d6191c05c1c", "reason": "not_found", "target": "urn:c1:probe:missing-62a440308e884bbb9de5b7454aa2970b"}
{"correlation_id": "95fca991-5520-4561-bba5-87720fa09503", "operation": "probe_read", "outcome": "denied", "principal": "user:c1-dev.5f190ba0-9fcd-4fc3-affd-8d6191c05c1c", "reason": "not_found", "target": "urn:c1:probe:assertion-05e041df409744f68c4fbf08eb4483e1"}
{"correlation_id": "b7ad8337-b758-4941-8993-3d94ca7fbdb4", "operation": "probe_read", "outcome": "denied", "principal": "user:c1-dev.5f190ba0-9fcd-4fc3-affd-8d6191c05c1c", "reason": "not_found", "target": "urn:c1:probe:evidence-2755d25d9a60401bb8812423437de2b4"}
.
tests/integration/m03/test_t04_historical.py {"correlation_id": "43e6fcf5-f145-46c5-b40b-15e199fa5ec6", "operation": "scope_create", "outcome": "applied", "principal": "user:c1-dev.810ccc6a-6084-4c5c-80a3-1cd63e5db6d5", "reason": "confirmed", "target": "314d1fa6-2b70-4dfb-987c-cd02a5607ccd"}
{"correlation_id": "36b3817a-b7e3-4761-801d-b5a7299923cb", "operation": "scope_create", "outcome": "allowed", "principal": "user:c1-dev.810ccc6a-6084-4c5c-80a3-1cd63e5db6d5", "reason": "", "target": "314d1fa6-2b70-4dfb-987c-cd02a5607ccd"}
{"correlation_id": "70340f4f-3685-42f9-9910-03fcf5f5024f", "operation": "membership", "outcome": "applied", "principal": "user:c1-dev.810ccc6a-6084-4c5c-80a3-1cd63e5db6d5", "reason": "confirmed", "target": "314d1fa6-2b70-4dfb-987c-cd02a5607ccd"}
{"correlation_id": "af1fd684-42df-42c8-a733-8450729f355b", "operation": "scope_member_grant", "outcome": "allowed", "principal": "user:c1-dev.810ccc6a-6084-4c5c-80a3-1cd63e5db6d5", "reason": "", "target": "314d1fa6-2b70-4dfb-987c-cd02a5607ccd"}
{"correlation_id": "eb08d0ba-a829-4dc9-ad45-4d537ae5840d", "operation": "membership", "outcome": "applied", "principal": "user:c1-dev.810ccc6a-6084-4c5c-80a3-1cd63e5db6d5", "reason": "confirmed", "target": "314d1fa6-2b70-4dfb-987c-cd02a5607ccd"}
{"correlation_id": "b399e119-6b63-4b5c-b5bb-0fcec562f504", "operation": "scope_member_grant", "outcome": "allowed", "principal": "user:c1-dev.810ccc6a-6084-4c5c-80a3-1cd63e5db6d5", "reason": "", "target": "314d1fa6-2b70-4dfb-987c-cd02a5607ccd"}
{"correlation_id": "f79c7de1-a388-4c16-96ee-1a283a7b4333", "operation": "membership", "outcome": "applied", "principal": "user:c1-dev.810ccc6a-6084-4c5c-80a3-1cd63e5db6d5", "reason": "confirmed", "target": "314d1fa6-2b70-4dfb-987c-cd02a5607ccd"}
{"correlation_id": "14a988c3-0f1e-46a2-a764-dc883c0bb2f1", "operation": "scope_member_grant", "outcome": "allowed", "principal": "user:c1-dev.810ccc6a-6084-4c5c-80a3-1cd63e5db6d5", "reason": "", "target": "314d1fa6-2b70-4dfb-987c-cd02a5607ccd"}
{"correlation_id": "3db229d8-8f95-4a37-9cd3-dc19a9eda34a", "operation": "scope_create", "outcome": "applied", "principal": "user:c1-dev.810ccc6a-6084-4c5c-80a3-1cd63e5db6d5", "reason": "confirmed", "target": "f37bb2ce-c9c0-4879-87b0-bc9b4ed5f453"}
{"correlation_id": "7d066f5d-a583-40fc-bf81-e23edc4b2bbf", "operation": "scope_create", "outcome": "allowed", "principal": "user:c1-dev.810ccc6a-6084-4c5c-80a3-1cd63e5db6d5", "reason": "", "target": "f37bb2ce-c9c0-4879-87b0-bc9b4ed5f453"}
{"correlation_id": "1877c599-a924-4591-86b1-ed5329f0acd9", "operation": "membership", "outcome": "applied", "principal": "user:c1-dev.810ccc6a-6084-4c5c-80a3-1cd63e5db6d5", "reason": "confirmed", "target": "f37bb2ce-c9c0-4879-87b0-bc9b4ed5f453"}
{"correlation_id": "f3daca02-b3e0-4c1a-ba86-ee7b62b43a69", "operation": "scope_member_grant", "outcome": "allowed", "principal": "user:c1-dev.810ccc6a-6084-4c5c-80a3-1cd63e5db6d5", "reason": "", "target": "f37bb2ce-c9c0-4879-87b0-bc9b4ed5f453"}
{"correlation_id": "ae5209b1-135c-44b8-be8c-62bb88df7b34", "operation": "membership", "outcome": "applied", "principal": "user:c1-dev.810ccc6a-6084-4c5c-80a3-1cd63e5db6d5", "reason": "confirmed", "target": "f37bb2ce-c9c0-4879-87b0-bc9b4ed5f453"}
{"correlation_id": "42ab1c41-56be-48bf-9e00-a93b88410092", "operation": "scope_member_grant", "outcome": "allowed", "principal": "user:c1-dev.810ccc6a-6084-4c5c-80a3-1cd63e5db6d5", "reason": "", "target": "f37bb2ce-c9c0-4879-87b0-bc9b4ed5f453"}
{"correlation_id": "8193356d-7c0b-41e6-a57f-e9bb09f77b20", "operation": "membership", "outcome": "applied", "principal": "user:c1-dev.810ccc6a-6084-4c5c-80a3-1cd63e5db6d5", "reason": "confirmed", "target": "f37bb2ce-c9c0-4879-87b0-bc9b4ed5f453"}
{"correlation_id": "91aa051d-b755-4b47-8f58-4889949d67ac", "operation": "scope_member_grant", "outcome": "allowed", "principal": "user:c1-dev.810ccc6a-6084-4c5c-80a3-1cd63e5db6d5", "reason": "", "target": "f37bb2ce-c9c0-4879-87b0-bc9b4ed5f453"}
{"correlation_id": "9231f285-202e-40b4-b11c-add176bfcf44", "operation": "membership", "outcome": "applied", "principal": "user:c1-dev.810ccc6a-6084-4c5c-80a3-1cd63e5db6d5", "reason": "confirmed", "target": "314d1fa6-2b70-4dfb-987c-cd02a5607ccd"}
{"correlation_id": "2ba3b867-5678-4129-8b22-127ee1d6c62f", "operation": "scope_member_grant", "outcome": "allowed", "principal": "user:c1-dev.810ccc6a-6084-4c5c-80a3-1cd63e5db6d5", "reason": "", "target": "314d1fa6-2b70-4dfb-987c-cd02a5607ccd"}
{"correlation_id": "4ad6153b-6002-4f5d-9b9c-76ab4234d12e", "operation": "membership", "outcome": "applied", "principal": "user:c1-dev.810ccc6a-6084-4c5c-80a3-1cd63e5db6d5", "reason": "confirmed", "target": "f37bb2ce-c9c0-4879-87b0-bc9b4ed5f453"}
{"correlation_id": "04168689-4611-42da-9a3a-8a7eccc0290a", "operation": "scope_member_grant", "outcome": "allowed", "principal": "user:c1-dev.810ccc6a-6084-4c5c-80a3-1cd63e5db6d5", "reason": "", "target": "f37bb2ce-c9c0-4879-87b0-bc9b4ed5f453"}
{"correlation_id": "2081f395-991e-4068-be35-f9bdf3c6dda2", "operation": "provision", "outcome": "applied", "principal": "user:c1-dev.810ccc6a-6084-4c5c-80a3-1cd63e5db6d5", "reason": "confirmed", "target": "urn:c1:probe:entity-b820c3da31854594a977ad5721c847ef"}
{"correlation_id": "63a231e3-840e-43a8-9178-f4d8b1f07203", "operation": "probe_provision", "outcome": "allowed", "principal": "user:c1-dev.810ccc6a-6084-4c5c-80a3-1cd63e5db6d5", "reason": "", "target": "urn:c1:probe:entity-b820c3da31854594a977ad5721c847ef"}
{"correlation_id": "0936be90-caa2-4cb1-bd17-151f1de25371", "operation": "probe_revision", "outcome": "applied", "principal": "user:c1-dev.810ccc6a-6084-4c5c-80a3-1cd63e5db6d5", "reason": "confirmed", "target": "urn:c1:probe:entity-b820c3da31854594a977ad5721c847ef"}
{"correlation_id": "ceb02f03-7684-49fa-819a-73b0950d01d7", "operation": "probe_revision", "outcome": "allowed", "principal": "user:c1-dev.810ccc6a-6084-4c5c-80a3-1cd63e5db6d5", "reason": "", "target": "urn:c1:probe:entity-b820c3da31854594a977ad5721c847ef"}
{"correlation_id": "e4535121-8873-4151-9cf9-ac4b56d7d3f8", "operation": "probe_read", "outcome": "allowed", "principal": "user:c1-dev.5f190ba0-9fcd-4fc3-affd-8d6191c05c1c", "reason": "", "target": "urn:c1:probe:entity-b820c3da31854594a977ad5721c847ef"}
{"correlation_id": "e3e471a3-2e83-4793-9b27-ff37b1df05ae", "operation": "rescope", "outcome": "proposed", "principal": "user:c1-dev.810ccc6a-6084-4c5c-80a3-1cd63e5db6d5", "reason": "declassification_review_required", "target": "urn:c1:probe:entity-b820c3da31854594a977ad5721c847ef"}
{"correlation_id": "d8dd494f-b182-4268-810f-ced80863894f", "operation": "rescope_propose", "outcome": "allowed", "principal": "user:c1-dev.810ccc6a-6084-4c5c-80a3-1cd63e5db6d5", "reason": "", "target": "urn:c1:probe:entity-b820c3da31854594a977ad5721c847ef"}
{"correlation_id": "87f44f37-1ad4-4987-935b-9504342cfa51", "operation": "probe_read", "outcome": "allowed", "principal": "user:c1-dev.5f190ba0-9fcd-4fc3-affd-8d6191c05c1c", "reason": "", "target": "urn:c1:probe:entity-b820c3da31854594a977ad5721c847ef"}
{"correlation_id": "8c523c30-ad20-43ac-8c8f-e5379976e0ec", "operation": "approve", "outcome": "approved", "principal": "user:c1-dev.bb2bef1a-155e-4a66-988c-0032f22893fd", "reason": "authorized", "target": "b8d2ad50-1bf8-404b-acf7-b159e2127c1a"}
{"correlation_id": "53aeb2a1-1ef5-4b49-bf1e-46257fb4ad1d", "operation": "rescope_approve", "outcome": "allowed", "principal": "user:c1-dev.bb2bef1a-155e-4a66-988c-0032f22893fd", "reason": "", "target": "b8d2ad50-1bf8-404b-acf7-b159e2127c1a"}
{"correlation_id": "b838ad5a-08b9-4025-8cbe-aaef987494ff", "operation": "rescope", "outcome": "applied", "principal": "user:c1-dev.810ccc6a-6084-4c5c-80a3-1cd63e5db6d5", "reason": "confirmed", "target": "urn:c1:probe:entity-b820c3da31854594a977ad5721c847ef"}
{"correlation_id": "5e29832c-49e9-4fff-a7de-558b69e93a3f", "operation": "security_apply", "outcome": "allowed", "principal": "user:c1-dev.810ccc6a-6084-4c5c-80a3-1cd63e5db6d5", "reason": "", "target": "b8d2ad50-1bf8-404b-acf7-b159e2127c1a"}
{"correlation_id": "90366eb9-7173-4df9-b801-6b40f3c00bea", "operation": "probe_read", "outcome": "denied", "principal": "user:c1-dev.5f190ba0-9fcd-4fc3-affd-8d6191c05c1c", "reason": "not_found", "target": "urn:c1:probe:entity-b820c3da31854594a977ad5721c847ef"}
{"correlation_id": "4f33bc20-3a3b-4a19-8824-b4d9bc95b216", "operation": "probe_read", "outcome": "denied", "principal": "user:c1-dev.5f190ba0-9fcd-4fc3-affd-8d6191c05c1c", "reason": "not_found", "target": "urn:c1:probe:entity-b820c3da31854594a977ad5721c847ef"}
{"correlation_id": "5e9d6e03-4c06-4d04-aa5c-59c10b957dee", "operation": "probe_read", "outcome": "allowed", "principal": "user:c1-dev.810ccc6a-6084-4c5c-80a3-1cd63e5db6d5", "reason": "", "target": "urn:c1:probe:entity-b820c3da31854594a977ad5721c847ef"}
.
tests/integration/m03/test_t05_bindings.py {"correlation_id": "5b911924-908b-4b67-a02f-b947d4055e1a", "operation": "scope_create", "outcome": "applied", "principal": "user:c1-dev.810ccc6a-6084-4c5c-80a3-1cd63e5db6d5", "reason": "confirmed", "target": "f6dfb14a-04ea-47bd-b4aa-29aa9ce6ea36"}
{"correlation_id": "c813acb7-2e3e-41a3-a517-c72f11545bf9", "operation": "scope_create", "outcome": "allowed", "principal": "user:c1-dev.810ccc6a-6084-4c5c-80a3-1cd63e5db6d5", "reason": "", "target": "f6dfb14a-04ea-47bd-b4aa-29aa9ce6ea36"}
{"correlation_id": "ef37fa89-b175-454d-ab49-128b272f589f", "operation": "membership", "outcome": "applied", "principal": "user:c1-dev.810ccc6a-6084-4c5c-80a3-1cd63e5db6d5", "reason": "confirmed", "target": "f6dfb14a-04ea-47bd-b4aa-29aa9ce6ea36"}
{"correlation_id": "28295e39-59d7-42da-8811-3fdfb8b2d736", "operation": "scope_member_grant", "outcome": "allowed", "principal": "user:c1-dev.810ccc6a-6084-4c5c-80a3-1cd63e5db6d5", "reason": "", "target": "f6dfb14a-04ea-47bd-b4aa-29aa9ce6ea36"}
{"correlation_id": "f803f7d3-c4ab-4176-87b1-7888badc48dc", "operation": "membership", "outcome": "applied", "principal": "user:c1-dev.810ccc6a-6084-4c5c-80a3-1cd63e5db6d5", "reason": "confirmed", "target": "f6dfb14a-04ea-47bd-b4aa-29aa9ce6ea36"}
{"correlation_id": "dc854c92-be9f-4109-898b-025d43ed58e4", "operation": "scope_member_grant", "outcome": "allowed", "principal": "user:c1-dev.810ccc6a-6084-4c5c-80a3-1cd63e5db6d5", "reason": "", "target": "f6dfb14a-04ea-47bd-b4aa-29aa9ce6ea36"}
{"correlation_id": "79eb9404-7cd0-4fb6-ba8a-aa7245d489a1", "operation": "membership", "outcome": "applied", "principal": "user:c1-dev.810ccc6a-6084-4c5c-80a3-1cd63e5db6d5", "reason": "confirmed", "target": "f6dfb14a-04ea-47bd-b4aa-29aa9ce6ea36"}
{"correlation_id": "008c56e9-206b-441f-8270-989401429938", "operation": "scope_member_grant", "outcome": "allowed", "principal": "user:c1-dev.810ccc6a-6084-4c5c-80a3-1cd63e5db6d5", "reason": "", "target": "f6dfb14a-04ea-47bd-b4aa-29aa9ce6ea36"}
{"correlation_id": "e53891f9-5fd4-4065-b336-62c7f985087c", "operation": "scope_create", "outcome": "applied", "principal": "user:c1-dev.810ccc6a-6084-4c5c-80a3-1cd63e5db6d5", "reason": "confirmed", "target": "27aee490-181b-41b8-8d27-c85d34f6805c"}
{"correlation_id": "fc745d66-707c-43d3-9ce7-ce95fb10e595", "operation": "scope_create", "outcome": "allowed", "principal": "user:c1-dev.810ccc6a-6084-4c5c-80a3-1cd63e5db6d5", "reason": "", "target": "27aee490-181b-41b8-8d27-c85d34f6805c"}
{"correlation_id": "811c0a46-18d8-49aa-ae7a-31a511739ce3", "operation": "membership", "outcome": "applied", "principal": "user:c1-dev.810ccc6a-6084-4c5c-80a3-1cd63e5db6d5", "reason": "confirmed", "target": "27aee490-181b-41b8-8d27-c85d34f6805c"}
{"correlation_id": "47ff77cb-5478-4cfc-a513-0044038dc401", "operation": "scope_member_grant", "outcome": "allowed", "principal": "user:c1-dev.810ccc6a-6084-4c5c-80a3-1cd63e5db6d5", "reason": "", "target": "27aee490-181b-41b8-8d27-c85d34f6805c"}
{"correlation_id": "5dd06af9-9dba-4b21-bb4e-dc3d2a51a173", "operation": "membership", "outcome": "applied", "principal": "user:c1-dev.810ccc6a-6084-4c5c-80a3-1cd63e5db6d5", "reason": "confirmed", "target": "27aee490-181b-41b8-8d27-c85d34f6805c"}
{"correlation_id": "61cd2060-fa0c-43a0-9c15-1fef06ed2cd1", "operation": "scope_member_grant", "outcome": "allowed", "principal": "user:c1-dev.810ccc6a-6084-4c5c-80a3-1cd63e5db6d5", "reason": "", "target": "27aee490-181b-41b8-8d27-c85d34f6805c"}
{"correlation_id": "6249f888-c251-4581-8744-cbbd49b8fec4", "operation": "membership", "outcome": "applied", "principal": "user:c1-dev.810ccc6a-6084-4c5c-80a3-1cd63e5db6d5", "reason": "confirmed", "target": "27aee490-181b-41b8-8d27-c85d34f6805c"}
{"correlation_id": "cb221163-e620-4829-9279-de9d6995a7b8", "operation": "scope_member_grant", "outcome": "allowed", "principal": "user:c1-dev.810ccc6a-6084-4c5c-80a3-1cd63e5db6d5", "reason": "", "target": "27aee490-181b-41b8-8d27-c85d34f6805c"}
{"correlation_id": "5a88b253-a795-4f95-88e7-63ce274e02e8", "operation": "membership", "outcome": "applied", "principal": "user:c1-dev.810ccc6a-6084-4c5c-80a3-1cd63e5db6d5", "reason": "confirmed", "target": "f6dfb14a-04ea-47bd-b4aa-29aa9ce6ea36"}
{"correlation_id": "3f29589e-8ab9-4a22-a21b-4a9cbea8e231", "operation": "scope_member_grant", "outcome": "allowed", "principal": "user:c1-dev.810ccc6a-6084-4c5c-80a3-1cd63e5db6d5", "reason": "", "target": "f6dfb14a-04ea-47bd-b4aa-29aa9ce6ea36"}
{"correlation_id": "b90f31a6-08a8-41a1-8f96-a7f6745574be", "operation": "provision", "outcome": "applied", "principal": "user:c1-dev.810ccc6a-6084-4c5c-80a3-1cd63e5db6d5", "reason": "confirmed", "target": "urn:c1:probe:entity-6d745413a518419c9bfb92d4130e9c8d"}
{"correlation_id": "427510e9-f1b0-4597-b892-f6d426f92380", "operation": "probe_provision", "outcome": "allowed", "principal": "user:c1-dev.810ccc6a-6084-4c5c-80a3-1cd63e5db6d5", "reason": "", "target": "urn:c1:probe:entity-6d745413a518419c9bfb92d4130e9c8d"}
{"correlation_id": "06d5d86f-8b38-49a1-befe-0df784491f49", "operation": "probe_read", "outcome": "allowed", "principal": "user:c1-dev.5f190ba0-9fcd-4fc3-affd-8d6191c05c1c", "reason": "", "target": "urn:c1:probe:entity-6d745413a518419c9bfb92d4130e9c8d"}
{"correlation_id": "d65c7eba-a17a-4063-a9b9-dc8c25845cb1", "operation": "check", "outcome": "denied", "principal": "user:c1-dev.5f190ba0-9fcd-4fc3-affd-8d6191c05c1c", "reason": "inconsistent_binding", "target": "urn:c1:probe:entity-6d745413a518419c9bfb92d4130e9c8d"}
{"correlation_id": "2725dbf6-a73c-43de-8a75-268a7c3834f8", "operation": "probe_read", "outcome": "denied", "principal": "user:c1-dev.5f190ba0-9fcd-4fc3-affd-8d6191c05c1c", "reason": "not_found", "target": "urn:c1:probe:entity-6d745413a518419c9bfb92d4130e9c8d"}
{"correlation_id": "5319baa8-2b18-47b0-9ddc-cdb26722faf9", "operation": "check", "outcome": "denied", "principal": "user:c1-dev.5f190ba0-9fcd-4fc3-affd-8d6191c05c1c", "reason": "inconsistent_binding", "target": "urn:c1:probe:entity-6d745413a518419c9bfb92d4130e9c8d"}
{"correlation_id": "d17c2bb9-b483-44a3-9446-158c03c3ec3a", "operation": "probe_read", "outcome": "denied", "principal": "user:c1-dev.5f190ba0-9fcd-4fc3-affd-8d6191c05c1c", "reason": "not_found", "target": "urn:c1:probe:entity-6d745413a518419c9bfb92d4130e9c8d"}
{"correlation_id": "88760519-1fe8-40b2-97f6-d34655e7083f", "operation": "check", "outcome": "denied", "principal": "user:c1-dev.5f190ba0-9fcd-4fc3-affd-8d6191c05c1c", "reason": "inconsistent_binding", "target": "urn:c1:probe:entity-6d745413a518419c9bfb92d4130e9c8d"}
{"correlation_id": "8fe258b5-053d-40e9-81eb-f04ee62aeef2", "operation": "probe_read", "outcome": "denied", "principal": "user:c1-dev.5f190ba0-9fcd-4fc3-affd-8d6191c05c1c", "reason": "not_found", "target": "urn:c1:probe:entity-6d745413a518419c9bfb92d4130e9c8d"}
{"correlation_id": "eefa84ad-a4be-4aac-b32b-ae60235c515c", "operation": "probe_read", "outcome": "denied", "principal": "user:c1-dev.5f190ba0-9fcd-4fc3-affd-8d6191c05c1c", "reason": "not_found", "target": "urn:c1:probe:entity-6d745413a518419c9bfb92d4130e9c8d"}
{"correlation_id": "8cfe9c16-13e7-4688-9b1c-d7904c1d506f", "operation": "probe_read", "outcome": "denied", "principal": "user:c1-dev.5f190ba0-9fcd-4fc3-affd-8d6191c05c1c", "reason": "not_found", "target": "urn:c1:probe:entity-6d745413a518419c9bfb92d4130e9c8d"}
{"correlation_id": "8f3fd720-0042-42f5-b1c0-1152ddc53523", "operation": "probe_read", "outcome": "allowed", "principal": "user:c1-dev.5f190ba0-9fcd-4fc3-affd-8d6191c05c1c", "reason": "", "target": "urn:c1:probe:entity-6d745413a518419c9bfb92d4130e9c8d"}
{"correlation_id": "ab9e3b16-d93e-4128-b83b-e1e135d1af13", "operation": "probe_read", "outcome": "denied", "principal": "user:c1-dev.5f190ba0-9fcd-4fc3-affd-8d6191c05c1c", "reason": "not_found", "target": "urn:c1:probe:orphan-8bde6a62f17a4b36840c940ec2174ef6"}
{"correlation_id": "1597efbe-a888-470a-a218-3b1a76ee4634", "operation": "retire_scope", "outcome": "denied", "principal": "user:c1-dev.810ccc6a-6084-4c5c-80a3-1cd63e5db6d5", "reason": "scope_has_dependents", "target": ""}
{"correlation_id": "6e10b3f1-6bc9-415b-a00a-240cd6471a32", "operation": "probe_read", "outcome": "allowed", "principal": "user:c1-dev.5f190ba0-9fcd-4fc3-affd-8d6191c05c1c", "reason": "", "target": "urn:c1:probe:entity-6d745413a518419c9bfb92d4130e9c8d"}
{"correlation_id": "a16abeca-6885-4e7e-88ce-a7bbd8eeabca", "operation": "retire_scope", "outcome": "denied", "principal": "user:c1-dev.810ccc6a-6084-4c5c-80a3-1cd63e5db6d5", "reason": "scope_has_dependents", "target": ""}
{"correlation_id": "81716634-6aa5-4fd2-b9f5-2f6cf1dc7fe5", "operation": "scope_retire", "outcome": "applied", "principal": "user:c1-dev.810ccc6a-6084-4c5c-80a3-1cd63e5db6d5", "reason": "confirmed", "target": "27aee490-181b-41b8-8d27-c85d34f6805c"}
{"correlation_id": "00fc992e-236e-47f8-9797-6e8b1a1958d8", "operation": "scope_retire", "outcome": "allowed", "principal": "user:c1-dev.810ccc6a-6084-4c5c-80a3-1cd63e5db6d5", "reason": "", "target": "27aee490-181b-41b8-8d27-c85d34f6805c"}
.{"correlation_id": "e7956017-a3f6-4f2e-977e-b00672705cca", "operation": "scope_create", "outcome": "applied", "principal": "user:c1-dev.810ccc6a-6084-4c5c-80a3-1cd63e5db6d5", "reason": "confirmed", "target": "26044018-d7ff-4e8c-8213-a0f255c58c7a"}
{"correlation_id": "0ac3b637-2272-4094-9bac-81ed72af40bc", "operation": "scope_create", "outcome": "allowed", "principal": "user:c1-dev.810ccc6a-6084-4c5c-80a3-1cd63e5db6d5", "reason": "", "target": "26044018-d7ff-4e8c-8213-a0f255c58c7a"}
{"correlation_id": "cadead2a-6308-4e0c-b797-ae130eb28376", "operation": "membership", "outcome": "applied", "principal": "user:c1-dev.810ccc6a-6084-4c5c-80a3-1cd63e5db6d5", "reason": "confirmed", "target": "26044018-d7ff-4e8c-8213-a0f255c58c7a"}
{"correlation_id": "0642b976-637d-4359-a6e6-6e360ab46bb0", "operation": "scope_member_grant", "outcome": "allowed", "principal": "user:c1-dev.810ccc6a-6084-4c5c-80a3-1cd63e5db6d5", "reason": "", "target": "26044018-d7ff-4e8c-8213-a0f255c58c7a"}
{"correlation_id": "76a5bd69-c465-4c44-88e7-1bfb38bdd2cb", "operation": "membership", "outcome": "applied", "principal": "user:c1-dev.810ccc6a-6084-4c5c-80a3-1cd63e5db6d5", "reason": "confirmed", "target": "26044018-d7ff-4e8c-8213-a0f255c58c7a"}
{"correlation_id": "98d23e3c-51f2-46fd-800e-5e9dfe96b119", "operation": "scope_member_grant", "outcome": "allowed", "principal": "user:c1-dev.810ccc6a-6084-4c5c-80a3-1cd63e5db6d5", "reason": "", "target": "26044018-d7ff-4e8c-8213-a0f255c58c7a"}
{"correlation_id": "c695f7ef-ab97-4718-94f0-16a5b6a5f625", "operation": "membership", "outcome": "applied", "principal": "user:c1-dev.810ccc6a-6084-4c5c-80a3-1cd63e5db6d5", "reason": "confirmed", "target": "26044018-d7ff-4e8c-8213-a0f255c58c7a"}
{"correlation_id": "abe0234c-500b-4f3c-83cd-ee979828a85e", "operation": "scope_member_grant", "outcome": "allowed", "principal": "user:c1-dev.810ccc6a-6084-4c5c-80a3-1cd63e5db6d5", "reason": "", "target": "26044018-d7ff-4e8c-8213-a0f255c58c7a"}
{"correlation_id": "ffdcc82b-7908-4d50-923c-1ba5dbc3db4b", "operation": "scope_create", "outcome": "applied", "principal": "user:c1-dev.810ccc6a-6084-4c5c-80a3-1cd63e5db6d5", "reason": "confirmed", "target": "7d013e58-77f6-4075-9216-184b772e51e2"}
{"correlation_id": "72c2e5d6-d742-4a99-b5a0-dad3cfff4473", "operation": "scope_create", "outcome": "allowed", "principal": "user:c1-dev.810ccc6a-6084-4c5c-80a3-1cd63e5db6d5", "reason": "", "target": "7d013e58-77f6-4075-9216-184b772e51e2"}
{"correlation_id": "d3ee27b6-ecce-470e-ab1a-23372df71ddd", "operation": "membership", "outcome": "applied", "principal": "user:c1-dev.810ccc6a-6084-4c5c-80a3-1cd63e5db6d5", "reason": "confirmed", "target": "7d013e58-77f6-4075-9216-184b772e51e2"}
{"correlation_id": "239fc366-9620-449f-b935-11e0c8e0b629", "operation": "scope_member_grant", "outcome": "allowed", "principal": "user:c1-dev.810ccc6a-6084-4c5c-80a3-1cd63e5db6d5", "reason": "", "target": "7d013e58-77f6-4075-9216-184b772e51e2"}
{"correlation_id": "af1d7ad6-cd49-48b9-8ed2-57739aa054cb", "operation": "membership", "outcome": "applied", "principal": "user:c1-dev.810ccc6a-6084-4c5c-80a3-1cd63e5db6d5", "reason": "confirmed", "target": "7d013e58-77f6-4075-9216-184b772e51e2"}
{"correlation_id": "623c63fc-0624-48b3-a320-aa4cc56ebaef", "operation": "scope_member_grant", "outcome": "allowed", "principal": "user:c1-dev.810ccc6a-6084-4c5c-80a3-1cd63e5db6d5", "reason": "", "target": "7d013e58-77f6-4075-9216-184b772e51e2"}
{"correlation_id": "4f5b270d-eead-4baa-9a59-e014cdbd4cec", "operation": "membership", "outcome": "applied", "principal": "user:c1-dev.810ccc6a-6084-4c5c-80a3-1cd63e5db6d5", "reason": "confirmed", "target": "7d013e58-77f6-4075-9216-184b772e51e2"}
{"correlation_id": "0411410b-b440-4b46-b886-9fe92228383b", "operation": "scope_member_grant", "outcome": "allowed", "principal": "user:c1-dev.810ccc6a-6084-4c5c-80a3-1cd63e5db6d5", "reason": "", "target": "7d013e58-77f6-4075-9216-184b772e51e2"}
{"correlation_id": "d2c35f96-a78e-456b-ae26-bb6e3a976a25", "operation": "membership", "outcome": "applied", "principal": "user:c1-dev.810ccc6a-6084-4c5c-80a3-1cd63e5db6d5", "reason": "confirmed", "target": "26044018-d7ff-4e8c-8213-a0f255c58c7a"}
{"correlation_id": "852d52e3-a5a4-4d87-9a36-1e9eafe2803c", "operation": "scope_member_grant", "outcome": "allowed", "principal": "user:c1-dev.810ccc6a-6084-4c5c-80a3-1cd63e5db6d5", "reason": "", "target": "26044018-d7ff-4e8c-8213-a0f255c58c7a"}
{"correlation_id": "16b14291-6034-4739-9ec3-5c3f5b18ac15", "operation": "membership", "outcome": "applied", "principal": "user:c1-dev.810ccc6a-6084-4c5c-80a3-1cd63e5db6d5", "reason": "confirmed", "target": "7d013e58-77f6-4075-9216-184b772e51e2"}
{"correlation_id": "12a5dbba-608c-414c-ad84-b9675350a3bd", "operation": "scope_member_grant", "outcome": "allowed", "principal": "user:c1-dev.810ccc6a-6084-4c5c-80a3-1cd63e5db6d5", "reason": "", "target": "7d013e58-77f6-4075-9216-184b772e51e2"}
{"correlation_id": "3c667b62-6798-4b66-9206-7ba3b8501b51", "operation": "provision", "outcome": "applied", "principal": "user:c1-dev.810ccc6a-6084-4c5c-80a3-1cd63e5db6d5", "reason": "confirmed", "target": "urn:c1:probe:document-fc681dec7f874de6b8965e51cf2f7c9b"}
{"correlation_id": "2d1a54ec-9a1d-4f36-a570-99de98048439", "operation": "probe_provision", "outcome": "allowed", "principal": "user:c1-dev.810ccc6a-6084-4c5c-80a3-1cd63e5db6d5", "reason": "", "target": "urn:c1:probe:document-fc681dec7f874de6b8965e51cf2f7c9b"}
{"correlation_id": "d550bf52-0fe9-4394-96e0-75e992014cc0", "operation": "provision", "outcome": "applied", "principal": "user:c1-dev.810ccc6a-6084-4c5c-80a3-1cd63e5db6d5", "reason": "confirmed", "target": "urn:c1:probe:part-7897935176424b60a35969c491989eec"}
{"correlation_id": "5d9659c9-e168-4b25-acf3-5f573ece9131", "operation": "probe_provision", "outcome": "allowed", "principal": "user:c1-dev.810ccc6a-6084-4c5c-80a3-1cd63e5db6d5", "reason": "", "target": "urn:c1:probe:part-7897935176424b60a35969c491989eec"}
{"correlation_id": "0e3c736b-0c19-4569-90f4-44d7d88cf27a", "operation": "probe_read", "outcome": "allowed", "principal": "user:c1-dev.5f190ba0-9fcd-4fc3-affd-8d6191c05c1c", "reason": "", "target": "urn:c1:probe:document-fc681dec7f874de6b8965e51cf2f7c9b"}
{"correlation_id": "a7483712-71a5-475f-85a7-4bb87c617b5e", "operation": "probe_read", "outcome": "allowed", "principal": "user:c1-dev.5f190ba0-9fcd-4fc3-affd-8d6191c05c1c", "reason": "", "target": "urn:c1:probe:part-7897935176424b60a35969c491989eec"}
{"correlation_id": "446fc519-18af-4f8d-996d-2caff61d2a63", "operation": "rescope", "outcome": "proposed", "principal": "user:c1-dev.810ccc6a-6084-4c5c-80a3-1cd63e5db6d5", "reason": "declassification_review_required", "target": "urn:c1:probe:document-fc681dec7f874de6b8965e51cf2f7c9b"}
{"correlation_id": "e55accd3-0d1c-4891-b553-d704d2c7be58", "operation": "rescope_propose", "outcome": "allowed", "principal": "user:c1-dev.810ccc6a-6084-4c5c-80a3-1cd63e5db6d5", "reason": "", "target": "urn:c1:probe:document-fc681dec7f874de6b8965e51cf2f7c9b"}
{"correlation_id": "17ebe392-1a96-4f76-9e31-929342c0f641", "operation": "approve", "outcome": "approved", "principal": "user:c1-dev.bb2bef1a-155e-4a66-988c-0032f22893fd", "reason": "authorized", "target": "30850659-5bc6-485e-ab4d-755104334d22"}
{"correlation_id": "d71048cb-730e-48b6-9610-621bbd3e567a", "operation": "rescope_approve", "outcome": "allowed", "principal": "user:c1-dev.bb2bef1a-155e-4a66-988c-0032f22893fd", "reason": "", "target": "30850659-5bc6-485e-ab4d-755104334d22"}
{"correlation_id": "9e8b8573-afa5-488a-9eff-565a54dc2c40", "operation": "rescope", "outcome": "applied", "principal": "user:c1-dev.810ccc6a-6084-4c5c-80a3-1cd63e5db6d5", "reason": "confirmed", "target": "urn:c1:probe:document-fc681dec7f874de6b8965e51cf2f7c9b"}
{"correlation_id": "4cb93424-3295-4308-bdfd-2ed0fdc5f174", "operation": "security_apply", "outcome": "allowed", "principal": "user:c1-dev.810ccc6a-6084-4c5c-80a3-1cd63e5db6d5", "reason": "", "target": "30850659-5bc6-485e-ab4d-755104334d22"}
{"correlation_id": "b6cc94f4-5dfb-4b6c-a63c-f5713b2d1660", "operation": "probe_read", "outcome": "denied", "principal": "user:c1-dev.5f190ba0-9fcd-4fc3-affd-8d6191c05c1c", "reason": "not_found", "target": "urn:c1:probe:document-fc681dec7f874de6b8965e51cf2f7c9b"}
{"correlation_id": "e9504a75-aa32-4936-9094-355eeed274ad", "operation": "probe_read", "outcome": "allowed", "principal": "user:c1-dev.810ccc6a-6084-4c5c-80a3-1cd63e5db6d5", "reason": "", "target": "urn:c1:probe:document-fc681dec7f874de6b8965e51cf2f7c9b"}
{"correlation_id": "075ebed9-2ac1-4ab1-99b5-8e8e380b0d87", "operation": "probe_read", "outcome": "denied", "principal": "user:c1-dev.5f190ba0-9fcd-4fc3-affd-8d6191c05c1c", "reason": "not_found", "target": "urn:c1:probe:part-7897935176424b60a35969c491989eec"}
{"correlation_id": "7de68eda-c49d-478b-91fc-dc4a4ad37733", "operation": "probe_read", "outcome": "allowed", "principal": "user:c1-dev.810ccc6a-6084-4c5c-80a3-1cd63e5db6d5", "reason": "", "target": "urn:c1:probe:part-7897935176424b60a35969c491989eec"}
.
tests/integration/m03/test_t06_crash.py {"correlation_id": "d9a219f6-db9a-48a4-9a27-7ffb75dfa518", "operation": "scope_create", "outcome": "applied", "principal": "user:c1-dev.810ccc6a-6084-4c5c-80a3-1cd63e5db6d5", "reason": "confirmed", "target": "85a61368-6302-44f8-85f7-ccc35308eb61"}
{"correlation_id": "a41391d4-dd5f-4091-ae00-a59ace3d8dc6", "operation": "scope_create", "outcome": "allowed", "principal": "user:c1-dev.810ccc6a-6084-4c5c-80a3-1cd63e5db6d5", "reason": "", "target": "85a61368-6302-44f8-85f7-ccc35308eb61"}
{"correlation_id": "bcc185de-d5b4-433f-b556-dff890c4b08f", "operation": "membership", "outcome": "applied", "principal": "user:c1-dev.810ccc6a-6084-4c5c-80a3-1cd63e5db6d5", "reason": "confirmed", "target": "85a61368-6302-44f8-85f7-ccc35308eb61"}
{"correlation_id": "fe24abc3-08cc-4a07-8c22-093f1bd56567", "operation": "scope_member_grant", "outcome": "allowed", "principal": "user:c1-dev.810ccc6a-6084-4c5c-80a3-1cd63e5db6d5", "reason": "", "target": "85a61368-6302-44f8-85f7-ccc35308eb61"}
{"correlation_id": "8c8dac5e-9dca-48a3-a348-6d9190a06b02", "operation": "membership", "outcome": "applied", "principal": "user:c1-dev.810ccc6a-6084-4c5c-80a3-1cd63e5db6d5", "reason": "confirmed", "target": "85a61368-6302-44f8-85f7-ccc35308eb61"}
{"correlation_id": "e50c52c3-14b1-4c36-8dac-2de8ea289892", "operation": "scope_member_grant", "outcome": "allowed", "principal": "user:c1-dev.810ccc6a-6084-4c5c-80a3-1cd63e5db6d5", "reason": "", "target": "85a61368-6302-44f8-85f7-ccc35308eb61"}
{"correlation_id": "df576e7f-f97d-4ff8-b192-8bb0086d2041", "operation": "membership", "outcome": "applied", "principal": "user:c1-dev.810ccc6a-6084-4c5c-80a3-1cd63e5db6d5", "reason": "confirmed", "target": "85a61368-6302-44f8-85f7-ccc35308eb61"}
{"correlation_id": "24a03e0f-86f1-4ee2-aa8f-5dce24a64cb2", "operation": "scope_member_grant", "outcome": "allowed", "principal": "user:c1-dev.810ccc6a-6084-4c5c-80a3-1cd63e5db6d5", "reason": "", "target": "85a61368-6302-44f8-85f7-ccc35308eb61"}
{"correlation_id": "912a622b-8c1b-4c92-aafb-ea668a1d693a", "operation": "scope_create", "outcome": "applied", "principal": "user:c1-dev.810ccc6a-6084-4c5c-80a3-1cd63e5db6d5", "reason": "confirmed", "target": "40513372-aa16-432a-acd7-ebef167a02ba"}
{"correlation_id": "e69fbf5c-6d28-436c-9794-f2deef50f214", "operation": "scope_create", "outcome": "allowed", "principal": "user:c1-dev.810ccc6a-6084-4c5c-80a3-1cd63e5db6d5", "reason": "", "target": "40513372-aa16-432a-acd7-ebef167a02ba"}
{"correlation_id": "3311028d-cbcc-47c1-8b59-ada906871b4e", "operation": "membership", "outcome": "applied", "principal": "user:c1-dev.810ccc6a-6084-4c5c-80a3-1cd63e5db6d5", "reason": "confirmed", "target": "40513372-aa16-432a-acd7-ebef167a02ba"}
{"correlation_id": "f73abd1c-112e-4411-9c6f-4f84aae948c8", "operation": "scope_member_grant", "outcome": "allowed", "principal": "user:c1-dev.810ccc6a-6084-4c5c-80a3-1cd63e5db6d5", "reason": "", "target": "40513372-aa16-432a-acd7-ebef167a02ba"}
{"correlation_id": "917ba09d-d1aa-44a7-9aaa-fbede8035390", "operation": "membership", "outcome": "applied", "principal": "user:c1-dev.810ccc6a-6084-4c5c-80a3-1cd63e5db6d5", "reason": "confirmed", "target": "40513372-aa16-432a-acd7-ebef167a02ba"}
{"correlation_id": "946be8df-01a8-4cb0-a292-a3c632db0714", "operation": "scope_member_grant", "outcome": "allowed", "principal": "user:c1-dev.810ccc6a-6084-4c5c-80a3-1cd63e5db6d5", "reason": "", "target": "40513372-aa16-432a-acd7-ebef167a02ba"}
{"correlation_id": "df8f4e60-3663-4e72-a86e-644c19a638c1", "operation": "membership", "outcome": "applied", "principal": "user:c1-dev.810ccc6a-6084-4c5c-80a3-1cd63e5db6d5", "reason": "confirmed", "target": "40513372-aa16-432a-acd7-ebef167a02ba"}
{"correlation_id": "9ae90530-7cdf-483e-a38f-59a530e9113d", "operation": "scope_member_grant", "outcome": "allowed", "principal": "user:c1-dev.810ccc6a-6084-4c5c-80a3-1cd63e5db6d5", "reason": "", "target": "40513372-aa16-432a-acd7-ebef167a02ba"}
{"correlation_id": "f8d90035-701f-4130-8b1b-e7aef4eb4a16", "operation": "membership", "outcome": "applied", "principal": "user:c1-dev.810ccc6a-6084-4c5c-80a3-1cd63e5db6d5", "reason": "confirmed", "target": "85a61368-6302-44f8-85f7-ccc35308eb61"}
{"correlation_id": "650e2257-4a20-421e-aaa0-81f3bac2a98a", "operation": "scope_member_grant", "outcome": "allowed", "principal": "user:c1-dev.810ccc6a-6084-4c5c-80a3-1cd63e5db6d5", "reason": "", "target": "85a61368-6302-44f8-85f7-ccc35308eb61"}
{"correlation_id": "3fbccc66-1cb0-4740-8bc0-27cac7c8f85a", "operation": "membership", "outcome": "applied", "principal": "user:c1-dev.810ccc6a-6084-4c5c-80a3-1cd63e5db6d5", "reason": "confirmed", "target": "40513372-aa16-432a-acd7-ebef167a02ba"}
{"correlation_id": "9ba3a552-4e46-49c4-9426-c6945c0702a1", "operation": "scope_member_grant", "outcome": "allowed", "principal": "user:c1-dev.810ccc6a-6084-4c5c-80a3-1cd63e5db6d5", "reason": "", "target": "40513372-aa16-432a-acd7-ebef167a02ba"}
{"correlation_id": "fe247120-4bea-4e88-b548-49025a0c6d37", "operation": "provision", "outcome": "applied", "principal": "user:c1-dev.810ccc6a-6084-4c5c-80a3-1cd63e5db6d5", "reason": "confirmed", "target": "urn:c1:probe:entity-ca17bdbded9d4d169f383cb2640084c5"}
{"correlation_id": "0abd533c-c5ee-4229-9295-f0506d8c173d", "operation": "probe_provision", "outcome": "allowed", "principal": "user:c1-dev.810ccc6a-6084-4c5c-80a3-1cd63e5db6d5", "reason": "", "target": "urn:c1:probe:entity-ca17bdbded9d4d169f383cb2640084c5"}
{"correlation_id": "02abc236-6a7d-431a-bdd1-fd7d1f49eda4", "operation": "rescope", "outcome": "proposed", "principal": "user:c1-dev.810ccc6a-6084-4c5c-80a3-1cd63e5db6d5", "reason": "declassification_review_required", "target": "urn:c1:probe:entity-ca17bdbded9d4d169f383cb2640084c5"}
{"correlation_id": "8e1ab740-0d6a-47ba-a9aa-ce39b8dff832", "operation": "rescope_propose", "outcome": "allowed", "principal": "user:c1-dev.810ccc6a-6084-4c5c-80a3-1cd63e5db6d5", "reason": "", "target": "urn:c1:probe:entity-ca17bdbded9d4d169f383cb2640084c5"}
{"correlation_id": "baea410a-d1e1-4123-868f-dbce44fd4e7b", "operation": "approve", "outcome": "approved", "principal": "user:c1-dev.bb2bef1a-155e-4a66-988c-0032f22893fd", "reason": "authorized", "target": "8708a91b-9c25-4125-8f65-c09bc0756b6d"}
{"correlation_id": "ad912b59-2878-4f6f-a899-bf50d212a6e4", "operation": "rescope_approve", "outcome": "allowed", "principal": "user:c1-dev.bb2bef1a-155e-4a66-988c-0032f22893fd", "reason": "", "target": "8708a91b-9c25-4125-8f65-c09bc0756b6d"}
{"correlation_id": "af6ca825-b12c-4ed1-9441-579d75bf5dd5", "operation": "probe_read", "outcome": "allowed", "principal": "user:c1-dev.5f190ba0-9fcd-4fc3-affd-8d6191c05c1c", "reason": "", "target": "urn:c1:probe:entity-ca17bdbded9d4d169f383cb2640084c5"}
C1 API listening on 127.0.0.1:18000; pid 2769182
c1-dev compose pause completed
C1 API listening on 127.0.0.1:18000; pid 2769255
c1-dev compose unpause completed
C1 API stopped
.{"correlation_id": "88e19927-ecaa-47b2-92ee-fd1abdbc082f", "operation": "scope_create", "outcome": "applied", "principal": "user:c1-dev.810ccc6a-6084-4c5c-80a3-1cd63e5db6d5", "reason": "confirmed", "target": "560a75cf-6f56-4a12-bb9e-d445b4dc88ef"}
{"correlation_id": "c49023f5-28ce-4560-8981-5d72c5dd2b4d", "operation": "scope_create", "outcome": "allowed", "principal": "user:c1-dev.810ccc6a-6084-4c5c-80a3-1cd63e5db6d5", "reason": "", "target": "560a75cf-6f56-4a12-bb9e-d445b4dc88ef"}
{"correlation_id": "95a71f9d-7323-4ef6-a1b8-7debecce9ba6", "operation": "membership", "outcome": "applied", "principal": "user:c1-dev.810ccc6a-6084-4c5c-80a3-1cd63e5db6d5", "reason": "confirmed", "target": "560a75cf-6f56-4a12-bb9e-d445b4dc88ef"}
{"correlation_id": "be36f65e-fea5-4920-aa43-2e66902b22ea", "operation": "scope_member_grant", "outcome": "allowed", "principal": "user:c1-dev.810ccc6a-6084-4c5c-80a3-1cd63e5db6d5", "reason": "", "target": "560a75cf-6f56-4a12-bb9e-d445b4dc88ef"}
{"correlation_id": "db5b69cc-55e8-439e-891b-0adc7ea397b5", "operation": "membership", "outcome": "applied", "principal": "user:c1-dev.810ccc6a-6084-4c5c-80a3-1cd63e5db6d5", "reason": "confirmed", "target": "560a75cf-6f56-4a12-bb9e-d445b4dc88ef"}
{"correlation_id": "c3b786ec-1c0f-415d-a4c5-0873383cc4c2", "operation": "scope_member_grant", "outcome": "allowed", "principal": "user:c1-dev.810ccc6a-6084-4c5c-80a3-1cd63e5db6d5", "reason": "", "target": "560a75cf-6f56-4a12-bb9e-d445b4dc88ef"}
{"correlation_id": "adde3f5c-d52f-4939-b8d1-e0a03d1b1d71", "operation": "membership", "outcome": "applied", "principal": "user:c1-dev.810ccc6a-6084-4c5c-80a3-1cd63e5db6d5", "reason": "confirmed", "target": "560a75cf-6f56-4a12-bb9e-d445b4dc88ef"}
{"correlation_id": "84825596-70ff-452d-af0e-7580e2ac014f", "operation": "scope_member_grant", "outcome": "allowed", "principal": "user:c1-dev.810ccc6a-6084-4c5c-80a3-1cd63e5db6d5", "reason": "", "target": "560a75cf-6f56-4a12-bb9e-d445b4dc88ef"}
{"correlation_id": "1e5e69ca-f1c6-4c25-b567-4711c44ae069", "operation": "scope_create", "outcome": "applied", "principal": "user:c1-dev.810ccc6a-6084-4c5c-80a3-1cd63e5db6d5", "reason": "confirmed", "target": "a88b4d5f-1746-4900-bc1b-55db83837747"}
{"correlation_id": "a00ec1d2-451d-4d92-b0d4-2287883166b8", "operation": "scope_create", "outcome": "allowed", "principal": "user:c1-dev.810ccc6a-6084-4c5c-80a3-1cd63e5db6d5", "reason": "", "target": "a88b4d5f-1746-4900-bc1b-55db83837747"}
{"correlation_id": "d7268e00-a6b7-4d4c-b577-b4e5d5d5a557", "operation": "membership", "outcome": "applied", "principal": "user:c1-dev.810ccc6a-6084-4c5c-80a3-1cd63e5db6d5", "reason": "confirmed", "target": "a88b4d5f-1746-4900-bc1b-55db83837747"}
{"correlation_id": "2dd09d20-9cfb-4eec-9e3a-012d2d0dc4bb", "operation": "scope_member_grant", "outcome": "allowed", "principal": "user:c1-dev.810ccc6a-6084-4c5c-80a3-1cd63e5db6d5", "reason": "", "target": "a88b4d5f-1746-4900-bc1b-55db83837747"}
{"correlation_id": "6808e5cb-ac17-48e6-a616-c1b098d97f52", "operation": "membership", "outcome": "applied", "principal": "user:c1-dev.810ccc6a-6084-4c5c-80a3-1cd63e5db6d5", "reason": "confirmed", "target": "a88b4d5f-1746-4900-bc1b-55db83837747"}
{"correlation_id": "7780b1c8-41e3-4127-aa51-be23c7e8d5d4", "operation": "scope_member_grant", "outcome": "allowed", "principal": "user:c1-dev.810ccc6a-6084-4c5c-80a3-1cd63e5db6d5", "reason": "", "target": "a88b4d5f-1746-4900-bc1b-55db83837747"}
{"correlation_id": "ca9d1d79-397f-40f3-a425-a1efed9c5b2a", "operation": "membership", "outcome": "applied", "principal": "user:c1-dev.810ccc6a-6084-4c5c-80a3-1cd63e5db6d5", "reason": "confirmed", "target": "a88b4d5f-1746-4900-bc1b-55db83837747"}
{"correlation_id": "3fe0e20c-7aff-4ba5-8ff9-0e7c715d8ca2", "operation": "scope_member_grant", "outcome": "allowed", "principal": "user:c1-dev.810ccc6a-6084-4c5c-80a3-1cd63e5db6d5", "reason": "", "target": "a88b4d5f-1746-4900-bc1b-55db83837747"}
{"correlation_id": "4ff240eb-15df-4d37-819a-5da34d4d7f55", "operation": "membership", "outcome": "applied", "principal": "user:c1-dev.810ccc6a-6084-4c5c-80a3-1cd63e5db6d5", "reason": "confirmed", "target": "560a75cf-6f56-4a12-bb9e-d445b4dc88ef"}
{"correlation_id": "d185b1ee-d598-405c-b34b-15e7545a570a", "operation": "scope_member_grant", "outcome": "allowed", "principal": "user:c1-dev.810ccc6a-6084-4c5c-80a3-1cd63e5db6d5", "reason": "", "target": "560a75cf-6f56-4a12-bb9e-d445b4dc88ef"}
{"correlation_id": "86c77cf8-0003-42b6-9c75-a6307f3a0a9d", "operation": "membership", "outcome": "applied", "principal": "user:c1-dev.810ccc6a-6084-4c5c-80a3-1cd63e5db6d5", "reason": "confirmed", "target": "a88b4d5f-1746-4900-bc1b-55db83837747"}
{"correlation_id": "29cdd286-632f-44d2-9169-3d193e0ed21f", "operation": "scope_member_grant", "outcome": "allowed", "principal": "user:c1-dev.810ccc6a-6084-4c5c-80a3-1cd63e5db6d5", "reason": "", "target": "a88b4d5f-1746-4900-bc1b-55db83837747"}
{"correlation_id": "0255c246-731e-47b4-8e2a-4d1d8508859b", "operation": "provision", "outcome": "applied", "principal": "user:c1-dev.810ccc6a-6084-4c5c-80a3-1cd63e5db6d5", "reason": "confirmed", "target": "urn:c1:probe:entity-8ebe31fea41d443e860d1134274e051e"}
{"correlation_id": "ce1251ea-ae36-40f6-bee7-46d4c69b1b8e", "operation": "probe_provision", "outcome": "allowed", "principal": "user:c1-dev.810ccc6a-6084-4c5c-80a3-1cd63e5db6d5", "reason": "", "target": "urn:c1:probe:entity-8ebe31fea41d443e860d1134274e051e"}
{"correlation_id": "9c400c6a-2f90-4e00-bf03-32ee37ee1d6f", "operation": "rescope", "outcome": "proposed", "principal": "user:c1-dev.810ccc6a-6084-4c5c-80a3-1cd63e5db6d5", "reason": "declassification_review_required", "target": "urn:c1:probe:entity-8ebe31fea41d443e860d1134274e051e"}
{"correlation_id": "b9694914-4cfb-4d09-b12c-cb0a90420385", "operation": "rescope_propose", "outcome": "allowed", "principal": "user:c1-dev.810ccc6a-6084-4c5c-80a3-1cd63e5db6d5", "reason": "", "target": "urn:c1:probe:entity-8ebe31fea41d443e860d1134274e051e"}
{"correlation_id": "ddaac27d-e24f-4462-bd69-6c2df2e983e6", "operation": "approve", "outcome": "approved", "principal": "user:c1-dev.bb2bef1a-155e-4a66-988c-0032f22893fd", "reason": "authorized", "target": "3a50a64f-0eec-4026-94dd-7188168314e2"}
{"correlation_id": "6f544c2d-a294-44d1-99e4-2df42d0ebcc4", "operation": "rescope_approve", "outcome": "allowed", "principal": "user:c1-dev.bb2bef1a-155e-4a66-988c-0032f22893fd", "reason": "", "target": "3a50a64f-0eec-4026-94dd-7188168314e2"}
{"correlation_id": "3ab92fde-ce1f-40ed-8ece-f74d1cdbdf61", "operation": "probe_read", "outcome": "allowed", "principal": "user:c1-dev.5f190ba0-9fcd-4fc3-affd-8d6191c05c1c", "reason": "", "target": "urn:c1:probe:entity-8ebe31fea41d443e860d1134274e051e"}
C1 API listening on 127.0.0.1:18000; pid 2770334
c1-dev compose pause completed
C1 API listening on 127.0.0.1:18000; pid 2770442
c1-dev compose unpause completed
C1 API stopped
.{"correlation_id": "53f5dbc4-84a9-4a08-a0bb-870475ed5501", "operation": "scope_create", "outcome": "applied", "principal": "user:c1-dev.810ccc6a-6084-4c5c-80a3-1cd63e5db6d5", "reason": "confirmed", "target": "aca30c73-a52a-43b1-83f3-bc20265902a3"}
{"correlation_id": "a70c7268-1dff-4248-aea5-62cf9ab55c76", "operation": "scope_create", "outcome": "allowed", "principal": "user:c1-dev.810ccc6a-6084-4c5c-80a3-1cd63e5db6d5", "reason": "", "target": "aca30c73-a52a-43b1-83f3-bc20265902a3"}
{"correlation_id": "a8b9db4b-d8fb-4aeb-ba8f-02750735e974", "operation": "membership", "outcome": "applied", "principal": "user:c1-dev.810ccc6a-6084-4c5c-80a3-1cd63e5db6d5", "reason": "confirmed", "target": "aca30c73-a52a-43b1-83f3-bc20265902a3"}
{"correlation_id": "3016a1f9-9315-4ec3-a7e4-3c0127b9270a", "operation": "scope_member_grant", "outcome": "allowed", "principal": "user:c1-dev.810ccc6a-6084-4c5c-80a3-1cd63e5db6d5", "reason": "", "target": "aca30c73-a52a-43b1-83f3-bc20265902a3"}
{"correlation_id": "22ca3434-4519-455a-bfa8-7e89fa3ffc92", "operation": "membership", "outcome": "applied", "principal": "user:c1-dev.810ccc6a-6084-4c5c-80a3-1cd63e5db6d5", "reason": "confirmed", "target": "aca30c73-a52a-43b1-83f3-bc20265902a3"}
{"correlation_id": "056682a0-4a88-4815-8593-bb390a60ed0b", "operation": "scope_member_grant", "outcome": "allowed", "principal": "user:c1-dev.810ccc6a-6084-4c5c-80a3-1cd63e5db6d5", "reason": "", "target": "aca30c73-a52a-43b1-83f3-bc20265902a3"}
{"correlation_id": "68a03e72-768d-4757-9bf4-ea05cb8cc674", "operation": "membership", "outcome": "applied", "principal": "user:c1-dev.810ccc6a-6084-4c5c-80a3-1cd63e5db6d5", "reason": "confirmed", "target": "aca30c73-a52a-43b1-83f3-bc20265902a3"}
{"correlation_id": "abc89cf7-63c9-42c2-a6c2-8717b4f46c4d", "operation": "scope_member_grant", "outcome": "allowed", "principal": "user:c1-dev.810ccc6a-6084-4c5c-80a3-1cd63e5db6d5", "reason": "", "target": "aca30c73-a52a-43b1-83f3-bc20265902a3"}
{"correlation_id": "e29e1039-6af5-4806-bb0e-817734aea214", "operation": "scope_create", "outcome": "applied", "principal": "user:c1-dev.810ccc6a-6084-4c5c-80a3-1cd63e5db6d5", "reason": "confirmed", "target": "710a8679-a964-4ba6-b2a4-cd6988f16b91"}
{"correlation_id": "89e5601b-329c-4410-a69d-91ac81d95676", "operation": "scope_create", "outcome": "allowed", "principal": "user:c1-dev.810ccc6a-6084-4c5c-80a3-1cd63e5db6d5", "reason": "", "target": "710a8679-a964-4ba6-b2a4-cd6988f16b91"}
{"correlation_id": "248cb90d-ae63-459c-b06f-6f2b8df5ecbb", "operation": "membership", "outcome": "applied", "principal": "user:c1-dev.810ccc6a-6084-4c5c-80a3-1cd63e5db6d5", "reason": "confirmed", "target": "710a8679-a964-4ba6-b2a4-cd6988f16b91"}
{"correlation_id": "4335a96d-d593-42b9-9ae0-76b64d10515c", "operation": "scope_member_grant", "outcome": "allowed", "principal": "user:c1-dev.810ccc6a-6084-4c5c-80a3-1cd63e5db6d5", "reason": "", "target": "710a8679-a964-4ba6-b2a4-cd6988f16b91"}
{"correlation_id": "ffe8c4a6-7306-408a-bfb5-cef802104623", "operation": "membership", "outcome": "applied", "principal": "user:c1-dev.810ccc6a-6084-4c5c-80a3-1cd63e5db6d5", "reason": "confirmed", "target": "710a8679-a964-4ba6-b2a4-cd6988f16b91"}
{"correlation_id": "9adb6943-1876-4e33-a980-77c50ec0cd63", "operation": "scope_member_grant", "outcome": "allowed", "principal": "user:c1-dev.810ccc6a-6084-4c5c-80a3-1cd63e5db6d5", "reason": "", "target": "710a8679-a964-4ba6-b2a4-cd6988f16b91"}
{"correlation_id": "bda9a6c6-78c5-479c-9d44-ccb3119bf2f1", "operation": "membership", "outcome": "applied", "principal": "user:c1-dev.810ccc6a-6084-4c5c-80a3-1cd63e5db6d5", "reason": "confirmed", "target": "710a8679-a964-4ba6-b2a4-cd6988f16b91"}
{"correlation_id": "4554dcc1-a034-436c-a7df-8a4a08a6c23f", "operation": "scope_member_grant", "outcome": "allowed", "principal": "user:c1-dev.810ccc6a-6084-4c5c-80a3-1cd63e5db6d5", "reason": "", "target": "710a8679-a964-4ba6-b2a4-cd6988f16b91"}
{"correlation_id": "aeaba16e-425f-4770-8c5f-35cb6849e086", "operation": "membership", "outcome": "applied", "principal": "user:c1-dev.810ccc6a-6084-4c5c-80a3-1cd63e5db6d5", "reason": "confirmed", "target": "aca30c73-a52a-43b1-83f3-bc20265902a3"}
{"correlation_id": "f9015e48-2698-4a09-9d1a-d0121def3ab1", "operation": "scope_member_grant", "outcome": "allowed", "principal": "user:c1-dev.810ccc6a-6084-4c5c-80a3-1cd63e5db6d5", "reason": "", "target": "aca30c73-a52a-43b1-83f3-bc20265902a3"}
{"correlation_id": "02d08440-e69e-4be1-b5ef-073a36f7cc25", "operation": "membership", "outcome": "applied", "principal": "user:c1-dev.810ccc6a-6084-4c5c-80a3-1cd63e5db6d5", "reason": "confirmed", "target": "710a8679-a964-4ba6-b2a4-cd6988f16b91"}
{"correlation_id": "534cfb3c-7335-4c3f-a331-b9bd481fe079", "operation": "scope_member_grant", "outcome": "allowed", "principal": "user:c1-dev.810ccc6a-6084-4c5c-80a3-1cd63e5db6d5", "reason": "", "target": "710a8679-a964-4ba6-b2a4-cd6988f16b91"}
{"correlation_id": "1daaec50-f05b-4c44-963e-e4ff687d2520", "operation": "provision", "outcome": "applied", "principal": "user:c1-dev.810ccc6a-6084-4c5c-80a3-1cd63e5db6d5", "reason": "confirmed", "target": "urn:c1:probe:entity-8163c9f70ea74c3ea9d3161a7ae612fe"}
{"correlation_id": "5da95472-aa8b-49ee-a2e8-1169689fae64", "operation": "probe_provision", "outcome": "allowed", "principal": "user:c1-dev.810ccc6a-6084-4c5c-80a3-1cd63e5db6d5", "reason": "", "target": "urn:c1:probe:entity-8163c9f70ea74c3ea9d3161a7ae612fe"}
{"correlation_id": "f1810811-107f-46ba-a0bc-69fe88d1b2db", "operation": "rescope", "outcome": "proposed", "principal": "user:c1-dev.810ccc6a-6084-4c5c-80a3-1cd63e5db6d5", "reason": "declassification_review_required", "target": "urn:c1:probe:entity-8163c9f70ea74c3ea9d3161a7ae612fe"}
{"correlation_id": "5126ece6-43cc-44fc-92eb-25e1f6e204e1", "operation": "rescope_propose", "outcome": "allowed", "principal": "user:c1-dev.810ccc6a-6084-4c5c-80a3-1cd63e5db6d5", "reason": "", "target": "urn:c1:probe:entity-8163c9f70ea74c3ea9d3161a7ae612fe"}
{"correlation_id": "f0220385-b9cc-4b47-a1e9-a258fe758f00", "operation": "approve", "outcome": "approved", "principal": "user:c1-dev.bb2bef1a-155e-4a66-988c-0032f22893fd", "reason": "authorized", "target": "6358814f-b8b9-43cb-8718-42f186ebc6a0"}
{"correlation_id": "9f9e9bee-0b0f-4582-92ca-e460743c5227", "operation": "rescope_approve", "outcome": "allowed", "principal": "user:c1-dev.bb2bef1a-155e-4a66-988c-0032f22893fd", "reason": "", "target": "6358814f-b8b9-43cb-8718-42f186ebc6a0"}
{"correlation_id": "f229886f-b4e1-4384-b630-ccfc78de143c", "operation": "probe_read", "outcome": "allowed", "principal": "user:c1-dev.5f190ba0-9fcd-4fc3-affd-8d6191c05c1c", "reason": "", "target": "urn:c1:probe:entity-8163c9f70ea74c3ea9d3161a7ae612fe"}
C1 API listening on 127.0.0.1:18000; pid 2771308
c1-dev compose pause completed
C1 API listening on 127.0.0.1:18000; pid 2771482
c1-dev compose unpause completed
C1 API stopped
.
tests/integration/m03/test_t07_boundary.py {"correlation_id": "cdc1b8f0-e2a3-4792-a14f-b514b6651ccf", "operation": "scope_create", "outcome": "applied", "principal": "user:c1-dev.810ccc6a-6084-4c5c-80a3-1cd63e5db6d5", "reason": "confirmed", "target": "998c440a-5288-48d2-a9f2-023ba1d7a271"}
{"correlation_id": "ce134fdf-5cb5-497e-a8b9-4e25f6cb4d69", "operation": "scope_create", "outcome": "allowed", "principal": "user:c1-dev.810ccc6a-6084-4c5c-80a3-1cd63e5db6d5", "reason": "", "target": "998c440a-5288-48d2-a9f2-023ba1d7a271"}
{"correlation_id": "a2ee4cfb-bd75-499c-a934-9c29c3d761d1", "operation": "membership", "outcome": "applied", "principal": "user:c1-dev.810ccc6a-6084-4c5c-80a3-1cd63e5db6d5", "reason": "confirmed", "target": "998c440a-5288-48d2-a9f2-023ba1d7a271"}
{"correlation_id": "138697e4-59e1-4a5c-a80c-d6450ec3e1a7", "operation": "scope_member_grant", "outcome": "allowed", "principal": "user:c1-dev.810ccc6a-6084-4c5c-80a3-1cd63e5db6d5", "reason": "", "target": "998c440a-5288-48d2-a9f2-023ba1d7a271"}
{"correlation_id": "2a51af5e-a8cd-4a6a-849a-d7eca5582521", "operation": "membership", "outcome": "applied", "principal": "user:c1-dev.810ccc6a-6084-4c5c-80a3-1cd63e5db6d5", "reason": "confirmed", "target": "998c440a-5288-48d2-a9f2-023ba1d7a271"}
{"correlation_id": "c8fd01bb-e0ee-4585-80c8-e000b5f9bf70", "operation": "scope_member_grant", "outcome": "allowed", "principal": "user:c1-dev.810ccc6a-6084-4c5c-80a3-1cd63e5db6d5", "reason": "", "target": "998c440a-5288-48d2-a9f2-023ba1d7a271"}
{"correlation_id": "4a772e46-caba-487e-8ac7-b00d5ae72cc7", "operation": "membership", "outcome": "applied", "principal": "user:c1-dev.810ccc6a-6084-4c5c-80a3-1cd63e5db6d5", "reason": "confirmed", "target": "998c440a-5288-48d2-a9f2-023ba1d7a271"}
{"correlation_id": "55ed16b2-db91-4d9d-acc9-504c9c2295b4", "operation": "scope_member_grant", "outcome": "allowed", "principal": "user:c1-dev.810ccc6a-6084-4c5c-80a3-1cd63e5db6d5", "reason": "", "target": "998c440a-5288-48d2-a9f2-023ba1d7a271"}
{"correlation_id": "74fb5b1e-c041-4de0-8ee1-99f3f8b6c46c", "operation": "membership", "outcome": "applied", "principal": "user:c1-dev.810ccc6a-6084-4c5c-80a3-1cd63e5db6d5", "reason": "confirmed", "target": "998c440a-5288-48d2-a9f2-023ba1d7a271"}
{"correlation_id": "27672d21-2093-4bde-8b5b-6d3a619b3722", "operation": "scope_member_grant", "outcome": "allowed", "principal": "user:c1-dev.810ccc6a-6084-4c5c-80a3-1cd63e5db6d5", "reason": "", "target": "998c440a-5288-48d2-a9f2-023ba1d7a271"}
{"correlation_id": "1fc66ac9-d350-462c-8fd7-b663c948b9a4", "operation": "provision", "outcome": "applied", "principal": "user:c1-dev.810ccc6a-6084-4c5c-80a3-1cd63e5db6d5", "reason": "confirmed", "target": "urn:c1:probe:entity-c04d884d15f34af5bb45eee4c41a0be5"}
{"correlation_id": "71d0d919-a49e-4bab-a8f6-eb8c67411a9d", "operation": "probe_provision", "outcome": "allowed", "principal": "user:c1-dev.810ccc6a-6084-4c5c-80a3-1cd63e5db6d5", "reason": "", "target": "urn:c1:probe:entity-c04d884d15f34af5bb45eee4c41a0be5"}
{"correlation_id": "276409c0-4fdd-4ac6-844b-91b7b8c174f4", "operation": "probe_read", "outcome": "allowed", "principal": "user:c1-dev.5f190ba0-9fcd-4fc3-affd-8d6191c05c1c", "reason": "", "target": "urn:c1:probe:entity-c04d884d15f34af5bb45eee4c41a0be5"}
{"correlation_id": "c5e7b8b9-93ab-4aca-9548-87f2d7364f6b", "operation": "request_boundary", "outcome": "denied", "principal": "user:c1-dev.5f190ba0-9fcd-4fc3-affd-8d6191c05c1c", "reason": "request_selector", "target": ""}
{"correlation_id": "f831e1e3-b484-4d94-a900-065b272e151d", "operation": "request_boundary", "outcome": "denied", "principal": "user:c1-dev.5f190ba0-9fcd-4fc3-affd-8d6191c05c1c", "reason": "request_selector", "target": ""}
{"correlation_id": "76729224-2fbf-40e3-a448-f294ad01180f", "operation": "request_boundary", "outcome": "denied", "principal": "user:c1-dev.5f190ba0-9fcd-4fc3-affd-8d6191c05c1c", "reason": "request_selector", "target": ""}
{"correlation_id": "70ea4484-2d94-4dfe-a8d8-a081434699ad", "operation": "request_boundary", "outcome": "denied", "principal": "user:c1-dev.5f190ba0-9fcd-4fc3-affd-8d6191c05c1c", "reason": "request_selector", "target": ""}
{"correlation_id": "6c6ee2ab-dbfe-45a1-8c66-764c71060d06", "operation": "request_boundary", "outcome": "denied", "principal": "user:c1-dev.5f190ba0-9fcd-4fc3-affd-8d6191c05c1c", "reason": "request_selector", "target": ""}
{"correlation_id": "ff6a1126-cf58-4128-bd6a-3b255756901b", "operation": "request_boundary", "outcome": "denied", "principal": "user:c1-dev.5f190ba0-9fcd-4fc3-affd-8d6191c05c1c", "reason": "request_selector", "target": ""}
{"correlation_id": "6265705e-2c25-49c3-a15c-68ac107c0ca6", "operation": "request_boundary", "outcome": "denied", "principal": "user:c1-dev.5f190ba0-9fcd-4fc3-affd-8d6191c05c1c", "reason": "request_selector", "target": ""}
{"correlation_id": "283776fa-76a6-4094-bac5-47ad75d16392", "operation": "request_boundary", "outcome": "denied", "principal": "user:c1-dev.5f190ba0-9fcd-4fc3-affd-8d6191c05c1c", "reason": "request_selector", "target": ""}
{"correlation_id": "60040e4f-41d3-4c0f-b9e4-e755b73df0fd", "operation": "request_boundary", "outcome": "denied", "principal": "user:c1-dev.5f190ba0-9fcd-4fc3-affd-8d6191c05c1c", "reason": "request_selector", "target": ""}
{"correlation_id": "5c55959c-4738-4d3c-b79f-2a099dfa2262", "operation": "provision", "outcome": "denied", "principal": "user:c1-dev.810ccc6a-6084-4c5c-80a3-1cd63e5db6d5", "reason": "invalid_request", "target": ""}
{"correlation_id": "6a2a3f66-501c-4b56-8123-de0626460ba9", "operation": "provision", "outcome": "denied", "principal": "user:c1-dev.810ccc6a-6084-4c5c-80a3-1cd63e5db6d5", "reason": "invalid_request", "target": ""}
{"correlation_id": "be46867d-d4a0-4d92-a9ed-73507dc8f641", "operation": "provision", "outcome": "denied", "principal": "user:c1-dev.810ccc6a-6084-4c5c-80a3-1cd63e5db6d5", "reason": "invalid_request", "target": ""}
{"correlation_id": "2583980f-f982-4b0a-b795-2bda418da862", "operation": "probe_read", "outcome": "allowed", "principal": "user:c1-dev.5f190ba0-9fcd-4fc3-affd-8d6191c05c1c", "reason": "", "target": "urn:c1:probe:entity-c04d884d15f34af5bb45eee4c41a0be5"}
.{"correlation_id": "308d0110-cf1a-4df5-a4f8-64463139562b", "operation": "scope_create", "outcome": "applied", "principal": "user:c1-dev.810ccc6a-6084-4c5c-80a3-1cd63e5db6d5", "reason": "confirmed", "target": "d2fa8d5d-2f6f-4016-9332-3fdc7cd9ca44"}
{"correlation_id": "9ed6ce70-eeef-4d67-855e-2c7ede31e757", "operation": "scope_create", "outcome": "allowed", "principal": "user:c1-dev.810ccc6a-6084-4c5c-80a3-1cd63e5db6d5", "reason": "", "target": "d2fa8d5d-2f6f-4016-9332-3fdc7cd9ca44"}
{"correlation_id": "9ee9fc98-521e-4530-b9a5-fa239be88e0b", "operation": "membership", "outcome": "applied", "principal": "user:c1-dev.810ccc6a-6084-4c5c-80a3-1cd63e5db6d5", "reason": "confirmed", "target": "d2fa8d5d-2f6f-4016-9332-3fdc7cd9ca44"}
{"correlation_id": "a1cdc81e-368d-4fb3-b68e-3f7296eca4d1", "operation": "scope_member_grant", "outcome": "allowed", "principal": "user:c1-dev.810ccc6a-6084-4c5c-80a3-1cd63e5db6d5", "reason": "", "target": "d2fa8d5d-2f6f-4016-9332-3fdc7cd9ca44"}
{"correlation_id": "82d8ac88-f856-4b49-9824-77d29d0a27c2", "operation": "membership", "outcome": "applied", "principal": "user:c1-dev.810ccc6a-6084-4c5c-80a3-1cd63e5db6d5", "reason": "confirmed", "target": "d2fa8d5d-2f6f-4016-9332-3fdc7cd9ca44"}
{"correlation_id": "0bac30b7-4a04-44a7-8e28-996a887b0dfc", "operation": "scope_member_grant", "outcome": "allowed", "principal": "user:c1-dev.810ccc6a-6084-4c5c-80a3-1cd63e5db6d5", "reason": "", "target": "d2fa8d5d-2f6f-4016-9332-3fdc7cd9ca44"}
{"correlation_id": "4024a476-cb1e-4b65-8635-6261d0d7f080", "operation": "membership", "outcome": "applied", "principal": "user:c1-dev.810ccc6a-6084-4c5c-80a3-1cd63e5db6d5", "reason": "confirmed", "target": "d2fa8d5d-2f6f-4016-9332-3fdc7cd9ca44"}
{"correlation_id": "b50d9073-d98e-4015-95f7-8b2ce924c5c4", "operation": "scope_member_grant", "outcome": "allowed", "principal": "user:c1-dev.810ccc6a-6084-4c5c-80a3-1cd63e5db6d5", "reason": "", "target": "d2fa8d5d-2f6f-4016-9332-3fdc7cd9ca44"}
{"correlation_id": "ee71e33d-c608-44a8-a1f3-5cc24d2be6c2", "operation": "scope_create", "outcome": "applied", "principal": "user:c1-dev.810ccc6a-6084-4c5c-80a3-1cd63e5db6d5", "reason": "confirmed", "target": "8ee68879-fbc2-4bf3-b4a5-e70d150d4f1f"}
{"correlation_id": "fc53fa94-0f3b-495d-a41f-2431f57f1421", "operation": "scope_create", "outcome": "allowed", "principal": "user:c1-dev.810ccc6a-6084-4c5c-80a3-1cd63e5db6d5", "reason": "", "target": "8ee68879-fbc2-4bf3-b4a5-e70d150d4f1f"}
{"correlation_id": "b102b8a8-4a3b-4f68-b7cb-2fa43c751dee", "operation": "membership", "outcome": "applied", "principal": "user:c1-dev.810ccc6a-6084-4c5c-80a3-1cd63e5db6d5", "reason": "confirmed", "target": "8ee68879-fbc2-4bf3-b4a5-e70d150d4f1f"}
{"correlation_id": "13eeccbe-7d98-4c0e-b8e5-e202c17083f1", "operation": "scope_member_grant", "outcome": "allowed", "principal": "user:c1-dev.810ccc6a-6084-4c5c-80a3-1cd63e5db6d5", "reason": "", "target": "8ee68879-fbc2-4bf3-b4a5-e70d150d4f1f"}
{"correlation_id": "ea02ba7f-564a-4638-8167-e081e9bc4660", "operation": "membership", "outcome": "applied", "principal": "user:c1-dev.810ccc6a-6084-4c5c-80a3-1cd63e5db6d5", "reason": "confirmed", "target": "8ee68879-fbc2-4bf3-b4a5-e70d150d4f1f"}
{"correlation_id": "74444b6b-3d35-47e7-b494-ae16c1071862", "operation": "scope_member_grant", "outcome": "allowed", "principal": "user:c1-dev.810ccc6a-6084-4c5c-80a3-1cd63e5db6d5", "reason": "", "target": "8ee68879-fbc2-4bf3-b4a5-e70d150d4f1f"}
{"correlation_id": "8e979a5b-add9-4071-b2a1-88f0c6b7e5d5", "operation": "membership", "outcome": "applied", "principal": "user:c1-dev.810ccc6a-6084-4c5c-80a3-1cd63e5db6d5", "reason": "confirmed", "target": "8ee68879-fbc2-4bf3-b4a5-e70d150d4f1f"}
{"correlation_id": "48f52802-1d0a-45e2-acbd-9470ebfb14fa", "operation": "scope_member_grant", "outcome": "allowed", "principal": "user:c1-dev.810ccc6a-6084-4c5c-80a3-1cd63e5db6d5", "reason": "", "target": "8ee68879-fbc2-4bf3-b4a5-e70d150d4f1f"}
{"correlation_id": "d8f8b24b-f523-47d3-bf8f-b06dd7c63ae0", "operation": "provision", "outcome": "applied", "principal": "user:c1-dev.810ccc6a-6084-4c5c-80a3-1cd63e5db6d5", "reason": "confirmed", "target": "urn:c1:probe:entity-c88dec6fad9a40658dd785141aea544c"}
{"correlation_id": "08d2a275-344e-42c5-bf00-a1a12d91ca8c", "operation": "probe_provision", "outcome": "allowed", "principal": "user:c1-dev.810ccc6a-6084-4c5c-80a3-1cd63e5db6d5", "reason": "", "target": "urn:c1:probe:entity-c88dec6fad9a40658dd785141aea544c"}
{"correlation_id": "412581aa-cb85-414c-b4ce-b8f137840b33", "operation": "provision", "outcome": "denied", "principal": "user:c1-dev.f496d5b1-2905-4787-b6b0-d0bd643c4af8", "reason": "authorization_denied", "target": ""}
{"correlation_id": "e92da2d7-970e-4304-a568-406d526322ab", "operation": "provision", "outcome": "denied", "principal": "user:c1-dev.f496d5b1-2905-4787-b6b0-d0bd643c4af8", "reason": "authorization_denied", "target": ""}
{"correlation_id": "ad7c676b-c935-4f54-b26c-73d30d3072bf", "operation": "membership", "outcome": "applied", "principal": "user:c1-dev.810ccc6a-6084-4c5c-80a3-1cd63e5db6d5", "reason": "confirmed", "target": "8ee68879-fbc2-4bf3-b4a5-e70d150d4f1f"}
{"correlation_id": "69244e6d-2251-45c1-a121-283a6ec88913", "operation": "scope_member_grant", "outcome": "allowed", "principal": "user:c1-dev.810ccc6a-6084-4c5c-80a3-1cd63e5db6d5", "reason": "", "target": "8ee68879-fbc2-4bf3-b4a5-e70d150d4f1f"}
{"correlation_id": "d03748df-de6e-4d15-8f51-6f3d4beee2fe", "operation": "probe_read", "outcome": "denied", "principal": "user:c1-dev.f496d5b1-2905-4787-b6b0-d0bd643c4af8", "reason": "not_found", "target": "urn:c1:probe:entity-c88dec6fad9a40658dd785141aea544c"}
{"correlation_id": "57cf7fcb-e0b5-49de-8a1b-7c91ddeec0c2", "operation": "provision", "outcome": "denied", "principal": "user:c1-dev.f496d5b1-2905-4787-b6b0-d0bd643c4af8", "reason": "not_found", "target": ""}
{"correlation_id": "7666982f-2acc-4e1f-b075-244f3458e0b6", "operation": "membership", "outcome": "applied", "principal": "user:c1-dev.810ccc6a-6084-4c5c-80a3-1cd63e5db6d5", "reason": "confirmed", "target": "d2fa8d5d-2f6f-4016-9332-3fdc7cd9ca44"}
{"correlation_id": "85c1237d-097a-4730-8843-160def9533b1", "operation": "scope_member_grant", "outcome": "allowed", "principal": "user:c1-dev.810ccc6a-6084-4c5c-80a3-1cd63e5db6d5", "reason": "", "target": "d2fa8d5d-2f6f-4016-9332-3fdc7cd9ca44"}
{"correlation_id": "d6eef419-27be-4370-ae29-a28008a60c16", "operation": "probe_read", "outcome": "allowed", "principal": "user:c1-dev.f496d5b1-2905-4787-b6b0-d0bd643c4af8", "reason": "", "target": "urn:c1:probe:entity-c88dec6fad9a40658dd785141aea544c"}
{"correlation_id": "2a76639a-2bf7-419f-9f5a-e34094cab60b", "operation": "provision", "outcome": "denied", "principal": "user:c1-dev.f496d5b1-2905-4787-b6b0-d0bd643c4af8", "reason": "resource_exists", "target": ""}
.{"correlation_id": "1067fd54-337b-4b09-9641-dda1064ef73e", "operation": "scope_create", "outcome": "applied", "principal": "user:c1-dev.810ccc6a-6084-4c5c-80a3-1cd63e5db6d5", "reason": "confirmed", "target": "30d6a56e-3103-42ec-b720-db4535eb5a01"}
{"correlation_id": "2d628a8f-9147-42da-814f-19cb0040ef59", "operation": "scope_create", "outcome": "allowed", "principal": "user:c1-dev.810ccc6a-6084-4c5c-80a3-1cd63e5db6d5", "reason": "", "target": "30d6a56e-3103-42ec-b720-db4535eb5a01"}
{"correlation_id": "5c47d275-83d6-49b0-8406-19330563565c", "operation": "membership", "outcome": "applied", "principal": "user:c1-dev.810ccc6a-6084-4c5c-80a3-1cd63e5db6d5", "reason": "confirmed", "target": "30d6a56e-3103-42ec-b720-db4535eb5a01"}
{"correlation_id": "8b542124-37c3-4ec6-a64d-3f3f6129d182", "operation": "scope_member_grant", "outcome": "allowed", "principal": "user:c1-dev.810ccc6a-6084-4c5c-80a3-1cd63e5db6d5", "reason": "", "target": "30d6a56e-3103-42ec-b720-db4535eb5a01"}
{"correlation_id": "afa8300a-2719-4920-a747-de35667a0f45", "operation": "membership", "outcome": "applied", "principal": "user:c1-dev.810ccc6a-6084-4c5c-80a3-1cd63e5db6d5", "reason": "confirmed", "target": "30d6a56e-3103-42ec-b720-db4535eb5a01"}
{"correlation_id": "c1af28f6-4abd-43d9-8b40-4255d7010f70", "operation": "scope_member_grant", "outcome": "allowed", "principal": "user:c1-dev.810ccc6a-6084-4c5c-80a3-1cd63e5db6d5", "reason": "", "target": "30d6a56e-3103-42ec-b720-db4535eb5a01"}
{"correlation_id": "775ab542-f3a9-41f9-9bd4-ccafa7f93c64", "operation": "membership", "outcome": "applied", "principal": "user:c1-dev.810ccc6a-6084-4c5c-80a3-1cd63e5db6d5", "reason": "confirmed", "target": "30d6a56e-3103-42ec-b720-db4535eb5a01"}
{"correlation_id": "b97f6bab-b732-451d-9559-4a0617385a2d", "operation": "scope_member_grant", "outcome": "allowed", "principal": "user:c1-dev.810ccc6a-6084-4c5c-80a3-1cd63e5db6d5", "reason": "", "target": "30d6a56e-3103-42ec-b720-db4535eb5a01"}
{"correlation_id": "4d49e095-e63a-43be-b2c8-23b47bd4f662", "operation": "membership", "outcome": "applied", "principal": "user:c1-dev.810ccc6a-6084-4c5c-80a3-1cd63e5db6d5", "reason": "confirmed", "target": "30d6a56e-3103-42ec-b720-db4535eb5a01"}
{"correlation_id": "622bfe01-de8f-4104-89fa-3917f4ad7a29", "operation": "scope_member_grant", "outcome": "allowed", "principal": "user:c1-dev.810ccc6a-6084-4c5c-80a3-1cd63e5db6d5", "reason": "", "target": "30d6a56e-3103-42ec-b720-db4535eb5a01"}
{"correlation_id": "974d8360-b7ea-4a37-8e02-116e33491443", "operation": "provision", "outcome": "applied", "principal": "user:c1-dev.810ccc6a-6084-4c5c-80a3-1cd63e5db6d5", "reason": "confirmed", "target": "urn:c1:probe:entity-012f5498c8fc4d399cecff4650e5748d"}
{"correlation_id": "3e6b91d5-a3a6-4541-a770-5c8b15195646", "operation": "probe_provision", "outcome": "allowed", "principal": "user:c1-dev.810ccc6a-6084-4c5c-80a3-1cd63e5db6d5", "reason": "", "target": "urn:c1:probe:entity-012f5498c8fc4d399cecff4650e5748d"}
{"correlation_id": "d4472758-b5a4-4ac2-b31b-3bf6548e9ade", "operation": "probe_read", "outcome": "allowed", "principal": "user:c1-dev.5f190ba0-9fcd-4fc3-affd-8d6191c05c1c", "reason": "", "target": "urn:c1:probe:entity-012f5498c8fc4d399cecff4650e5748d"}
c1-dev compose stop completed
{"correlation_id": "0b1aec18-00df-4403-837a-54eb526487ec", "operation": "probe_read", "outcome": "denied", "principal": "user:c1-dev.5f190ba0-9fcd-4fc3-affd-8d6191c05c1c", "reason": "not_found", "target": "urn:c1:probe:entity-012f5498c8fc4d399cecff4650e5748d"}
{"correlation_id": "305c9753-a304-46af-80d5-89216a781c51", "operation": "add_member", "outcome": "unavailable", "principal": "user:c1-dev.810ccc6a-6084-4c5c-80a3-1cd63e5db6d5", "reason": "authorization_denied", "target": ""}
c1-dev compose start completed
terminusdb: ready
keycloak: ready
openfga: ready
{"correlation_id": "b5e5dfc5-2e5a-4295-80f3-b6cb4a54df8e", "operation": "probe_read", "outcome": "allowed", "principal": "user:c1-dev.5f190ba0-9fcd-4fc3-affd-8d6191c05c1c", "reason": "", "target": "urn:c1:probe:entity-012f5498c8fc4d399cecff4650e5748d"}
c1-dev compose stop completed
{"correlation_id": "e31fdf6d-1197-4e15-a197-ce00806beab0", "operation": "whoami", "outcome": "allowed", "principal": "user:c1-dev.5f190ba0-9fcd-4fc3-affd-8d6191c05c1c", "reason": "", "target": ""}
{"correlation_id": "75a19aca-d857-46ac-b07a-d441a558075b", "operation": "authenticate", "outcome": "denied", "principal": "", "reason": "invalid_token", "target": ""}
c1-dev compose start completed
terminusdb: ready
openfga: ready
keycloak: ready
.

=============================== warnings summary ===============================
tests/integration/m01/test_t07_interchange.py: 3 warnings
tests/integration/m02/test_install_guards.py: 1 warning
tests/integration/m02/test_t01_roundtrip.py: 2 warnings
tests/integration/m02/test_t02_conflicts.py: 1 warning
tests/integration/m02/test_t03_no_partial.py: 1 warning
tests/integration/m02/test_t04_identity.py: 2 warnings
tests/integration/m02/test_t07_extension.py: 2 warnings
tests/integration/m03/test_journal_contract.py: 1 warning
  /home/tux/personalbuild/c1/.venv/lib/python3.13/site-packages/rdflib/plugins/parsers/jsonld.py:159: DeprecationWarning: ConjunctiveGraph is deprecated, use Dataset instead.
    conj_sink = ConjunctiveGraph(store=sink.store, identifier=sink.identifier)

-- Docs: https://docs.pytest.org/en/stable/how-to/capture-warnings.html
-- generated xml file: /home/tux/personalbuild/c1/docs/evidence/M03/junit.xml --
================= 39 passed, 13 warnings in 516.51s (0:08:36) ==================
