{"correlation_id": "1c48f504-a471-47cf-bcde-82b431fa5b73", "operation": "instance_grant", "outcome": "applied", "principal": "user:c1-dev.52ee7bde-2918-4348-97e9-33ed361e2c99", "reason": "confirmed", "target": "m03_3f1d5f788dbe4f62bbca656c7458ec03"}
{"correlation_id": "e4b8b5f4-bdba-404d-bc54-5329279a08e9", "operation": "instance_grant", "outcome": "allowed", "principal": "user:c1-dev.52ee7bde-2918-4348-97e9-33ed361e2c99", "reason": "", "target": "user:c1-dev.52ee7bde-2918-4348-97e9-33ed361e2c99"}
{"correlation_id": "c0a7d08e-e040-422c-b48b-00c3a3feb977", "operation": "instance_grant", "outcome": "applied", "principal": "user:c1-dev.52ee7bde-2918-4348-97e9-33ed361e2c99", "reason": "confirmed", "target": "m03_3f1d5f788dbe4f62bbca656c7458ec03"}
{"correlation_id": "fe49fead-d5e4-48f5-9809-6c8426680f1b", "operation": "instance_grant", "outcome": "allowed", "principal": "user:c1-dev.52ee7bde-2918-4348-97e9-33ed361e2c99", "reason": "", "target": "user:c1-dev.2c8d560f-a67a-4801-8621-e597415decd4"}
{"correlation_id": "f239228e-1eed-45a7-8938-2c163bf3991a", "operation": "changeset_create", "outcome": "allowed", "principal": "user:c1-dev.52ee7bde-2918-4348-97e9-33ed361e2c99", "reason": "", "target": "urn:c1:instance:dev:changeset-633eab408af241e6b18c07e0a34b5a35"}
{"correlation_id": "a5a2ffc7-7191-4915-8997-e4fde863ccf2", "operation": "changeset_submit", "outcome": "allowed", "principal": "user:c1-dev.52ee7bde-2918-4348-97e9-33ed361e2c99", "reason": "", "target": "urn:c1:instance:dev:changeset-633eab408af241e6b18c07e0a34b5a35"}
{"correlation_id": "f3ae6a86-fa8a-4893-9d03-26c7b967977b", "operation": "changeset_read", "outcome": "allowed", "principal": "user:c1-dev.52ee7bde-2918-4348-97e9-33ed361e2c99", "reason": "", "target": "urn:c1:instance:dev:changeset-633eab408af241e6b18c07e0a34b5a35"}
{"correlation_id": "f453935e-a3a9-4392-981f-f3194f65491a", "operation": "changeset_approve", "outcome": "allowed", "principal": "user:c1-dev.2c8d560f-a67a-4801-8621-e597415decd4", "reason": "", "target": "urn:c1:instance:dev:changeset-633eab408af241e6b18c07e0a34b5a35"}
{"correlation_id": "3c49fe33-622b-486e-8735-87e96b6d135c", "operation": "changeset_apply", "outcome": "allowed", "principal": "user:c1-dev.2c8d560f-a67a-4801-8621-e597415decd4", "reason": "", "target": "urn:c1:instance:dev:changeset-633eab408af241e6b18c07e0a34b5a35"}
{"correlation_id": "5a17617b-26dd-4f5d-a507-6373d6e48094", "operation": "scope_create", "outcome": "applied", "principal": "user:c1-dev.52ee7bde-2918-4348-97e9-33ed361e2c99", "reason": "confirmed", "target": "ed8dfb10-03c8-400f-ba89-cc1afe74a9c8"}
{"correlation_id": "14ece3f0-fc37-41ac-8096-47133ba3e449", "operation": "scope_create", "outcome": "allowed", "principal": "user:c1-dev.52ee7bde-2918-4348-97e9-33ed361e2c99", "reason": "", "target": "ed8dfb10-03c8-400f-ba89-cc1afe74a9c8"}
{"correlation_id": "9747d018-b58d-415f-81bb-0c4243cdcf38", "operation": "membership", "outcome": "applied", "principal": "user:c1-dev.52ee7bde-2918-4348-97e9-33ed361e2c99", "reason": "confirmed", "target": "ed8dfb10-03c8-400f-ba89-cc1afe74a9c8"}
{"correlation_id": "7d69e8c0-1f0a-47c2-9f45-908df5e39d9e", "operation": "scope_member_grant", "outcome": "allowed", "principal": "user:c1-dev.52ee7bde-2918-4348-97e9-33ed361e2c99", "reason": "", "target": "ed8dfb10-03c8-400f-ba89-cc1afe74a9c8"}
{"correlation_id": "6ea705ae-d4f1-4f62-8fff-790b3f706b9f", "operation": "membership", "outcome": "applied", "principal": "user:c1-dev.52ee7bde-2918-4348-97e9-33ed361e2c99", "reason": "confirmed", "target": "ed8dfb10-03c8-400f-ba89-cc1afe74a9c8"}
{"correlation_id": "ab766231-4787-42a1-8e24-73aa59742880", "operation": "scope_member_grant", "outcome": "allowed", "principal": "user:c1-dev.52ee7bde-2918-4348-97e9-33ed361e2c99", "reason": "", "target": "ed8dfb10-03c8-400f-ba89-cc1afe74a9c8"}
{"correlation_id": "4ae68a27-7707-41ee-8eaf-c4a6ddfd82fe", "operation": "membership", "outcome": "applied", "principal": "user:c1-dev.52ee7bde-2918-4348-97e9-33ed361e2c99", "reason": "confirmed", "target": "ed8dfb10-03c8-400f-ba89-cc1afe74a9c8"}
{"correlation_id": "0f6d9bd1-d4de-4704-84f8-8ccc849986a8", "operation": "scope_member_grant", "outcome": "allowed", "principal": "user:c1-dev.52ee7bde-2918-4348-97e9-33ed361e2c99", "reason": "", "target": "ed8dfb10-03c8-400f-ba89-cc1afe74a9c8"}
{"correlation_id": "a130e76f-20ef-4053-a86f-666a8593aac8", "operation": "membership", "outcome": "applied", "principal": "user:c1-dev.52ee7bde-2918-4348-97e9-33ed361e2c99", "reason": "confirmed", "target": "ed8dfb10-03c8-400f-ba89-cc1afe74a9c8"}
{"correlation_id": "f022b913-f826-41c8-ae71-d042db8793f4", "operation": "scope_member_grant", "outcome": "allowed", "principal": "user:c1-dev.52ee7bde-2918-4348-97e9-33ed361e2c99", "reason": "", "target": "ed8dfb10-03c8-400f-ba89-cc1afe74a9c8"}
{"correlation_id": "af7418c7-c395-48a2-b99c-37fdd463b0d8", "operation": "membership", "outcome": "applied", "principal": "user:c1-dev.52ee7bde-2918-4348-97e9-33ed361e2c99", "reason": "confirmed", "target": "ed8dfb10-03c8-400f-ba89-cc1afe74a9c8"}
{"correlation_id": "b14f0cea-0632-4cf9-bb14-868f0b7306b2", "operation": "scope_member_grant", "outcome": "allowed", "principal": "user:c1-dev.52ee7bde-2918-4348-97e9-33ed361e2c99", "reason": "", "target": "ed8dfb10-03c8-400f-ba89-cc1afe74a9c8"}
{"correlation_id": "7b4d51f1-3e8d-4bdc-a25d-3d30ad71f829", "operation": "membership", "outcome": "applied", "principal": "user:c1-dev.52ee7bde-2918-4348-97e9-33ed361e2c99", "reason": "confirmed", "target": "ed8dfb10-03c8-400f-ba89-cc1afe74a9c8"}
{"correlation_id": "a3aa7893-e3ee-4872-92c8-865bbf4f73a7", "operation": "scope_member_grant", "outcome": "allowed", "principal": "user:c1-dev.52ee7bde-2918-4348-97e9-33ed361e2c99", "reason": "", "target": "ed8dfb10-03c8-400f-ba89-cc1afe74a9c8"}
{"correlation_id": "d951b206-051d-4f39-bd0c-bc95ac60fa64", "operation": "membership", "outcome": "applied", "principal": "user:c1-dev.52ee7bde-2918-4348-97e9-33ed361e2c99", "reason": "confirmed", "target": "ed8dfb10-03c8-400f-ba89-cc1afe74a9c8"}
{"correlation_id": "bd87b4e5-377e-46ee-9de6-7b45ea9a9f6d", "operation": "scope_member_grant", "outcome": "allowed", "principal": "user:c1-dev.52ee7bde-2918-4348-97e9-33ed361e2c99", "reason": "", "target": "ed8dfb10-03c8-400f-ba89-cc1afe74a9c8"}
{"correlation_id": "a885deac-5705-4495-ba01-952361efa7c4", "operation": "membership", "outcome": "applied", "principal": "user:c1-dev.52ee7bde-2918-4348-97e9-33ed361e2c99", "reason": "confirmed", "target": "ed8dfb10-03c8-400f-ba89-cc1afe74a9c8"}
{"correlation_id": "cfa44949-e157-422b-8406-f239b3550344", "operation": "scope_member_grant", "outcome": "allowed", "principal": "user:c1-dev.52ee7bde-2918-4348-97e9-33ed361e2c99", "reason": "", "target": "ed8dfb10-03c8-400f-ba89-cc1afe74a9c8"}
{"correlation_id": "b069aa34-0f35-464f-8eee-0bf7d00a7e96", "operation": "scope_create", "outcome": "applied", "principal": "user:c1-dev.52ee7bde-2918-4348-97e9-33ed361e2c99", "reason": "confirmed", "target": "9bf9f00c-c7ad-4b77-a49f-630b6ed07dbd"}
{"correlation_id": "f0273f27-3cde-4dee-8056-f90d73fd9e1d", "operation": "scope_create", "outcome": "allowed", "principal": "user:c1-dev.52ee7bde-2918-4348-97e9-33ed361e2c99", "reason": "", "target": "9bf9f00c-c7ad-4b77-a49f-630b6ed07dbd"}
{"correlation_id": "44588a38-88f7-4b10-989c-1b23318d67ed", "operation": "membership", "outcome": "applied", "principal": "user:c1-dev.52ee7bde-2918-4348-97e9-33ed361e2c99", "reason": "confirmed", "target": "9bf9f00c-c7ad-4b77-a49f-630b6ed07dbd"}
{"correlation_id": "f0c14335-09d3-4fbe-a1ff-3921638a6315", "operation": "scope_member_grant", "outcome": "allowed", "principal": "user:c1-dev.52ee7bde-2918-4348-97e9-33ed361e2c99", "reason": "", "target": "9bf9f00c-c7ad-4b77-a49f-630b6ed07dbd"}
{"correlation_id": "770556ec-7310-4ba5-811e-959d167d5059", "operation": "membership", "outcome": "applied", "principal": "user:c1-dev.52ee7bde-2918-4348-97e9-33ed361e2c99", "reason": "confirmed", "target": "9bf9f00c-c7ad-4b77-a49f-630b6ed07dbd"}
{"correlation_id": "1e59f7eb-89aa-4a7b-91eb-27ee48a0d298", "operation": "scope_member_grant", "outcome": "allowed", "principal": "user:c1-dev.52ee7bde-2918-4348-97e9-33ed361e2c99", "reason": "", "target": "9bf9f00c-c7ad-4b77-a49f-630b6ed07dbd"}
{"correlation_id": "b7cfb843-63e7-42a7-8112-c9e59cdf37cb", "operation": "membership", "outcome": "applied", "principal": "user:c1-dev.52ee7bde-2918-4348-97e9-33ed361e2c99", "reason": "confirmed", "target": "9bf9f00c-c7ad-4b77-a49f-630b6ed07dbd"}
{"correlation_id": "2964471d-6607-4c89-8532-1c41ca4040b2", "operation": "scope_member_grant", "outcome": "allowed", "principal": "user:c1-dev.52ee7bde-2918-4348-97e9-33ed361e2c99", "reason": "", "target": "9bf9f00c-c7ad-4b77-a49f-630b6ed07dbd"}
{"correlation_id": "1504ef90-691f-4ae5-a37b-abba523d731c", "operation": "membership", "outcome": "applied", "principal": "user:c1-dev.52ee7bde-2918-4348-97e9-33ed361e2c99", "reason": "confirmed", "target": "9bf9f00c-c7ad-4b77-a49f-630b6ed07dbd"}
{"correlation_id": "2c943b27-6891-49cc-9bf8-81af7ede237a", "operation": "scope_member_grant", "outcome": "allowed", "principal": "user:c1-dev.52ee7bde-2918-4348-97e9-33ed361e2c99", "reason": "", "target": "9bf9f00c-c7ad-4b77-a49f-630b6ed07dbd"}
{"correlation_id": "83ce8525-7bfa-47ec-8852-ae7d7cc9bf25", "operation": "membership", "outcome": "applied", "principal": "user:c1-dev.52ee7bde-2918-4348-97e9-33ed361e2c99", "reason": "confirmed", "target": "9bf9f00c-c7ad-4b77-a49f-630b6ed07dbd"}
{"correlation_id": "932e69fd-3878-4c97-ac92-2cfd54f81e74", "operation": "scope_member_grant", "outcome": "allowed", "principal": "user:c1-dev.52ee7bde-2918-4348-97e9-33ed361e2c99", "reason": "", "target": "9bf9f00c-c7ad-4b77-a49f-630b6ed07dbd"}
{"correlation_id": "195178af-be77-46bd-96e7-9e5d060d557f", "operation": "membership", "outcome": "applied", "principal": "user:c1-dev.52ee7bde-2918-4348-97e9-33ed361e2c99", "reason": "confirmed", "target": "9bf9f00c-c7ad-4b77-a49f-630b6ed07dbd"}
{"correlation_id": "ce912f62-ea77-427d-8259-7b81f1f0be75", "operation": "scope_member_grant", "outcome": "allowed", "principal": "user:c1-dev.52ee7bde-2918-4348-97e9-33ed361e2c99", "reason": "", "target": "9bf9f00c-c7ad-4b77-a49f-630b6ed07dbd"}
{"correlation_id": "7347f805-e709-4de8-bc0b-567951c0fcd7", "operation": "scope_create", "outcome": "applied", "principal": "user:c1-dev.52ee7bde-2918-4348-97e9-33ed361e2c99", "reason": "confirmed", "target": "164e4105-a8b1-4db6-8cef-96521facb28f"}
{"correlation_id": "0c51db15-c723-4562-9200-dc8b1026e424", "operation": "scope_create", "outcome": "allowed", "principal": "user:c1-dev.52ee7bde-2918-4348-97e9-33ed361e2c99", "reason": "", "target": "164e4105-a8b1-4db6-8cef-96521facb28f"}
{"correlation_id": "a90b6360-bc07-4d89-9dac-922102ec30c7", "operation": "membership", "outcome": "applied", "principal": "user:c1-dev.52ee7bde-2918-4348-97e9-33ed361e2c99", "reason": "confirmed", "target": "164e4105-a8b1-4db6-8cef-96521facb28f"}
{"correlation_id": "15b4329c-b83f-49d6-948d-f0615a9053d2", "operation": "scope_member_grant", "outcome": "allowed", "principal": "user:c1-dev.52ee7bde-2918-4348-97e9-33ed361e2c99", "reason": "", "target": "164e4105-a8b1-4db6-8cef-96521facb28f"}
{"correlation_id": "06c18d81-c360-4979-97ff-1222482b4b24", "operation": "membership", "outcome": "applied", "principal": "user:c1-dev.52ee7bde-2918-4348-97e9-33ed361e2c99", "reason": "confirmed", "target": "164e4105-a8b1-4db6-8cef-96521facb28f"}
{"correlation_id": "bcd153d2-9a65-4f79-ae0e-ebe3f1b66948", "operation": "scope_member_grant", "outcome": "allowed", "principal": "user:c1-dev.52ee7bde-2918-4348-97e9-33ed361e2c99", "reason": "", "target": "164e4105-a8b1-4db6-8cef-96521facb28f"}
{"correlation_id": "4b0a89f3-cc64-45ef-b94d-e2f752560734", "operation": "membership", "outcome": "applied", "principal": "user:c1-dev.52ee7bde-2918-4348-97e9-33ed361e2c99", "reason": "confirmed", "target": "164e4105-a8b1-4db6-8cef-96521facb28f"}
{"correlation_id": "53f5205d-accf-4042-bb6b-433d93aade39", "operation": "scope_member_grant", "outcome": "allowed", "principal": "user:c1-dev.52ee7bde-2918-4348-97e9-33ed361e2c99", "reason": "", "target": "164e4105-a8b1-4db6-8cef-96521facb28f"}
{"correlation_id": "50a94cb9-5483-4ad0-80ef-9986f8b7d4e4", "operation": "membership", "outcome": "applied", "principal": "user:c1-dev.52ee7bde-2918-4348-97e9-33ed361e2c99", "reason": "confirmed", "target": "164e4105-a8b1-4db6-8cef-96521facb28f"}
{"correlation_id": "6419c1d7-a642-47e7-b644-ae73a729b38c", "operation": "scope_member_grant", "outcome": "allowed", "principal": "user:c1-dev.52ee7bde-2918-4348-97e9-33ed361e2c99", "reason": "", "target": "164e4105-a8b1-4db6-8cef-96521facb28f"}
{"correlation_id": "9a0f21a5-e243-4801-9814-82b73047f141", "operation": "membership", "outcome": "applied", "principal": "user:c1-dev.52ee7bde-2918-4348-97e9-33ed361e2c99", "reason": "confirmed", "target": "164e4105-a8b1-4db6-8cef-96521facb28f"}
{"correlation_id": "31ea1421-105f-4e28-af2b-581e419446f6", "operation": "scope_member_grant", "outcome": "allowed", "principal": "user:c1-dev.52ee7bde-2918-4348-97e9-33ed361e2c99", "reason": "", "target": "164e4105-a8b1-4db6-8cef-96521facb28f"}
{"correlation_id": "a19f39ab-65d5-49b9-bf4c-7f1cc91e6b43", "operation": "membership", "outcome": "applied", "principal": "user:c1-dev.52ee7bde-2918-4348-97e9-33ed361e2c99", "reason": "confirmed", "target": "164e4105-a8b1-4db6-8cef-96521facb28f"}
{"correlation_id": "66758278-f80f-406f-8b3a-3786c3638b9b", "operation": "scope_member_grant", "outcome": "allowed", "principal": "user:c1-dev.52ee7bde-2918-4348-97e9-33ed361e2c99", "reason": "", "target": "164e4105-a8b1-4db6-8cef-96521facb28f"}
{"correlation_id": "0a00a5b7-c270-46ec-b0b2-5e0d5850cac6", "operation": "scope_create", "outcome": "applied", "principal": "user:c1-dev.52ee7bde-2918-4348-97e9-33ed361e2c99", "reason": "confirmed", "target": "afda2cc0-1df9-48ea-827b-05b555f42bf3"}
{"correlation_id": "661a77d6-fa64-4276-b20a-714d3ad7f15e", "operation": "scope_create", "outcome": "allowed", "principal": "user:c1-dev.52ee7bde-2918-4348-97e9-33ed361e2c99", "reason": "", "target": "afda2cc0-1df9-48ea-827b-05b555f42bf3"}
{"correlation_id": "9e626412-4b1b-4b4b-bec2-e0d58aca3a98", "operation": "membership", "outcome": "applied", "principal": "user:c1-dev.52ee7bde-2918-4348-97e9-33ed361e2c99", "reason": "confirmed", "target": "afda2cc0-1df9-48ea-827b-05b555f42bf3"}
{"correlation_id": "50566898-0431-42fd-9f22-39ff7f820af1", "operation": "scope_member_grant", "outcome": "allowed", "principal": "user:c1-dev.52ee7bde-2918-4348-97e9-33ed361e2c99", "reason": "", "target": "afda2cc0-1df9-48ea-827b-05b555f42bf3"}
{"correlation_id": "72c79c74-0514-429c-a4ed-d708f539187f", "operation": "membership", "outcome": "applied", "principal": "user:c1-dev.52ee7bde-2918-4348-97e9-33ed361e2c99", "reason": "confirmed", "target": "afda2cc0-1df9-48ea-827b-05b555f42bf3"}
{"correlation_id": "bd7234b8-7f57-4df0-9110-17b52f8f0bcf", "operation": "scope_member_grant", "outcome": "allowed", "principal": "user:c1-dev.52ee7bde-2918-4348-97e9-33ed361e2c99", "reason": "", "target": "afda2cc0-1df9-48ea-827b-05b555f42bf3"}
{"correlation_id": "a4b79c2c-f9b9-4436-8f36-91b52cc3cdba", "operation": "membership", "outcome": "applied", "principal": "user:c1-dev.52ee7bde-2918-4348-97e9-33ed361e2c99", "reason": "confirmed", "target": "afda2cc0-1df9-48ea-827b-05b555f42bf3"}
{"correlation_id": "9596f841-e99a-47ab-90c4-2f229f793e2c", "operation": "scope_member_grant", "outcome": "allowed", "principal": "user:c1-dev.52ee7bde-2918-4348-97e9-33ed361e2c99", "reason": "", "target": "afda2cc0-1df9-48ea-827b-05b555f42bf3"}
{"correlation_id": "74320dc7-e71e-4959-a7e2-2bc4e298ffff", "operation": "membership", "outcome": "applied", "principal": "user:c1-dev.52ee7bde-2918-4348-97e9-33ed361e2c99", "reason": "confirmed", "target": "afda2cc0-1df9-48ea-827b-05b555f42bf3"}
{"correlation_id": "874e4712-9db8-4c39-b7b4-506cd83c5f5a", "operation": "scope_member_grant", "outcome": "allowed", "principal": "user:c1-dev.52ee7bde-2918-4348-97e9-33ed361e2c99", "reason": "", "target": "afda2cc0-1df9-48ea-827b-05b555f42bf3"}
{"correlation_id": "8e2a84e0-e12f-4583-84ad-faee990654a8", "operation": "membership", "outcome": "applied", "principal": "user:c1-dev.52ee7bde-2918-4348-97e9-33ed361e2c99", "reason": "confirmed", "target": "afda2cc0-1df9-48ea-827b-05b555f42bf3"}
{"correlation_id": "f70eed4b-4c5a-4c3a-bcf5-b367a9da1a93", "operation": "scope_member_grant", "outcome": "allowed", "principal": "user:c1-dev.52ee7bde-2918-4348-97e9-33ed361e2c99", "reason": "", "target": "afda2cc0-1df9-48ea-827b-05b555f42bf3"}
{"correlation_id": "f5839849-d63a-48f7-9ee7-817872cecd2f", "operation": "membership", "outcome": "applied", "principal": "user:c1-dev.52ee7bde-2918-4348-97e9-33ed361e2c99", "reason": "confirmed", "target": "afda2cc0-1df9-48ea-827b-05b555f42bf3"}
{"correlation_id": "23eb60eb-8604-41a2-acd1-e834eeaadae1", "operation": "scope_member_grant", "outcome": "allowed", "principal": "user:c1-dev.52ee7bde-2918-4348-97e9-33ed361e2c99", "reason": "", "target": "afda2cc0-1df9-48ea-827b-05b555f42bf3"}
{"correlation_id": "284cebec-0c7b-4277-8b72-ad23c2b117ba", "operation": "membership", "outcome": "applied", "principal": "user:c1-dev.52ee7bde-2918-4348-97e9-33ed361e2c99", "reason": "confirmed", "target": "ed8dfb10-03c8-400f-ba89-cc1afe74a9c8"}
{"correlation_id": "bae62acf-b59f-43ae-82bb-3872019e17de", "operation": "scope_member_grant", "outcome": "allowed", "principal": "user:c1-dev.52ee7bde-2918-4348-97e9-33ed361e2c99", "reason": "", "target": "ed8dfb10-03c8-400f-ba89-cc1afe74a9c8"}
{"correlation_id": "dc9af306-7b35-47fd-a8ae-ad9590acf343", "operation": "membership", "outcome": "applied", "principal": "user:c1-dev.52ee7bde-2918-4348-97e9-33ed361e2c99", "reason": "confirmed", "target": "ed8dfb10-03c8-400f-ba89-cc1afe74a9c8"}
{"correlation_id": "bdcc72be-ba4d-46c1-86b3-3b404e0c3e47", "operation": "scope_member_grant", "outcome": "allowed", "principal": "user:c1-dev.52ee7bde-2918-4348-97e9-33ed361e2c99", "reason": "", "target": "ed8dfb10-03c8-400f-ba89-cc1afe74a9c8"}
{"correlation_id": "127663a9-1382-4471-acef-7e2cd5c4d575", "operation": "membership", "outcome": "applied", "principal": "user:c1-dev.52ee7bde-2918-4348-97e9-33ed361e2c99", "reason": "confirmed", "target": "ed8dfb10-03c8-400f-ba89-cc1afe74a9c8"}
{"correlation_id": "5e234de4-6f21-4fe2-b78d-983160310e11", "operation": "scope_member_grant", "outcome": "allowed", "principal": "user:c1-dev.52ee7bde-2918-4348-97e9-33ed361e2c99", "reason": "", "target": "ed8dfb10-03c8-400f-ba89-cc1afe74a9c8"}
{"correlation_id": "a7f7cc80-56d6-4b7d-a3eb-5b68f0280915", "operation": "membership", "outcome": "applied", "principal": "user:c1-dev.52ee7bde-2918-4348-97e9-33ed361e2c99", "reason": "confirmed", "target": "9bf9f00c-c7ad-4b77-a49f-630b6ed07dbd"}
{"correlation_id": "2b858bf0-420f-4882-bd61-461d5efda530", "operation": "scope_member_grant", "outcome": "allowed", "principal": "user:c1-dev.52ee7bde-2918-4348-97e9-33ed361e2c99", "reason": "", "target": "9bf9f00c-c7ad-4b77-a49f-630b6ed07dbd"}
{"correlation_id": "bbf14337-be22-4fce-8c80-6e18aeb5bdf5", "operation": "membership", "outcome": "applied", "principal": "user:c1-dev.52ee7bde-2918-4348-97e9-33ed361e2c99", "reason": "confirmed", "target": "9bf9f00c-c7ad-4b77-a49f-630b6ed07dbd"}
{"correlation_id": "ad072f6d-e51d-4030-b825-1d7a0d0c1e49", "operation": "scope_member_grant", "outcome": "allowed", "principal": "user:c1-dev.52ee7bde-2918-4348-97e9-33ed361e2c99", "reason": "", "target": "9bf9f00c-c7ad-4b77-a49f-630b6ed07dbd"}
{"correlation_id": "0d4bca27-1e53-4832-a153-72396d3b31a0", "operation": "membership", "outcome": "applied", "principal": "user:c1-dev.52ee7bde-2918-4348-97e9-33ed361e2c99", "reason": "confirmed", "target": "9bf9f00c-c7ad-4b77-a49f-630b6ed07dbd"}
{"correlation_id": "25a9adfc-655b-498c-afbb-44cc515c1fcf", "operation": "scope_member_grant", "outcome": "allowed", "principal": "user:c1-dev.52ee7bde-2918-4348-97e9-33ed361e2c99", "reason": "", "target": "9bf9f00c-c7ad-4b77-a49f-630b6ed07dbd"}
{"correlation_id": "744966e9-9c54-4a58-bd32-b307bba489c7", "operation": "membership", "outcome": "applied", "principal": "user:c1-dev.52ee7bde-2918-4348-97e9-33ed361e2c99", "reason": "confirmed", "target": "164e4105-a8b1-4db6-8cef-96521facb28f"}
{"correlation_id": "7fdd6367-615c-4344-a532-9fc59c30d41b", "operation": "scope_member_grant", "outcome": "allowed", "principal": "user:c1-dev.52ee7bde-2918-4348-97e9-33ed361e2c99", "reason": "", "target": "164e4105-a8b1-4db6-8cef-96521facb28f"}
{"correlation_id": "7a6e6b01-078e-451f-a383-c383b421c9a2", "operation": "membership", "outcome": "applied", "principal": "user:c1-dev.52ee7bde-2918-4348-97e9-33ed361e2c99", "reason": "confirmed", "target": "164e4105-a8b1-4db6-8cef-96521facb28f"}
{"correlation_id": "834b7e3c-9fc4-4880-ab31-f7ef34764b67", "operation": "scope_member_grant", "outcome": "allowed", "principal": "user:c1-dev.52ee7bde-2918-4348-97e9-33ed361e2c99", "reason": "", "target": "164e4105-a8b1-4db6-8cef-96521facb28f"}
{"correlation_id": "d78116cf-1fc7-430c-b4b3-492993153f91", "operation": "membership", "outcome": "applied", "principal": "user:c1-dev.52ee7bde-2918-4348-97e9-33ed361e2c99", "reason": "confirmed", "target": "164e4105-a8b1-4db6-8cef-96521facb28f"}
{"correlation_id": "c7dc3a31-3045-4ba1-914b-e75ae2306919", "operation": "scope_member_grant", "outcome": "allowed", "principal": "user:c1-dev.52ee7bde-2918-4348-97e9-33ed361e2c99", "reason": "", "target": "164e4105-a8b1-4db6-8cef-96521facb28f"}
{"correlation_id": "6b73ff85-f377-4441-a349-d53860b2a633", "operation": "membership", "outcome": "applied", "principal": "user:c1-dev.52ee7bde-2918-4348-97e9-33ed361e2c99", "reason": "confirmed", "target": "afda2cc0-1df9-48ea-827b-05b555f42bf3"}
{"correlation_id": "6d5f50ae-9bcb-4a37-8758-45e8fcfb617f", "operation": "scope_member_grant", "outcome": "allowed", "principal": "user:c1-dev.52ee7bde-2918-4348-97e9-33ed361e2c99", "reason": "", "target": "afda2cc0-1df9-48ea-827b-05b555f42bf3"}
{"correlation_id": "a2e220ed-4553-428b-8307-fc9f5da54948", "operation": "membership", "outcome": "applied", "principal": "user:c1-dev.52ee7bde-2918-4348-97e9-33ed361e2c99", "reason": "confirmed", "target": "afda2cc0-1df9-48ea-827b-05b555f42bf3"}
{"correlation_id": "c2e4f74c-4d4d-4500-bd8f-a5f58cc23c37", "operation": "scope_member_grant", "outcome": "allowed", "principal": "user:c1-dev.52ee7bde-2918-4348-97e9-33ed361e2c99", "reason": "", "target": "afda2cc0-1df9-48ea-827b-05b555f42bf3"}
{"correlation_id": "16f4642e-045d-4eb3-b080-f24c2d800cde", "operation": "membership", "outcome": "applied", "principal": "user:c1-dev.52ee7bde-2918-4348-97e9-33ed361e2c99", "reason": "confirmed", "target": "afda2cc0-1df9-48ea-827b-05b555f42bf3"}
{"correlation_id": "e2febdb9-0247-4a1f-984c-463336f6a7f4", "operation": "scope_member_grant", "outcome": "allowed", "principal": "user:c1-dev.52ee7bde-2918-4348-97e9-33ed361e2c99", "reason": "", "target": "afda2cc0-1df9-48ea-827b-05b555f42bf3"}
{"correlation_id": "22d47d98-78ea-4a28-b884-c2c2e590662b", "operation": "changeset_create", "outcome": "allowed", "principal": "user:c1-dev.f9c68503-5549-4836-a7ec-8513fd54ae0f", "reason": "", "target": "urn:c1:instance:dev:changeset-9fdeaaa347494f65b99400021f36d85b"}
{"correlation_id": "8e548033-bc72-4292-b5d1-ae97580fecf1", "operation": "changeset_submit", "outcome": "allowed", "principal": "user:c1-dev.f9c68503-5549-4836-a7ec-8513fd54ae0f", "reason": "", "target": "urn:c1:instance:dev:changeset-9fdeaaa347494f65b99400021f36d85b"}
{"correlation_id": "b6ac68db-1be1-451e-8683-ae19eeb14470", "operation": "changeset_approve", "outcome": "allowed", "principal": "user:c1-dev.2c8d560f-a67a-4801-8621-e597415decd4", "reason": "", "target": "urn:c1:instance:dev:changeset-9fdeaaa347494f65b99400021f36d85b"}
{"correlation_id": "ff63628e-8fd3-498f-8c1e-2c67a16dce68", "operation": "changeset_apply", "outcome": "allowed", "principal": "user:c1-dev.2c8d560f-a67a-4801-8621-e597415decd4", "reason": "", "target": "urn:c1:instance:dev:changeset-9fdeaaa347494f65b99400021f36d85b"}
{"correlation_id": "988f77cd-0304-4ea9-9680-ebcea7719158", "operation": "scope_list", "outcome": "allowed", "principal": "user:c1-dev.52ee7bde-2918-4348-97e9-33ed361e2c99", "reason": "", "target": ""}
{"correlation_id": "9825ff17-cc80-45cf-a288-f57b4d3bd79c", "operation": "membership", "outcome": "applied", "principal": "user:c1-dev.52ee7bde-2918-4348-97e9-33ed361e2c99", "reason": "confirmed", "target": "9bf9f00c-c7ad-4b77-a49f-630b6ed07dbd"}
{"correlation_id": "8a579d08-427c-499f-8747-d5c25fffd475", "operation": "scope_member_grant", "outcome": "allowed", "principal": "user:c1-dev.52ee7bde-2918-4348-97e9-33ed361e2c99", "reason": "", "target": "9bf9f00c-c7ad-4b77-a49f-630b6ed07dbd"}
{"correlation_id": "08bb6e7c-dc1e-40d1-ba2b-7ab9aae919b0", "operation": "membership", "outcome": "applied", "principal": "user:c1-dev.52ee7bde-2918-4348-97e9-33ed361e2c99", "reason": "confirmed", "target": "9bf9f00c-c7ad-4b77-a49f-630b6ed07dbd"}
{"correlation_id": "c1da6241-35d2-45c7-9c99-4c6201ef5e65", "operation": "scope_member_grant", "outcome": "allowed", "principal": "user:c1-dev.52ee7bde-2918-4348-97e9-33ed361e2c99", "reason": "", "target": "9bf9f00c-c7ad-4b77-a49f-630b6ed07dbd"}
{"correlation_id": "7d4d9e1f-9aa8-4954-84f0-08152612c38e", "operation": "membership", "outcome": "applied", "principal": "user:c1-dev.52ee7bde-2918-4348-97e9-33ed361e2c99", "reason": "confirmed", "target": "9bf9f00c-c7ad-4b77-a49f-630b6ed07dbd"}
{"correlation_id": "aaf6282e-7068-443e-902e-6bae10832efe", "operation": "scope_member_grant", "outcome": "allowed", "principal": "user:c1-dev.52ee7bde-2918-4348-97e9-33ed361e2c99", "reason": "", "target": "9bf9f00c-c7ad-4b77-a49f-630b6ed07dbd"}
{"correlation_id": "73d17a55-81ef-4599-a32e-1c51f05519e2", "operation": "membership", "outcome": "applied", "principal": "user:c1-dev.52ee7bde-2918-4348-97e9-33ed361e2c99", "reason": "confirmed", "target": "9bf9f00c-c7ad-4b77-a49f-630b6ed07dbd"}
{"correlation_id": "b9fad9d9-7ea5-41e2-9310-a439b8ad93e0", "operation": "scope_member_grant", "outcome": "allowed", "principal": "user:c1-dev.52ee7bde-2918-4348-97e9-33ed361e2c99", "reason": "", "target": "9bf9f00c-c7ad-4b77-a49f-630b6ed07dbd"}
{"correlation_id": "7f855c2b-ed66-4ebd-9393-057aafda9993", "operation": "whoami", "outcome": "allowed", "principal": "user:c1-dev.2c8d560f-a67a-4801-8621-e597415decd4", "reason": "", "target": ""}
{"correlation_id": "956158a6-897d-4d17-a578-5ae0d55192b5", "operation": "query_catalog", "outcome": "allowed", "principal": "user:c1-dev.2c8d560f-a67a-4801-8621-e597415decd4", "reason": "", "target": ""}
{"correlation_id": "50975ab2-0aad-40be-9ede-abe322c026fb", "operation": "instance_read", "outcome": "allowed", "principal": "user:c1-dev.2c8d560f-a67a-4801-8621-e597415decd4", "reason": "", "target": "m03_3f1d5f788dbe4f62bbca656c7458ec03"}
{"correlation_id": "19fc8f86-7d61-45e5-9378-ff01522c3cbf", "operation": "whoami", "outcome": "allowed", "principal": "user:c1-dev.37324743-8d1d-4e8f-a42a-8d9f0cb5753c", "reason": "", "target": ""}
{"correlation_id": "b608ff81-e410-4cd5-88f4-91c02d9274bc", "operation": "query_catalog", "outcome": "allowed", "principal": "user:c1-dev.37324743-8d1d-4e8f-a42a-8d9f0cb5753c", "reason": "", "target": ""}
{"correlation_id": "150b5a2f-8f3a-4605-b694-a0630f824263", "operation": "instance_read", "outcome": "allowed", "principal": "user:c1-dev.37324743-8d1d-4e8f-a42a-8d9f0cb5753c", "reason": "", "target": "m03_3f1d5f788dbe4f62bbca656c7458ec03"}
{"correlation_id": "e7049908-835a-4b62-a00b-37985fbb018d", "operation": "query_entities", "outcome": "allowed", "principal": "user:c1-dev.2c8d560f-a67a-4801-8621-e597415decd4", "reason": "", "target": ""}
{"correlation_id": "c78025c8-fc6e-47ee-95a1-4e65d8823fca", "operation": "instance_read", "outcome": "allowed", "principal": "user:c1-dev.2c8d560f-a67a-4801-8621-e597415decd4", "reason": "", "target": "m03_3f1d5f788dbe4f62bbca656c7458ec03"}
{"correlation_id": "9b0210ee-ddfd-43eb-be61-3a5f1d46a43e", "operation": "resource_read", "outcome": "allowed", "principal": "user:c1-dev.2c8d560f-a67a-4801-8621-e597415decd4", "reason": "", "target": "urn:c1:instance:dev:entity/00000013-0000-4000-8000-000000000000"}
{"correlation_id": "b3a05642-b27f-4f67-a4d7-8474ac7d716e", "operation": "query_assertions", "outcome": "allowed", "principal": "user:c1-dev.2c8d560f-a67a-4801-8621-e597415decd4", "reason": "", "target": ""}
{"correlation_id": "0db966e9-cede-4060-b02d-647db3be4c38", "operation": "query_assertions", "outcome": "allowed", "principal": "user:c1-dev.2c8d560f-a67a-4801-8621-e597415decd4", "reason": "", "target": ""}
{"correlation_id": "71a60602-7397-49a5-af2e-7a51293b0fbf", "operation": "instance_read", "outcome": "allowed", "principal": "user:c1-dev.2c8d560f-a67a-4801-8621-e597415decd4", "reason": "", "target": "m03_3f1d5f788dbe4f62bbca656c7458ec03"}
{"correlation_id": "c58b708e-4c21-4438-91d3-32d0b1092299", "operation": "resource_read", "outcome": "allowed", "principal": "user:c1-dev.2c8d560f-a67a-4801-8621-e597415decd4", "reason": "", "target": "urn:c1:instance:dev:entity/00000013-0000-4000-8000-000000000000"}
{"correlation_id": "9e619cce-d3aa-4a87-9b29-bd841324c2ab", "operation": "query_assertions", "outcome": "allowed", "principal": "user:c1-dev.2c8d560f-a67a-4801-8621-e597415decd4", "reason": "", "target": ""}
{"correlation_id": "6fc4d9ea-577a-41db-bdf1-4e252d0123b6", "operation": "query_assertions", "outcome": "allowed", "principal": "user:c1-dev.2c8d560f-a67a-4801-8621-e597415decd4", "reason": "", "target": ""}
{"correlation_id": "0b5f8021-f1f3-4a79-b64f-b88d6f558e20", "operation": "instance_read", "outcome": "allowed", "principal": "user:c1-dev.2c8d560f-a67a-4801-8621-e597415decd4", "reason": "", "target": "m03_3f1d5f788dbe4f62bbca656c7458ec03"}
{"correlation_id": "301d29c1-1cc3-4fb4-b3e0-ca1036d9e674", "operation": "schema_read", "outcome": "allowed", "principal": "user:c1-dev.2c8d560f-a67a-4801-8621-e597415decd4", "reason": "", "target": ""}
{"correlation_id": "50dbe702-de6b-476b-876c-65dd62a6d973", "operation": "scope_list_mine", "outcome": "allowed", "principal": "user:c1-dev.2c8d560f-a67a-4801-8621-e597415decd4", "reason": "", "target": ""}
{"correlation_id": "22faeccf-a879-4649-bde4-1ca2ba822827", "operation": "instance_read", "outcome": "allowed", "principal": "user:c1-dev.2c8d560f-a67a-4801-8621-e597415decd4", "reason": "", "target": "m03_3f1d5f788dbe4f62bbca656c7458ec03"}
{"correlation_id": "d8f55c23-3281-4237-89d4-e37673ee082a", "operation": "instance_read", "outcome": "allowed", "principal": "user:c1-dev.2c8d560f-a67a-4801-8621-e597415decd4", "reason": "", "target": "m03_3f1d5f788dbe4f62bbca656c7458ec03"}
{"correlation_id": "4f510279-e2b5-487f-91bd-aebef49141fa", "operation": "instance_read", "outcome": "allowed", "principal": "user:c1-dev.2c8d560f-a67a-4801-8621-e597415decd4", "reason": "", "target": "m03_3f1d5f788dbe4f62bbca656c7458ec03"}
{"correlation_id": "f4b8fb2c-5fd1-44da-9c56-cf7c44d1c59b", "operation": "changeset_create", "outcome": "allowed", "principal": "user:c1-dev.2c8d560f-a67a-4801-8621-e597415decd4", "reason": "", "target": "urn:c1:instance:dev:changeset-0483464bc47b42e1b96379bda236d0cf"}
{"correlation_id": "52eaf4cd-ac77-4627-bb13-7f37ac3924c2", "operation": "changeset_read", "outcome": "allowed", "principal": "user:c1-dev.2c8d560f-a67a-4801-8621-e597415decd4", "reason": "", "target": "urn:c1:instance:dev:changeset-0483464bc47b42e1b96379bda236d0cf"}
{"correlation_id": "b1056b28-3492-49e6-a2ed-50bf4529bd84", "operation": "whoami", "outcome": "allowed", "principal": "user:c1-dev.2c8d560f-a67a-4801-8621-e597415decd4", "reason": "", "target": ""}
{"correlation_id": "3aa02e53-7c4d-48c0-9753-6c5ed119d982", "operation": "instance_read", "outcome": "allowed", "principal": "user:c1-dev.2c8d560f-a67a-4801-8621-e597415decd4", "reason": "", "target": "m03_3f1d5f788dbe4f62bbca656c7458ec03"}
{"correlation_id": "c3123830-da17-4f27-a1fd-34ee9e5b3e83", "operation": "changeset_submit", "outcome": "allowed", "principal": "user:c1-dev.2c8d560f-a67a-4801-8621-e597415decd4", "reason": "", "target": "urn:c1:instance:dev:changeset-0483464bc47b42e1b96379bda236d0cf"}
{"correlation_id": "f5092d58-68a7-4de6-ba7e-3906c6fe8533", "operation": "changeset_read", "outcome": "allowed", "principal": "user:c1-dev.2c8d560f-a67a-4801-8621-e597415decd4", "reason": "", "target": "urn:c1:instance:dev:changeset-0483464bc47b42e1b96379bda236d0cf"}
{"correlation_id": "83b2cec8-dc0f-4f5a-b982-1133a46c3c0b", "operation": "changeset_validation_read", "outcome": "allowed", "principal": "user:c1-dev.2c8d560f-a67a-4801-8621-e597415decd4", "reason": "", "target": "urn:c1:instance:dev:changeset-0483464bc47b42e1b96379bda236d0cf"}
{"correlation_id": "65db21aa-8bf4-4673-b08e-4c8554e5ba57", "operation": "whoami", "outcome": "allowed", "principal": "user:c1-dev.2c8d560f-a67a-4801-8621-e597415decd4", "reason": "", "target": ""}
{"correlation_id": "c01e281b-f69c-43a5-bf7b-bcf695d084aa", "operation": "instance_read", "outcome": "allowed", "principal": "user:c1-dev.2c8d560f-a67a-4801-8621-e597415decd4", "reason": "", "target": "m03_3f1d5f788dbe4f62bbca656c7458ec03"}
{"correlation_id": "6a4f98c7-c2ca-4c90-9bd2-c0afac710295", "operation": "changeset_read", "outcome": "allowed", "principal": "user:c1-dev.37324743-8d1d-4e8f-a42a-8d9f0cb5753c", "reason": "", "target": "urn:c1:instance:dev:changeset-0483464bc47b42e1b96379bda236d0cf"}
{"correlation_id": "f709e1f4-0b02-4b08-bccf-aa6eaa59dd5e", "operation": "changeset_validation_read", "outcome": "allowed", "principal": "user:c1-dev.37324743-8d1d-4e8f-a42a-8d9f0cb5753c", "reason": "", "target": "urn:c1:instance:dev:changeset-0483464bc47b42e1b96379bda236d0cf"}
{"correlation_id": "d035aa31-f909-4fa7-b035-43138fe009e1", "operation": "whoami", "outcome": "allowed", "principal": "user:c1-dev.37324743-8d1d-4e8f-a42a-8d9f0cb5753c", "reason": "", "target": ""}
{"correlation_id": "96a12143-e545-4f82-89be-5fc5782628f6", "operation": "instance_read", "outcome": "allowed", "principal": "user:c1-dev.37324743-8d1d-4e8f-a42a-8d9f0cb5753c", "reason": "", "target": "m03_3f1d5f788dbe4f62bbca656c7458ec03"}
{"correlation_id": "177a4d54-9c8f-44a1-b247-14a3ae58b083", "operation": "changeset_approve", "outcome": "allowed", "principal": "user:c1-dev.37324743-8d1d-4e8f-a42a-8d9f0cb5753c", "reason": "", "target": "urn:c1:instance:dev:changeset-0483464bc47b42e1b96379bda236d0cf"}
{"correlation_id": "071d0453-c9d2-4fb3-8a38-0694c1f57692", "operation": "changeset_read", "outcome": "allowed", "principal": "user:c1-dev.37324743-8d1d-4e8f-a42a-8d9f0cb5753c", "reason": "", "target": "urn:c1:instance:dev:changeset-0483464bc47b42e1b96379bda236d0cf"}
{"correlation_id": "7b06fd57-1925-42c1-9714-d21712e644c7", "operation": "changeset_validation_read", "outcome": "allowed", "principal": "user:c1-dev.37324743-8d1d-4e8f-a42a-8d9f0cb5753c", "reason": "", "target": "urn:c1:instance:dev:changeset-0483464bc47b42e1b96379bda236d0cf"}
{"correlation_id": "20661caa-f573-426c-bc53-434b8f88e575", "operation": "whoami", "outcome": "allowed", "principal": "user:c1-dev.37324743-8d1d-4e8f-a42a-8d9f0cb5753c", "reason": "", "target": ""}
{"correlation_id": "d79e787c-8ce1-4645-8fd2-7f0f41f71fe3", "operation": "instance_read", "outcome": "allowed", "principal": "user:c1-dev.37324743-8d1d-4e8f-a42a-8d9f0cb5753c", "reason": "", "target": "m03_3f1d5f788dbe4f62bbca656c7458ec03"}
{"correlation_id": "fa955247-cbbe-46b6-ab21-1546879b14f7", "operation": "changeset_apply", "outcome": "allowed", "principal": "user:c1-dev.37324743-8d1d-4e8f-a42a-8d9f0cb5753c", "reason": "", "target": "urn:c1:instance:dev:changeset-0483464bc47b42e1b96379bda236d0cf"}
{"correlation_id": "801e5973-50f1-445a-94c9-278879b613c0", "operation": "changeset_read", "outcome": "allowed", "principal": "user:c1-dev.37324743-8d1d-4e8f-a42a-8d9f0cb5753c", "reason": "", "target": "urn:c1:instance:dev:changeset-0483464bc47b42e1b96379bda236d0cf"}
{"correlation_id": "cc1c2cd1-7162-421f-9870-efa8c2b173d5", "operation": "changeset_validation_read", "outcome": "allowed", "principal": "user:c1-dev.37324743-8d1d-4e8f-a42a-8d9f0cb5753c", "reason": "", "target": "urn:c1:instance:dev:changeset-0483464bc47b42e1b96379bda236d0cf"}
{"correlation_id": "f7da4a49-bc61-46d2-bdd0-5bd863fecfec", "operation": "whoami", "outcome": "allowed", "principal": "user:c1-dev.37324743-8d1d-4e8f-a42a-8d9f0cb5753c", "reason": "", "target": ""}
{"correlation_id": "dac18e8b-5eb7-4b43-ae46-e43511bdab14", "operation": "instance_read", "outcome": "allowed", "principal": "user:c1-dev.37324743-8d1d-4e8f-a42a-8d9f0cb5753c", "reason": "", "target": "m03_3f1d5f788dbe4f62bbca656c7458ec03"}
{"correlation_id": "a967ef2c-0125-4156-bf82-8dda7a5b47b3", "operation": "scope_create", "outcome": "applied", "principal": "user:c1-dev.52ee7bde-2918-4348-97e9-33ed361e2c99", "reason": "confirmed", "target": "c55efb13-4fe8-4dc8-8005-f5587d01d1df"}
{"correlation_id": "feb47b74-cdb1-4009-af8f-48eef63cfa13", "operation": "scope_create", "outcome": "allowed", "principal": "user:c1-dev.52ee7bde-2918-4348-97e9-33ed361e2c99", "reason": "", "target": "c55efb13-4fe8-4dc8-8005-f5587d01d1df"}
{"correlation_id": "9c31da65-5bea-4118-b3db-cee61e1f7c50", "operation": "membership", "outcome": "applied", "principal": "user:c1-dev.52ee7bde-2918-4348-97e9-33ed361e2c99", "reason": "confirmed", "target": "c55efb13-4fe8-4dc8-8005-f5587d01d1df"}
{"correlation_id": "973238e0-4d2b-4762-a7cf-70d10f6e7e33", "operation": "scope_member_grant", "outcome": "allowed", "principal": "user:c1-dev.52ee7bde-2918-4348-97e9-33ed361e2c99", "reason": "", "target": "c55efb13-4fe8-4dc8-8005-f5587d01d1df"}
{"correlation_id": "f6aba0b3-f3d0-40e0-9989-4c4c75b7dbd0", "operation": "membership", "outcome": "applied", "principal": "user:c1-dev.52ee7bde-2918-4348-97e9-33ed361e2c99", "reason": "confirmed", "target": "c55efb13-4fe8-4dc8-8005-f5587d01d1df"}
{"correlation_id": "f2d3cf16-3026-47bd-b381-815457274750", "operation": "scope_member_grant", "outcome": "allowed", "principal": "user:c1-dev.52ee7bde-2918-4348-97e9-33ed361e2c99", "reason": "", "target": "c55efb13-4fe8-4dc8-8005-f5587d01d1df"}
{"correlation_id": "d1ae20a0-d51e-425e-8998-32387dfc2cdd", "operation": "membership", "outcome": "applied", "principal": "user:c1-dev.52ee7bde-2918-4348-97e9-33ed361e2c99", "reason": "confirmed", "target": "c55efb13-4fe8-4dc8-8005-f5587d01d1df"}
{"correlation_id": "193d82a1-cbe2-44c3-8831-a0c08c8951d7", "operation": "scope_member_grant", "outcome": "allowed", "principal": "user:c1-dev.52ee7bde-2918-4348-97e9-33ed361e2c99", "reason": "", "target": "c55efb13-4fe8-4dc8-8005-f5587d01d1df"}
{"correlation_id": "90379555-a146-4f0b-9456-14e5535befea", "operation": "membership", "outcome": "applied", "principal": "user:c1-dev.52ee7bde-2918-4348-97e9-33ed361e2c99", "reason": "confirmed", "target": "c55efb13-4fe8-4dc8-8005-f5587d01d1df"}
{"correlation_id": "3fe2de46-6386-498b-b56d-ded2cbf1994e", "operation": "scope_member_grant", "outcome": "allowed", "principal": "user:c1-dev.52ee7bde-2918-4348-97e9-33ed361e2c99", "reason": "", "target": "c55efb13-4fe8-4dc8-8005-f5587d01d1df"}
{"correlation_id": "0c15eb16-5fb5-42d9-8356-d02267023845", "operation": "membership", "outcome": "applied", "principal": "user:c1-dev.52ee7bde-2918-4348-97e9-33ed361e2c99", "reason": "confirmed", "target": "c55efb13-4fe8-4dc8-8005-f5587d01d1df"}
{"correlation_id": "401f19f5-9f0b-4321-baca-242568c69c7b", "operation": "scope_member_grant", "outcome": "allowed", "principal": "user:c1-dev.52ee7bde-2918-4348-97e9-33ed361e2c99", "reason": "", "target": "c55efb13-4fe8-4dc8-8005-f5587d01d1df"}
{"correlation_id": "eab165db-58d5-46e2-9acb-a0ed65f2dcc2", "operation": "membership", "outcome": "applied", "principal": "user:c1-dev.52ee7bde-2918-4348-97e9-33ed361e2c99", "reason": "confirmed", "target": "c55efb13-4fe8-4dc8-8005-f5587d01d1df"}
{"correlation_id": "c3486bb4-23be-4651-93e3-0b089ffeff86", "operation": "scope_member_grant", "outcome": "allowed", "principal": "user:c1-dev.52ee7bde-2918-4348-97e9-33ed361e2c99", "reason": "", "target": "c55efb13-4fe8-4dc8-8005-f5587d01d1df"}
{"correlation_id": "a13f32ee-502e-4bc3-9949-b7c619b2c8ab", "operation": "membership", "outcome": "applied", "principal": "user:c1-dev.52ee7bde-2918-4348-97e9-33ed361e2c99", "reason": "confirmed", "target": "c55efb13-4fe8-4dc8-8005-f5587d01d1df"}
{"correlation_id": "f75dd9bd-8a88-46ca-af98-ec5836f5f983", "operation": "scope_member_grant", "outcome": "allowed", "principal": "user:c1-dev.52ee7bde-2918-4348-97e9-33ed361e2c99", "reason": "", "target": "c55efb13-4fe8-4dc8-8005-f5587d01d1df"}
{"correlation_id": "5cdbe2d7-c6ba-4e99-ad04-75bd371fa415", "operation": "membership", "outcome": "applied", "principal": "user:c1-dev.52ee7bde-2918-4348-97e9-33ed361e2c99", "reason": "confirmed", "target": "c55efb13-4fe8-4dc8-8005-f5587d01d1df"}
{"correlation_id": "ad9e884e-1aea-4410-9b02-1288f40ab720", "operation": "scope_member_grant", "outcome": "allowed", "principal": "user:c1-dev.52ee7bde-2918-4348-97e9-33ed361e2c99", "reason": "", "target": "c55efb13-4fe8-4dc8-8005-f5587d01d1df"}
{"correlation_id": "da8d24da-b639-4d44-97ca-0879dfbb438f", "operation": "scope_create", "outcome": "applied", "principal": "user:c1-dev.52ee7bde-2918-4348-97e9-33ed361e2c99", "reason": "confirmed", "target": "86631660-9f24-4674-9b6d-f339fc528d3b"}
{"correlation_id": "26662203-9f76-410a-af1a-6cf37b5fa0f4", "operation": "scope_create", "outcome": "allowed", "principal": "user:c1-dev.52ee7bde-2918-4348-97e9-33ed361e2c99", "reason": "", "target": "86631660-9f24-4674-9b6d-f339fc528d3b"}
{"correlation_id": "645b492f-e780-4cc7-9ea9-bd520d626069", "operation": "membership", "outcome": "applied", "principal": "user:c1-dev.52ee7bde-2918-4348-97e9-33ed361e2c99", "reason": "confirmed", "target": "86631660-9f24-4674-9b6d-f339fc528d3b"}
{"correlation_id": "56f14ca8-ec1f-4e34-87d0-300dda4c667b", "operation": "scope_member_grant", "outcome": "allowed", "principal": "user:c1-dev.52ee7bde-2918-4348-97e9-33ed361e2c99", "reason": "", "target": "86631660-9f24-4674-9b6d-f339fc528d3b"}
{"correlation_id": "f1aa5103-07ff-4747-9c08-7aca8e4ec5f6", "operation": "membership", "outcome": "applied", "principal": "user:c1-dev.52ee7bde-2918-4348-97e9-33ed361e2c99", "reason": "confirmed", "target": "86631660-9f24-4674-9b6d-f339fc528d3b"}
{"correlation_id": "f5a67673-0914-48cf-9eb2-3fc9eb9e8cee", "operation": "scope_member_grant", "outcome": "allowed", "principal": "user:c1-dev.52ee7bde-2918-4348-97e9-33ed361e2c99", "reason": "", "target": "86631660-9f24-4674-9b6d-f339fc528d3b"}
{"correlation_id": "6f7b1e9f-0692-4dd5-9ef4-328ee307efe4", "operation": "membership", "outcome": "applied", "principal": "user:c1-dev.52ee7bde-2918-4348-97e9-33ed361e2c99", "reason": "confirmed", "target": "86631660-9f24-4674-9b6d-f339fc528d3b"}
{"correlation_id": "32fc0196-0372-4468-8ac9-73f7f9d8ee08", "operation": "scope_member_grant", "outcome": "allowed", "principal": "user:c1-dev.52ee7bde-2918-4348-97e9-33ed361e2c99", "reason": "", "target": "86631660-9f24-4674-9b6d-f339fc528d3b"}
{"correlation_id": "b9a48a7e-e978-4664-8ec5-ee76bb059686", "operation": "membership", "outcome": "applied", "principal": "user:c1-dev.52ee7bde-2918-4348-97e9-33ed361e2c99", "reason": "confirmed", "target": "86631660-9f24-4674-9b6d-f339fc528d3b"}
{"correlation_id": "decc7c52-fe96-481d-9ae0-5d7f0d038ea3", "operation": "scope_member_grant", "outcome": "allowed", "principal": "user:c1-dev.52ee7bde-2918-4348-97e9-33ed361e2c99", "reason": "", "target": "86631660-9f24-4674-9b6d-f339fc528d3b"}
{"correlation_id": "5acb7c2b-54a5-42a0-9728-e762ad010997", "operation": "membership", "outcome": "applied", "principal": "user:c1-dev.52ee7bde-2918-4348-97e9-33ed361e2c99", "reason": "confirmed", "target": "86631660-9f24-4674-9b6d-f339fc528d3b"}
{"correlation_id": "15320ea0-64f1-4331-a61d-1020e94f6e28", "operation": "scope_member_grant", "outcome": "allowed", "principal": "user:c1-dev.52ee7bde-2918-4348-97e9-33ed361e2c99", "reason": "", "target": "86631660-9f24-4674-9b6d-f339fc528d3b"}
{"correlation_id": "6ec7c9e4-90d8-4d90-b1d3-df6a46e5a439", "operation": "membership", "outcome": "applied", "principal": "user:c1-dev.52ee7bde-2918-4348-97e9-33ed361e2c99", "reason": "confirmed", "target": "86631660-9f24-4674-9b6d-f339fc528d3b"}
{"correlation_id": "dcd0e0e1-3147-4876-9597-27378b760874", "operation": "scope_member_grant", "outcome": "allowed", "principal": "user:c1-dev.52ee7bde-2918-4348-97e9-33ed361e2c99", "reason": "", "target": "86631660-9f24-4674-9b6d-f339fc528d3b"}
{"correlation_id": "3e157689-2a5a-4602-845a-954e42a63537", "operation": "scope_create", "outcome": "applied", "principal": "user:c1-dev.52ee7bde-2918-4348-97e9-33ed361e2c99", "reason": "confirmed", "target": "ebf2f77a-8dd8-46c7-9a46-830dbc76113a"}
{"correlation_id": "85e64f0f-d2f4-4e4d-a96a-03c8a3665f35", "operation": "scope_create", "outcome": "allowed", "principal": "user:c1-dev.52ee7bde-2918-4348-97e9-33ed361e2c99", "reason": "", "target": "ebf2f77a-8dd8-46c7-9a46-830dbc76113a"}
{"correlation_id": "eba0a8a4-34b5-4718-977c-69532f707a39", "operation": "membership", "outcome": "applied", "principal": "user:c1-dev.52ee7bde-2918-4348-97e9-33ed361e2c99", "reason": "confirmed", "target": "ebf2f77a-8dd8-46c7-9a46-830dbc76113a"}
{"correlation_id": "38a8e255-4f64-4429-9d73-aa02168783e3", "operation": "scope_member_grant", "outcome": "allowed", "principal": "user:c1-dev.52ee7bde-2918-4348-97e9-33ed361e2c99", "reason": "", "target": "ebf2f77a-8dd8-46c7-9a46-830dbc76113a"}
{"correlation_id": "c438870f-5fe7-4ce6-814a-8ae8f5cfb577", "operation": "membership", "outcome": "applied", "principal": "user:c1-dev.52ee7bde-2918-4348-97e9-33ed361e2c99", "reason": "confirmed", "target": "ebf2f77a-8dd8-46c7-9a46-830dbc76113a"}
{"correlation_id": "aefb819a-063c-4ffa-8763-7116d36bef85", "operation": "scope_member_grant", "outcome": "allowed", "principal": "user:c1-dev.52ee7bde-2918-4348-97e9-33ed361e2c99", "reason": "", "target": "ebf2f77a-8dd8-46c7-9a46-830dbc76113a"}
{"correlation_id": "7b1c4064-cdec-4361-8ea9-e8ef7aca2c24", "operation": "membership", "outcome": "applied", "principal": "user:c1-dev.52ee7bde-2918-4348-97e9-33ed361e2c99", "reason": "confirmed", "target": "ebf2f77a-8dd8-46c7-9a46-830dbc76113a"}
{"correlation_id": "96c62e92-39fa-48f2-8036-05c9424e0ecc", "operation": "scope_member_grant", "outcome": "allowed", "principal": "user:c1-dev.52ee7bde-2918-4348-97e9-33ed361e2c99", "reason": "", "target": "ebf2f77a-8dd8-46c7-9a46-830dbc76113a"}
{"correlation_id": "dc385a39-4964-422a-9b47-32c270d49fb8", "operation": "membership", "outcome": "applied", "principal": "user:c1-dev.52ee7bde-2918-4348-97e9-33ed361e2c99", "reason": "confirmed", "target": "ebf2f77a-8dd8-46c7-9a46-830dbc76113a"}
{"correlation_id": "277b3752-336d-4e2f-915d-af628ec945dc", "operation": "scope_member_grant", "outcome": "allowed", "principal": "user:c1-dev.52ee7bde-2918-4348-97e9-33ed361e2c99", "reason": "", "target": "ebf2f77a-8dd8-46c7-9a46-830dbc76113a"}
{"correlation_id": "ab7cdd0c-c1e7-4751-9974-5e5c4131fc82", "operation": "membership", "outcome": "applied", "principal": "user:c1-dev.52ee7bde-2918-4348-97e9-33ed361e2c99", "reason": "confirmed", "target": "ebf2f77a-8dd8-46c7-9a46-830dbc76113a"}
{"correlation_id": "894bb52b-4c60-4e8c-98b3-e5457ac0f358", "operation": "scope_member_grant", "outcome": "allowed", "principal": "user:c1-dev.52ee7bde-2918-4348-97e9-33ed361e2c99", "reason": "", "target": "ebf2f77a-8dd8-46c7-9a46-830dbc76113a"}
{"correlation_id": "243529c7-b8cc-4551-99a8-a9183f307545", "operation": "membership", "outcome": "applied", "principal": "user:c1-dev.52ee7bde-2918-4348-97e9-33ed361e2c99", "reason": "confirmed", "target": "c55efb13-4fe8-4dc8-8005-f5587d01d1df"}
{"correlation_id": "499c1b1c-74de-47b9-8e40-fc23e2a5b19a", "operation": "scope_member_grant", "outcome": "allowed", "principal": "user:c1-dev.52ee7bde-2918-4348-97e9-33ed361e2c99", "reason": "", "target": "c55efb13-4fe8-4dc8-8005-f5587d01d1df"}
{"correlation_id": "782625d2-da73-49f9-8f12-562523b0740b", "operation": "membership", "outcome": "applied", "principal": "user:c1-dev.52ee7bde-2918-4348-97e9-33ed361e2c99", "reason": "confirmed", "target": "c55efb13-4fe8-4dc8-8005-f5587d01d1df"}
{"correlation_id": "9ccf6d10-ef6a-4138-a9bb-0eee7f1a9d4d", "operation": "scope_member_grant", "outcome": "allowed", "principal": "user:c1-dev.52ee7bde-2918-4348-97e9-33ed361e2c99", "reason": "", "target": "c55efb13-4fe8-4dc8-8005-f5587d01d1df"}
{"correlation_id": "eb4ef7b5-5440-4678-8e49-3be892478017", "operation": "membership", "outcome": "applied", "principal": "user:c1-dev.52ee7bde-2918-4348-97e9-33ed361e2c99", "reason": "confirmed", "target": "c55efb13-4fe8-4dc8-8005-f5587d01d1df"}
{"correlation_id": "3236f18d-132a-49c8-bdbc-9b61db1e041a", "operation": "scope_member_grant", "outcome": "allowed", "principal": "user:c1-dev.52ee7bde-2918-4348-97e9-33ed361e2c99", "reason": "", "target": "c55efb13-4fe8-4dc8-8005-f5587d01d1df"}
{"correlation_id": "d58c0704-cf65-4e77-a5ba-df57421d5f57", "operation": "membership", "outcome": "applied", "principal": "user:c1-dev.52ee7bde-2918-4348-97e9-33ed361e2c99", "reason": "confirmed", "target": "86631660-9f24-4674-9b6d-f339fc528d3b"}
{"correlation_id": "d59b36e3-eeed-4992-8341-a5e7d84cac1b", "operation": "scope_member_grant", "outcome": "allowed", "principal": "user:c1-dev.52ee7bde-2918-4348-97e9-33ed361e2c99", "reason": "", "target": "86631660-9f24-4674-9b6d-f339fc528d3b"}
{"correlation_id": "9c07e483-903e-415e-b473-ca184e54cad0", "operation": "membership", "outcome": "applied", "principal": "user:c1-dev.52ee7bde-2918-4348-97e9-33ed361e2c99", "reason": "confirmed", "target": "86631660-9f24-4674-9b6d-f339fc528d3b"}
{"correlation_id": "cd96ec86-f0e4-4624-84f4-77602578eb74", "operation": "scope_member_grant", "outcome": "allowed", "principal": "user:c1-dev.52ee7bde-2918-4348-97e9-33ed361e2c99", "reason": "", "target": "86631660-9f24-4674-9b6d-f339fc528d3b"}
{"correlation_id": "d377645b-43f5-4238-9801-9cc3ce619537", "operation": "membership", "outcome": "applied", "principal": "user:c1-dev.52ee7bde-2918-4348-97e9-33ed361e2c99", "reason": "confirmed", "target": "86631660-9f24-4674-9b6d-f339fc528d3b"}
{"correlation_id": "ae28ac38-e611-44e7-abc0-083ea0e6d5ea", "operation": "scope_member_grant", "outcome": "allowed", "principal": "user:c1-dev.52ee7bde-2918-4348-97e9-33ed361e2c99", "reason": "", "target": "86631660-9f24-4674-9b6d-f339fc528d3b"}
{"correlation_id": "2d7412e2-b0d3-4875-98cc-5d695d1eefd7", "operation": "membership", "outcome": "applied", "principal": "user:c1-dev.52ee7bde-2918-4348-97e9-33ed361e2c99", "reason": "confirmed", "target": "ebf2f77a-8dd8-46c7-9a46-830dbc76113a"}
{"correlation_id": "b470f732-858e-4ca6-bbbb-a8753afeb433", "operation": "scope_member_grant", "outcome": "allowed", "principal": "user:c1-dev.52ee7bde-2918-4348-97e9-33ed361e2c99", "reason": "", "target": "ebf2f77a-8dd8-46c7-9a46-830dbc76113a"}
{"correlation_id": "07cc364e-9729-4974-9a74-940ad3417c1a", "operation": "membership", "outcome": "applied", "principal": "user:c1-dev.52ee7bde-2918-4348-97e9-33ed361e2c99", "reason": "confirmed", "target": "ebf2f77a-8dd8-46c7-9a46-830dbc76113a"}
{"correlation_id": "6a2f8046-844e-4ca1-a934-1ac5e990cbdb", "operation": "scope_member_grant", "outcome": "allowed", "principal": "user:c1-dev.52ee7bde-2918-4348-97e9-33ed361e2c99", "reason": "", "target": "ebf2f77a-8dd8-46c7-9a46-830dbc76113a"}
{"correlation_id": "47e8ce6c-1f8f-49bb-b1b9-97a7f0d6be5d", "operation": "membership", "outcome": "applied", "principal": "user:c1-dev.52ee7bde-2918-4348-97e9-33ed361e2c99", "reason": "confirmed", "target": "ebf2f77a-8dd8-46c7-9a46-830dbc76113a"}
{"correlation_id": "1747a231-9dae-42f7-b4cb-c08767b1ceb2", "operation": "scope_member_grant", "outcome": "allowed", "principal": "user:c1-dev.52ee7bde-2918-4348-97e9-33ed361e2c99", "reason": "", "target": "ebf2f77a-8dd8-46c7-9a46-830dbc76113a"}
{"correlation_id": "96135dec-ff86-4066-a4a0-90a4daceda56", "operation": "changeset_create", "outcome": "allowed", "principal": "user:c1-dev.f9c68503-5549-4836-a7ec-8513fd54ae0f", "reason": "", "target": "urn:c1:instance:dev:changeset-fd23cf20b5884558a3d455ef16fec63d"}
{"correlation_id": "50cf8d4b-b58b-4341-a686-209ab9f93a56", "operation": "changeset_submit", "outcome": "allowed", "principal": "user:c1-dev.f9c68503-5549-4836-a7ec-8513fd54ae0f", "reason": "", "target": "urn:c1:instance:dev:changeset-fd23cf20b5884558a3d455ef16fec63d"}
{"correlation_id": "b2c62784-ccb7-42c3-aeaf-0868432af92c", "operation": "changeset_approve", "outcome": "allowed", "principal": "user:c1-dev.2c8d560f-a67a-4801-8621-e597415decd4", "reason": "", "target": "urn:c1:instance:dev:changeset-fd23cf20b5884558a3d455ef16fec63d"}
{"correlation_id": "bbab11dd-de09-417e-8d4d-7ac530ae1151", "operation": "changeset_apply", "outcome": "allowed", "principal": "user:c1-dev.2c8d560f-a67a-4801-8621-e597415decd4", "reason": "", "target": "urn:c1:instance:dev:changeset-fd23cf20b5884558a3d455ef16fec63d"}
{"correlation_id": "2a1f403c-d707-44da-a9cd-66bd1a3eb272", "operation": "changeset_create", "outcome": "allowed", "principal": "user:c1-dev.f9c68503-5549-4836-a7ec-8513fd54ae0f", "reason": "", "target": "urn:c1:instance:dev:changeset-78ec38645542496795d0653395e8c366"}
{"correlation_id": "d237e252-d147-4ebf-a085-131f46920920", "operation": "changeset_submit", "outcome": "allowed", "principal": "user:c1-dev.f9c68503-5549-4836-a7ec-8513fd54ae0f", "reason": "", "target": "urn:c1:instance:dev:changeset-78ec38645542496795d0653395e8c366"}
{"correlation_id": "57f78681-f0f8-4cd1-8a60-910f38bc6034", "operation": "changeset_approve", "outcome": "allowed", "principal": "user:c1-dev.2c8d560f-a67a-4801-8621-e597415decd4", "reason": "", "target": "urn:c1:instance:dev:changeset-78ec38645542496795d0653395e8c366"}
{"correlation_id": "5ab96e23-94c7-4582-84a0-ae2d533c265e", "operation": "changeset_apply", "outcome": "allowed", "principal": "user:c1-dev.2c8d560f-a67a-4801-8621-e597415decd4", "reason": "", "target": "urn:c1:instance:dev:changeset-78ec38645542496795d0653395e8c366"}
{"correlation_id": "3640d3d0-2c48-4743-ae51-3c1dd7ad387a", "operation": "whoami", "outcome": "allowed", "principal": "user:c1-dev.7d89fb29-3c08-437e-9f68-5bea90fb3373", "reason": "", "target": ""}
{"correlation_id": "68d24591-ac22-44e4-818e-aa41e21c1010", "operation": "query_catalog", "outcome": "allowed", "principal": "user:c1-dev.7d89fb29-3c08-437e-9f68-5bea90fb3373", "reason": "", "target": ""}
{"correlation_id": "84afa31a-723b-4349-98f9-a95402148e82", "operation": "instance_read", "outcome": "allowed", "principal": "user:c1-dev.7d89fb29-3c08-437e-9f68-5bea90fb3373", "reason": "", "target": "m03_9633230f10cb4c2eade440c5ea49e822"}
{"correlation_id": "4acc2004-5a18-4b1d-aec2-871d3cbd0c64", "operation": "document_read", "outcome": "allowed", "principal": "user:c1-dev.7d89fb29-3c08-437e-9f68-5bea90fb3373", "reason": "", "target": "urn:c1:instance:dev:document/00000061-0000-4000-8000-000000000000"}
{"correlation_id": "ec2cb07a-a172-4cf3-a2dc-0a1cc13205c5", "operation": "instance_read", "outcome": "allowed", "principal": "user:c1-dev.7d89fb29-3c08-437e-9f68-5bea90fb3373", "reason": "", "target": "m03_9633230f10cb4c2eade440c5ea49e822"}
{"correlation_id": "b72a04a6-7576-4ab7-8595-57f6cf34a2ac", "operation": "whoami", "outcome": "allowed", "principal": "user:c1-dev.f3e9b401-e17b-442b-a7c3-00de007e97b9", "reason": "", "target": ""}
{"correlation_id": "f4bbdd37-2afa-4efe-b91f-2d2cd2ff2ab3", "operation": "query_catalog", "outcome": "allowed", "principal": "user:c1-dev.f3e9b401-e17b-442b-a7c3-00de007e97b9", "reason": "", "target": ""}
{"correlation_id": "8e16a200-db6c-419b-bdb7-492a52e5ba73", "operation": "instance_read", "outcome": "allowed", "principal": "user:c1-dev.f3e9b401-e17b-442b-a7c3-00de007e97b9", "reason": "", "target": "m03_9633230f10cb4c2eade440c5ea49e822"}
{"correlation_id": "5ce8b27b-e413-4519-ad84-070ffd3b3f6f", "operation": "document_read", "outcome": "allowed", "principal": "user:c1-dev.f3e9b401-e17b-442b-a7c3-00de007e97b9", "reason": "", "target": "urn:c1:instance:dev:document/00000061-0000-4000-8000-000000000000"}
{"correlation_id": "a4fbc3e6-4782-4bb1-bb5b-24cbaec556db", "operation": "instance_read", "outcome": "allowed", "principal": "user:c1-dev.f3e9b401-e17b-442b-a7c3-00de007e97b9", "reason": "", "target": "m03_9633230f10cb4c2eade440c5ea49e822"}
{"correlation_id": "8f4f1876-e4dd-4528-8a99-60db2eda8342", "operation": "whoami", "outcome": "allowed", "principal": "user:c1-dev.52ee7bde-2918-4348-97e9-33ed361e2c99", "reason": "", "target": ""}
{"correlation_id": "3cde635f-bd5b-4e35-bad2-ab97620604d2", "operation": "instance_grant", "outcome": "applied", "principal": "user:c1-dev.52ee7bde-2918-4348-97e9-33ed361e2c99", "reason": "confirmed", "target": "m03_76b2908e12b14d2a9435132adb40668d"}
{"correlation_id": "20bcacbb-2830-40a3-ae9d-dee6ec18d6a4", "operation": "instance_grant", "outcome": "allowed", "principal": "user:c1-dev.52ee7bde-2918-4348-97e9-33ed361e2c99", "reason": "", "target": "user:c1-dev.52ee7bde-2918-4348-97e9-33ed361e2c99"}
{"correlation_id": "fcd62231-0a55-490f-9693-8e380f24bb1f", "operation": "whoami", "outcome": "allowed", "principal": "user:c1-dev.2c8d560f-a67a-4801-8621-e597415decd4", "reason": "", "target": ""}
{"correlation_id": "6924aaa4-0f4a-425a-be67-b1d2ed783196", "operation": "instance_grant", "outcome": "applied", "principal": "user:c1-dev.52ee7bde-2918-4348-97e9-33ed361e2c99", "reason": "confirmed", "target": "m03_76b2908e12b14d2a9435132adb40668d"}
{"correlation_id": "27b6bc3c-f61b-4ac7-92ae-c9505a560615", "operation": "instance_grant", "outcome": "allowed", "principal": "user:c1-dev.52ee7bde-2918-4348-97e9-33ed361e2c99", "reason": "", "target": "user:c1-dev.2c8d560f-a67a-4801-8621-e597415decd4"}
{"correlation_id": "9062aec4-263f-4744-9f82-e8c25e216a38", "operation": "instance_read", "outcome": "allowed", "principal": "user:c1-dev.52ee7bde-2918-4348-97e9-33ed361e2c99", "reason": "", "target": "m03_76b2908e12b14d2a9435132adb40668d"}
{"correlation_id": "39f102f9-4ac2-485f-b79a-0a641b0fe8b3", "operation": "changeset_create", "outcome": "allowed", "principal": "user:c1-dev.52ee7bde-2918-4348-97e9-33ed361e2c99", "reason": "", "target": "urn:c1:instance:dev:changeset-47d03a61a35b48bd833013d8549151a1"}
{"correlation_id": "814c00d5-f2c2-4310-948f-b71146f20ebe", "operation": "changeset_read", "outcome": "allowed", "principal": "user:c1-dev.52ee7bde-2918-4348-97e9-33ed361e2c99", "reason": "", "target": "urn:c1:instance:dev:changeset-47d03a61a35b48bd833013d8549151a1"}
{"correlation_id": "b86835e4-4951-4a56-985e-0359a79b24d7", "operation": "changeset_submit", "outcome": "allowed", "principal": "user:c1-dev.52ee7bde-2918-4348-97e9-33ed361e2c99", "reason": "", "target": "urn:c1:instance:dev:changeset-47d03a61a35b48bd833013d8549151a1"}
{"correlation_id": "22301a54-17d7-4acf-9cfb-287e63899da3", "operation": "changeset_approve", "outcome": "allowed", "principal": "user:c1-dev.2c8d560f-a67a-4801-8621-e597415decd4", "reason": "", "target": "urn:c1:instance:dev:changeset-47d03a61a35b48bd833013d8549151a1"}
{"correlation_id": "6ee5ecc9-6610-4a38-8742-90bb55dc7db0", "operation": "changeset_apply", "outcome": "allowed", "principal": "user:c1-dev.2c8d560f-a67a-4801-8621-e597415decd4", "reason": "", "target": "urn:c1:instance:dev:changeset-47d03a61a35b48bd833013d8549151a1"}
{"correlation_id": "21f815de-a6b8-4491-bdc0-605faf4c0487", "operation": "instance_read", "outcome": "allowed", "principal": "user:c1-dev.52ee7bde-2918-4348-97e9-33ed361e2c99", "reason": "", "target": "m03_76b2908e12b14d2a9435132adb40668d"}
{"correlation_id": "1083f29c-43fc-44b3-b5fa-78a60dd0100f", "operation": "changeset_create", "outcome": "allowed", "principal": "user:c1-dev.52ee7bde-2918-4348-97e9-33ed361e2c99", "reason": "", "target": "urn:c1:instance:dev:changeset-b585ac5b55d6485e94eec7ba8ac5528c"}
{"correlation_id": "35467bd7-8001-438a-9021-221526e85293", "operation": "changeset_read", "outcome": "allowed", "principal": "user:c1-dev.52ee7bde-2918-4348-97e9-33ed361e2c99", "reason": "", "target": "urn:c1:instance:dev:changeset-b585ac5b55d6485e94eec7ba8ac5528c"}
{"correlation_id": "c5630ae5-04de-4312-bc56-19f9bcc92670", "operation": "changeset_submit", "outcome": "allowed", "principal": "user:c1-dev.52ee7bde-2918-4348-97e9-33ed361e2c99", "reason": "", "target": "urn:c1:instance:dev:changeset-b585ac5b55d6485e94eec7ba8ac5528c"}
{"correlation_id": "36d1565d-f6b1-4ddc-86a0-2e2372d95a29", "operation": "changeset_approve", "outcome": "allowed", "principal": "user:c1-dev.2c8d560f-a67a-4801-8621-e597415decd4", "reason": "", "target": "urn:c1:instance:dev:changeset-b585ac5b55d6485e94eec7ba8ac5528c"}
{"correlation_id": "0594ee05-f761-4fc1-a67c-ea3d91d0f04e", "operation": "changeset_apply", "outcome": "allowed", "principal": "user:c1-dev.2c8d560f-a67a-4801-8621-e597415decd4", "reason": "", "target": "urn:c1:instance:dev:changeset-b585ac5b55d6485e94eec7ba8ac5528c"}
{"correlation_id": "7d01fca7-e127-4996-9afa-721773ebe500", "operation": "whoami", "outcome": "allowed", "principal": "user:c1-dev.f9c68503-5549-4836-a7ec-8513fd54ae0f", "reason": "", "target": ""}
{"correlation_id": "1fcff075-6891-4c40-a263-0825a110aac0", "operation": "whoami", "outcome": "allowed", "principal": "user:c1-dev.6d95a68f-7699-4924-8247-f8a642b20976", "reason": "", "target": ""}
{"correlation_id": "2168aafd-590b-4c9a-bc1c-6277acb03717", "operation": "whoami", "outcome": "allowed", "principal": "user:c1-dev.2c8d560f-a67a-4801-8621-e597415decd4", "reason": "", "target": ""}
{"correlation_id": "b90596f0-f87d-4ccf-a044-de7c6edef8f1", "operation": "whoami", "outcome": "allowed", "principal": "user:c1-dev.37324743-8d1d-4e8f-a42a-8d9f0cb5753c", "reason": "", "target": ""}
{"correlation_id": "3154e191-5619-432e-b269-11c65ca1523f", "operation": "scope_create", "outcome": "applied", "principal": "user:c1-dev.52ee7bde-2918-4348-97e9-33ed361e2c99", "reason": "confirmed", "target": "bat-shared"}
{"correlation_id": "55a00b75-cdc4-4e9f-8744-c3f2ede7a50b", "operation": "scope_create", "outcome": "allowed", "principal": "user:c1-dev.52ee7bde-2918-4348-97e9-33ed361e2c99", "reason": "", "target": "bat-shared"}
{"correlation_id": "ba9ad37a-66a8-44c3-816d-72e12d2ca38a", "operation": "membership", "outcome": "applied", "principal": "user:c1-dev.52ee7bde-2918-4348-97e9-33ed361e2c99", "reason": "confirmed", "target": "bat-shared"}
{"correlation_id": "f4683c20-9687-4a16-bee4-a2a5bd4279b6", "operation": "scope_member_grant", "outcome": "allowed", "principal": "user:c1-dev.52ee7bde-2918-4348-97e9-33ed361e2c99", "reason": "", "target": "bat-shared"}
{"correlation_id": "6653bf37-e66f-4ec1-889e-ef3ca6ef1051", "operation": "membership", "outcome": "applied", "principal": "user:c1-dev.52ee7bde-2918-4348-97e9-33ed361e2c99", "reason": "confirmed", "target": "bat-shared"}
{"correlation_id": "731fa074-2781-4bb6-a335-21a940021424", "operation": "scope_member_grant", "outcome": "allowed", "principal": "user:c1-dev.52ee7bde-2918-4348-97e9-33ed361e2c99", "reason": "", "target": "bat-shared"}
{"correlation_id": "50b3ff6d-f710-4b21-9ad7-844e73dbb6a8", "operation": "membership", "outcome": "applied", "principal": "user:c1-dev.52ee7bde-2918-4348-97e9-33ed361e2c99", "reason": "confirmed", "target": "bat-shared"}
{"correlation_id": "c3504a0d-8b7c-4c8c-8683-743bb90494aa", "operation": "scope_member_grant", "outcome": "allowed", "principal": "user:c1-dev.52ee7bde-2918-4348-97e9-33ed361e2c99", "reason": "", "target": "bat-shared"}
{"correlation_id": "b49c8227-7aa0-4cb2-bdfd-08f78f6e42b9", "operation": "scope_create", "outcome": "applied", "principal": "user:c1-dev.52ee7bde-2918-4348-97e9-33ed361e2c99", "reason": "confirmed", "target": "bat-papertrader"}
{"correlation_id": "c2e29416-9692-42a0-bc4e-72ac4cb7f6e2", "operation": "scope_create", "outcome": "allowed", "principal": "user:c1-dev.52ee7bde-2918-4348-97e9-33ed361e2c99", "reason": "", "target": "bat-papertrader"}
{"correlation_id": "baead392-1721-41b3-a9d6-a21f7469492e", "operation": "membership", "outcome": "applied", "principal": "user:c1-dev.52ee7bde-2918-4348-97e9-33ed361e2c99", "reason": "confirmed", "target": "bat-papertrader"}
{"correlation_id": "90c02f35-3f9b-497c-8d96-11998a2899b9", "operation": "scope_member_grant", "outcome": "allowed", "principal": "user:c1-dev.52ee7bde-2918-4348-97e9-33ed361e2c99", "reason": "", "target": "bat-papertrader"}
{"correlation_id": "5fd18736-c995-4236-a447-2571dcdd1b72", "operation": "membership", "outcome": "applied", "principal": "user:c1-dev.52ee7bde-2918-4348-97e9-33ed361e2c99", "reason": "confirmed", "target": "bat-papertrader"}
{"correlation_id": "4c4ccaac-b8ff-43b8-8144-a281bcb1c7da", "operation": "scope_member_grant", "outcome": "allowed", "principal": "user:c1-dev.52ee7bde-2918-4348-97e9-33ed361e2c99", "reason": "", "target": "bat-papertrader"}
{"correlation_id": "d5a33a11-9f58-452c-9163-00ce48ab98e6", "operation": "membership", "outcome": "applied", "principal": "user:c1-dev.52ee7bde-2918-4348-97e9-33ed361e2c99", "reason": "confirmed", "target": "bat-papertrader"}
{"correlation_id": "8958ee5e-e449-48ae-be8c-81bc28e617bf", "operation": "scope_member_grant", "outcome": "allowed", "principal": "user:c1-dev.52ee7bde-2918-4348-97e9-33ed361e2c99", "reason": "", "target": "bat-papertrader"}
{"correlation_id": "84295890-66b2-410b-80c5-4463147e9594", "operation": "scope_create", "outcome": "applied", "principal": "user:c1-dev.52ee7bde-2918-4348-97e9-33ed361e2c99", "reason": "confirmed", "target": "bat-robotelier"}
{"correlation_id": "50b12acf-85d2-40d8-931d-cd1b822fe880", "operation": "scope_create", "outcome": "allowed", "principal": "user:c1-dev.52ee7bde-2918-4348-97e9-33ed361e2c99", "reason": "", "target": "bat-robotelier"}
{"correlation_id": "c9ba9f92-b87a-4a4a-bffd-363d7fcc3f7d", "operation": "membership", "outcome": "applied", "principal": "user:c1-dev.52ee7bde-2918-4348-97e9-33ed361e2c99", "reason": "confirmed", "target": "bat-robotelier"}
{"correlation_id": "35a6f0f1-859d-43dc-b784-9af488d0760f", "operation": "scope_member_grant", "outcome": "allowed", "principal": "user:c1-dev.52ee7bde-2918-4348-97e9-33ed361e2c99", "reason": "", "target": "bat-robotelier"}
{"correlation_id": "501d6e70-834e-458b-94e2-d5b5da4ef4aa", "operation": "membership", "outcome": "applied", "principal": "user:c1-dev.52ee7bde-2918-4348-97e9-33ed361e2c99", "reason": "confirmed", "target": "bat-robotelier"}
{"correlation_id": "562ef312-6da1-4566-aaa7-19ab27eb8598", "operation": "scope_member_grant", "outcome": "allowed", "principal": "user:c1-dev.52ee7bde-2918-4348-97e9-33ed361e2c99", "reason": "", "target": "bat-robotelier"}
{"correlation_id": "43fff46d-37b0-40d6-9a37-968e8b1b9f3b", "operation": "membership", "outcome": "applied", "principal": "user:c1-dev.52ee7bde-2918-4348-97e9-33ed361e2c99", "reason": "confirmed", "target": "bat-robotelier"}
{"correlation_id": "3228f1a2-ae29-416b-8c2e-d408a1bc2b0f", "operation": "scope_member_grant", "outcome": "allowed", "principal": "user:c1-dev.52ee7bde-2918-4348-97e9-33ed361e2c99", "reason": "", "target": "bat-robotelier"}
{"correlation_id": "7d4bb781-6b0a-4519-a453-8d6ae580d540", "operation": "scope_create", "outcome": "applied", "principal": "user:c1-dev.52ee7bde-2918-4348-97e9-33ed361e2c99", "reason": "confirmed", "target": "bat-hidden"}
{"correlation_id": "dad17a0b-d74a-40e9-aa50-aa29bd71b534", "operation": "scope_create", "outcome": "allowed", "principal": "user:c1-dev.52ee7bde-2918-4348-97e9-33ed361e2c99", "reason": "", "target": "bat-hidden"}
{"correlation_id": "ef0bf2ef-7fa6-4485-ab46-54748b9d5caf", "operation": "membership", "outcome": "applied", "principal": "user:c1-dev.52ee7bde-2918-4348-97e9-33ed361e2c99", "reason": "confirmed", "target": "bat-hidden"}
{"correlation_id": "bc2055d7-305a-468a-b5d1-757eb7cd20de", "operation": "scope_member_grant", "outcome": "allowed", "principal": "user:c1-dev.52ee7bde-2918-4348-97e9-33ed361e2c99", "reason": "", "target": "bat-hidden"}
{"correlation_id": "ff5e95d6-a514-493e-a742-acc43bc45104", "operation": "membership", "outcome": "applied", "principal": "user:c1-dev.52ee7bde-2918-4348-97e9-33ed361e2c99", "reason": "confirmed", "target": "bat-hidden"}
{"correlation_id": "182501a0-d439-4aef-946c-9593152a7207", "operation": "scope_member_grant", "outcome": "allowed", "principal": "user:c1-dev.52ee7bde-2918-4348-97e9-33ed361e2c99", "reason": "", "target": "bat-hidden"}
{"correlation_id": "d1d295ec-e754-46dc-9612-28d85f4b5c2c", "operation": "membership", "outcome": "applied", "principal": "user:c1-dev.52ee7bde-2918-4348-97e9-33ed361e2c99", "reason": "confirmed", "target": "bat-shared"}
{"correlation_id": "8022a11d-9342-4eb3-971d-3472db2c2b7c", "operation": "scope_member_grant", "outcome": "allowed", "principal": "user:c1-dev.52ee7bde-2918-4348-97e9-33ed361e2c99", "reason": "", "target": "bat-shared"}
{"correlation_id": "f5cea9bf-dd7d-445c-a530-fe11d1e166c7", "operation": "membership", "outcome": "applied", "principal": "user:c1-dev.52ee7bde-2918-4348-97e9-33ed361e2c99", "reason": "confirmed", "target": "bat-shared"}
{"correlation_id": "f0c58a12-fe7f-4606-b440-1441adce3bf6", "operation": "scope_member_grant", "outcome": "allowed", "principal": "user:c1-dev.52ee7bde-2918-4348-97e9-33ed361e2c99", "reason": "", "target": "bat-shared"}
{"correlation_id": "b79501f3-d7ee-46f9-ae97-3aa7c100b2c9", "operation": "membership", "outcome": "applied", "principal": "user:c1-dev.52ee7bde-2918-4348-97e9-33ed361e2c99", "reason": "confirmed", "target": "bat-shared"}
{"correlation_id": "0d0dddad-029b-41e3-bad7-f6ca5fe324b7", "operation": "scope_member_grant", "outcome": "allowed", "principal": "user:c1-dev.52ee7bde-2918-4348-97e9-33ed361e2c99", "reason": "", "target": "bat-shared"}
{"correlation_id": "47be940a-b8d7-4c47-ae99-8c3063c5507a", "operation": "membership", "outcome": "applied", "principal": "user:c1-dev.52ee7bde-2918-4348-97e9-33ed361e2c99", "reason": "confirmed", "target": "bat-papertrader"}
{"correlation_id": "aa448573-9345-456f-85e1-31d8a1456c2a", "operation": "scope_member_grant", "outcome": "allowed", "principal": "user:c1-dev.52ee7bde-2918-4348-97e9-33ed361e2c99", "reason": "", "target": "bat-papertrader"}
{"correlation_id": "7c3c6e18-0755-41ea-b0d0-4b5d0d68d013", "operation": "membership", "outcome": "applied", "principal": "user:c1-dev.52ee7bde-2918-4348-97e9-33ed361e2c99", "reason": "confirmed", "target": "bat-papertrader"}
{"correlation_id": "2a8ed7dd-4ed7-4584-8275-300b7fcc6fd7", "operation": "scope_member_grant", "outcome": "allowed", "principal": "user:c1-dev.52ee7bde-2918-4348-97e9-33ed361e2c99", "reason": "", "target": "bat-papertrader"}
{"correlation_id": "f0bfe5db-4e43-457b-b51f-4b9b942fc5c2", "operation": "membership", "outcome": "applied", "principal": "user:c1-dev.52ee7bde-2918-4348-97e9-33ed361e2c99", "reason": "confirmed", "target": "bat-papertrader"}
{"correlation_id": "8776d7e1-14f3-4f70-b441-c9222f11af92", "operation": "scope_member_grant", "outcome": "allowed", "principal": "user:c1-dev.52ee7bde-2918-4348-97e9-33ed361e2c99", "reason": "", "target": "bat-papertrader"}
{"correlation_id": "9575737c-0a31-4b69-b13d-dbe7f3e5e4d0", "operation": "membership", "outcome": "applied", "principal": "user:c1-dev.52ee7bde-2918-4348-97e9-33ed361e2c99", "reason": "confirmed", "target": "bat-shared"}
{"correlation_id": "944b5482-54a9-4729-a5d0-3736c869eedb", "operation": "scope_member_grant", "outcome": "allowed", "principal": "user:c1-dev.52ee7bde-2918-4348-97e9-33ed361e2c99", "reason": "", "target": "bat-shared"}
{"correlation_id": "efa37731-2939-4ef4-88db-1bb27d34d227", "operation": "membership", "outcome": "applied", "principal": "user:c1-dev.52ee7bde-2918-4348-97e9-33ed361e2c99", "reason": "confirmed", "target": "bat-shared"}
{"correlation_id": "01182461-6c0a-4728-95f9-80fb9eaca79e", "operation": "scope_member_grant", "outcome": "allowed", "principal": "user:c1-dev.52ee7bde-2918-4348-97e9-33ed361e2c99", "reason": "", "target": "bat-shared"}
{"correlation_id": "d76b634d-3af0-4877-8477-bfb3114ce90b", "operation": "membership", "outcome": "applied", "principal": "user:c1-dev.52ee7bde-2918-4348-97e9-33ed361e2c99", "reason": "confirmed", "target": "bat-shared"}
{"correlation_id": "b28d0eaa-afb7-4439-803a-e3ab7b556c94", "operation": "scope_member_grant", "outcome": "allowed", "principal": "user:c1-dev.52ee7bde-2918-4348-97e9-33ed361e2c99", "reason": "", "target": "bat-shared"}
{"correlation_id": "9cf75d6f-f08c-4983-993e-7c8733d4df51", "operation": "membership", "outcome": "applied", "principal": "user:c1-dev.52ee7bde-2918-4348-97e9-33ed361e2c99", "reason": "confirmed", "target": "bat-papertrader"}
{"correlation_id": "acbdce9f-000a-4a26-9827-b158e70ce359", "operation": "scope_member_grant", "outcome": "allowed", "principal": "user:c1-dev.52ee7bde-2918-4348-97e9-33ed361e2c99", "reason": "", "target": "bat-papertrader"}
{"correlation_id": "27112289-e6ac-4202-83d1-77821b5deff7", "operation": "membership", "outcome": "applied", "principal": "user:c1-dev.52ee7bde-2918-4348-97e9-33ed361e2c99", "reason": "confirmed", "target": "bat-papertrader"}
{"correlation_id": "70e8a75f-37c2-4cb0-b71c-c6ed902d57c8", "operation": "scope_member_grant", "outcome": "allowed", "principal": "user:c1-dev.52ee7bde-2918-4348-97e9-33ed361e2c99", "reason": "", "target": "bat-papertrader"}
{"correlation_id": "193ba274-bdd3-4973-bb3a-dce41deb7f83", "operation": "membership", "outcome": "applied", "principal": "user:c1-dev.52ee7bde-2918-4348-97e9-33ed361e2c99", "reason": "confirmed", "target": "bat-papertrader"}
{"correlation_id": "3ac76040-0be1-4fab-a4b7-ba75e8206ba7", "operation": "scope_member_grant", "outcome": "allowed", "principal": "user:c1-dev.52ee7bde-2918-4348-97e9-33ed361e2c99", "reason": "", "target": "bat-papertrader"}
{"correlation_id": "af901ee8-da4c-459c-9ce1-6941d2716bf4", "operation": "membership", "outcome": "applied", "principal": "user:c1-dev.52ee7bde-2918-4348-97e9-33ed361e2c99", "reason": "confirmed", "target": "bat-robotelier"}
{"correlation_id": "a52a8559-6548-4ef2-8ad6-f26d5dc8c87b", "operation": "scope_member_grant", "outcome": "allowed", "principal": "user:c1-dev.52ee7bde-2918-4348-97e9-33ed361e2c99", "reason": "", "target": "bat-robotelier"}
{"correlation_id": "da99cdb1-08ac-4df3-b5e3-82a380570128", "operation": "membership", "outcome": "applied", "principal": "user:c1-dev.52ee7bde-2918-4348-97e9-33ed361e2c99", "reason": "confirmed", "target": "bat-robotelier"}
{"correlation_id": "00655e55-1507-4377-8a32-1fb5c5f5a78e", "operation": "scope_member_grant", "outcome": "allowed", "principal": "user:c1-dev.52ee7bde-2918-4348-97e9-33ed361e2c99", "reason": "", "target": "bat-robotelier"}
{"correlation_id": "922cbf0a-592f-4667-b877-7fe48b98882c", "operation": "membership", "outcome": "applied", "principal": "user:c1-dev.52ee7bde-2918-4348-97e9-33ed361e2c99", "reason": "confirmed", "target": "bat-robotelier"}
{"correlation_id": "e685ab22-7625-4866-951e-948c9f4165b7", "operation": "scope_member_grant", "outcome": "allowed", "principal": "user:c1-dev.52ee7bde-2918-4348-97e9-33ed361e2c99", "reason": "", "target": "bat-robotelier"}
{"correlation_id": "86779faa-d86b-43b6-99b6-468599385d88", "operation": "membership", "outcome": "applied", "principal": "user:c1-dev.52ee7bde-2918-4348-97e9-33ed361e2c99", "reason": "confirmed", "target": "bat-hidden"}
{"correlation_id": "b54ebf81-a939-450f-abb0-0a13589ec474", "operation": "scope_member_grant", "outcome": "allowed", "principal": "user:c1-dev.52ee7bde-2918-4348-97e9-33ed361e2c99", "reason": "", "target": "bat-hidden"}
{"correlation_id": "2ca0a801-7aba-428f-82c5-c2f2c2b335f9", "operation": "membership", "outcome": "applied", "principal": "user:c1-dev.52ee7bde-2918-4348-97e9-33ed361e2c99", "reason": "confirmed", "target": "bat-hidden"}
{"correlation_id": "6a95d94c-a8bf-4ebf-bca7-482a98462043", "operation": "scope_member_grant", "outcome": "allowed", "principal": "user:c1-dev.52ee7bde-2918-4348-97e9-33ed361e2c99", "reason": "", "target": "bat-hidden"}
{"correlation_id": "b4ec7f0b-85cf-4112-beb2-13b4ca7104d5", "operation": "membership", "outcome": "applied", "principal": "user:c1-dev.52ee7bde-2918-4348-97e9-33ed361e2c99", "reason": "confirmed", "target": "bat-hidden"}
{"correlation_id": "3f96d184-f671-4002-9670-9b44ac1091df", "operation": "scope_member_grant", "outcome": "allowed", "principal": "user:c1-dev.52ee7bde-2918-4348-97e9-33ed361e2c99", "reason": "", "target": "bat-hidden"}
{"correlation_id": "aa1d01fe-4f40-471f-9167-3c9d6137f7ce", "operation": "instance_read", "outcome": "allowed", "principal": "user:c1-dev.f9c68503-5549-4836-a7ec-8513fd54ae0f", "reason": "", "target": "m03_76b2908e12b14d2a9435132adb40668d"}
{"correlation_id": "93d5cdf8-cf11-49b0-898f-f8a820dd28a6", "operation": "changeset_create", "outcome": "allowed", "principal": "user:c1-dev.f9c68503-5549-4836-a7ec-8513fd54ae0f", "reason": "", "target": "urn:c1:instance:dev:changeset-f02d4a30f63041d29769734f71d3dcc5"}
{"correlation_id": "77839c06-0eb8-462b-af8c-0c1920db02df", "operation": "changeset_read", "outcome": "allowed", "principal": "user:c1-dev.f9c68503-5549-4836-a7ec-8513fd54ae0f", "reason": "", "target": "urn:c1:instance:dev:changeset-f02d4a30f63041d29769734f71d3dcc5"}
{"correlation_id": "fbc01320-ce24-4704-9ff0-e35f605f8bba", "operation": "changeset_submit", "outcome": "allowed", "principal": "user:c1-dev.f9c68503-5549-4836-a7ec-8513fd54ae0f", "reason": "", "target": "urn:c1:instance:dev:changeset-f02d4a30f63041d29769734f71d3dcc5"}
{"correlation_id": "526efc37-cc12-44f5-b76e-1d48cbdf4a14", "operation": "changeset_approve", "outcome": "allowed", "principal": "user:c1-dev.2c8d560f-a67a-4801-8621-e597415decd4", "reason": "", "target": "urn:c1:instance:dev:changeset-f02d4a30f63041d29769734f71d3dcc5"}
{"correlation_id": "dc185c72-0580-4312-bdde-75353deaa6c0", "operation": "changeset_apply", "outcome": "allowed", "principal": "user:c1-dev.2c8d560f-a67a-4801-8621-e597415decd4", "reason": "", "target": "urn:c1:instance:dev:changeset-f02d4a30f63041d29769734f71d3dcc5"}
{"correlation_id": "3d2875da-20f4-4eb7-bc51-3ea4415a188a", "operation": "query_entities", "outcome": "allowed", "principal": "user:c1-dev.6d95a68f-7699-4924-8247-f8a642b20976", "reason": "", "target": ""}
{"correlation_id": "97c56d86-37a7-4558-ad5b-a8bf10221aa0", "operation": "instance_read", "outcome": "allowed", "principal": "user:c1-dev.6d95a68f-7699-4924-8247-f8a642b20976", "reason": "", "target": "m03_76b2908e12b14d2a9435132adb40668d"}
{"correlation_id": "d140eb33-72e6-43af-80fb-f18ed9a90c8a", "operation": "changeset_create", "outcome": "allowed", "principal": "user:c1-dev.6d95a68f-7699-4924-8247-f8a642b20976", "reason": "", "target": "urn:c1:instance:dev:changeset-b3089e1de959485380479d7b9e85b1d5"}
{"correlation_id": "92a91c47-10fc-46f6-b826-4bb623db2776", "operation": "changeset_read", "outcome": "allowed", "principal": "user:c1-dev.6d95a68f-7699-4924-8247-f8a642b20976", "reason": "", "target": "urn:c1:instance:dev:changeset-b3089e1de959485380479d7b9e85b1d5"}
{"correlation_id": "57fd1c5d-c75b-4803-a254-415f7b583d9a", "operation": "changeset_submit", "outcome": "allowed", "principal": "user:c1-dev.6d95a68f-7699-4924-8247-f8a642b20976", "reason": "", "target": "urn:c1:instance:dev:changeset-b3089e1de959485380479d7b9e85b1d5"}
{"correlation_id": "e492ad43-eb11-46d0-9e1a-0b097171f034", "operation": "changeset_approve", "outcome": "allowed", "principal": "user:c1-dev.2c8d560f-a67a-4801-8621-e597415decd4", "reason": "", "target": "urn:c1:instance:dev:changeset-b3089e1de959485380479d7b9e85b1d5"}
{"correlation_id": "4d50521d-a748-4c04-b34b-4bfe061420ee", "operation": "changeset_apply", "outcome": "allowed", "principal": "user:c1-dev.2c8d560f-a67a-4801-8621-e597415decd4", "reason": "", "target": "urn:c1:instance:dev:changeset-b3089e1de959485380479d7b9e85b1d5"}
{"correlation_id": "49692619-13c2-4cd8-a146-6390fe87bfde", "operation": "instance_read", "outcome": "allowed", "principal": "user:c1-dev.2c8d560f-a67a-4801-8621-e597415decd4", "reason": "", "target": "m03_76b2908e12b14d2a9435132adb40668d"}
{"correlation_id": "a9fd81c1-5c14-4b29-a290-c9aae078195b", "operation": "whoami", "outcome": "allowed", "principal": "user:c1-dev.37324743-8d1d-4e8f-a42a-8d9f0cb5753c", "reason": "", "target": ""}
{"correlation_id": "8599dc96-17fa-4bca-b1b4-17b0d1d261fd", "operation": "query_catalog", "outcome": "allowed", "principal": "user:c1-dev.37324743-8d1d-4e8f-a42a-8d9f0cb5753c", "reason": "", "target": ""}
{"correlation_id": "8882e6c8-1210-4c9c-90b8-473f18423b2b", "operation": "instance_read", "outcome": "allowed", "principal": "user:c1-dev.37324743-8d1d-4e8f-a42a-8d9f0cb5753c", "reason": "", "target": "m03_76b2908e12b14d2a9435132adb40668d"}
{"correlation_id": "7d60800f-8de8-491f-9079-bde6573b1602", "operation": "query_catalog", "outcome": "allowed", "principal": "user:c1-dev.37324743-8d1d-4e8f-a42a-8d9f0cb5753c", "reason": "", "target": ""}
{"correlation_id": "45d9ec6e-952e-4f87-ab42-19b6e887eaa3", "operation": "context_build", "outcome": "allowed", "principal": "user:c1-dev.37324743-8d1d-4e8f-a42a-8d9f0cb5753c", "reason": "", "target": ""}
{"correlation_id": "40e09267-b59e-49b6-8c41-5275ee811078", "operation": "instance_read", "outcome": "allowed", "principal": "user:c1-dev.37324743-8d1d-4e8f-a42a-8d9f0cb5753c", "reason": "", "target": "m03_76b2908e12b14d2a9435132adb40668d"}
{"correlation_id": "563c1247-deda-4681-9d50-f2e864232227", "operation": "whoami", "outcome": "allowed", "principal": "user:c1-dev.52ee7bde-2918-4348-97e9-33ed361e2c99", "reason": "", "target": ""}
{"correlation_id": "636aee8c-6e4e-445b-a3ab-cbc39153b171", "operation": "instance_grant", "outcome": "applied", "principal": "user:c1-dev.52ee7bde-2918-4348-97e9-33ed361e2c99", "reason": "confirmed", "target": "m03_aee17cb0b2b743a68ca22d83a41202a2"}
{"correlation_id": "2ab46229-ca92-4e9d-b5bd-49bae30c525b", "operation": "instance_grant", "outcome": "allowed", "principal": "user:c1-dev.52ee7bde-2918-4348-97e9-33ed361e2c99", "reason": "", "target": "user:c1-dev.52ee7bde-2918-4348-97e9-33ed361e2c99"}
{"correlation_id": "8797d632-9842-435b-bf40-199de9943fc3", "operation": "whoami", "outcome": "allowed", "principal": "user:c1-dev.2c8d560f-a67a-4801-8621-e597415decd4", "reason": "", "target": ""}
{"correlation_id": "561f829d-1466-4c70-87e5-08cc0c6cff31", "operation": "instance_grant", "outcome": "applied", "principal": "user:c1-dev.52ee7bde-2918-4348-97e9-33ed361e2c99", "reason": "confirmed", "target": "m03_aee17cb0b2b743a68ca22d83a41202a2"}
{"correlation_id": "8c4fb65f-6e3d-454c-a514-b273e264b073", "operation": "instance_grant", "outcome": "allowed", "principal": "user:c1-dev.52ee7bde-2918-4348-97e9-33ed361e2c99", "reason": "", "target": "user:c1-dev.2c8d560f-a67a-4801-8621-e597415decd4"}
{"correlation_id": "9879fccb-cdcc-40e5-98f3-dec61d9e3969", "operation": "query_catalog", "outcome": "allowed", "principal": "user:c1-dev.52ee7bde-2918-4348-97e9-33ed361e2c99", "reason": "", "target": ""}
{"correlation_id": "84c49e8e-9747-437a-af42-54ec3e1f5472", "operation": "instance_read", "outcome": "allowed", "principal": "user:c1-dev.52ee7bde-2918-4348-97e9-33ed361e2c99", "reason": "", "target": "m03_aee17cb0b2b743a68ca22d83a41202a2"}
{"correlation_id": "6a89c425-2f2b-4a23-886b-3e3d6cccf7fd", "operation": "changeset_create", "outcome": "allowed", "principal": "user:c1-dev.52ee7bde-2918-4348-97e9-33ed361e2c99", "reason": "", "target": "urn:c1:instance:dev:changeset-52362283a2d64df58066c8e224e3d956"}
{"correlation_id": "cfde141d-f957-4789-81cb-f468ab8d906d", "operation": "changeset_read", "outcome": "allowed", "principal": "user:c1-dev.52ee7bde-2918-4348-97e9-33ed361e2c99", "reason": "", "target": "urn:c1:instance:dev:changeset-52362283a2d64df58066c8e224e3d956"}
{"correlation_id": "80995e11-f47d-497a-b9e4-6f2c24b307e6", "operation": "changeset_submit", "outcome": "allowed", "principal": "user:c1-dev.52ee7bde-2918-4348-97e9-33ed361e2c99", "reason": "", "target": "urn:c1:instance:dev:changeset-52362283a2d64df58066c8e224e3d956"}
{"correlation_id": "90980528-1734-42f4-8225-777b19c3e7c8", "operation": "changeset_approve", "outcome": "allowed", "principal": "user:c1-dev.2c8d560f-a67a-4801-8621-e597415decd4", "reason": "", "target": "urn:c1:instance:dev:changeset-52362283a2d64df58066c8e224e3d956"}
{"correlation_id": "6365e6fb-e0e6-4444-866c-e501f68d567e", "operation": "changeset_apply", "outcome": "allowed", "principal": "user:c1-dev.2c8d560f-a67a-4801-8621-e597415decd4", "reason": "", "target": "urn:c1:instance:dev:changeset-52362283a2d64df58066c8e224e3d956"}
{"correlation_id": "198914fc-02e8-4417-bcb0-b9b66effc53d", "operation": "scope_list", "outcome": "allowed", "principal": "user:c1-dev.52ee7bde-2918-4348-97e9-33ed361e2c99", "reason": "", "target": ""}
{"correlation_id": "10dddf6a-6f35-47e3-b188-9abd6d98b3e1", "operation": "whoami", "outcome": "allowed", "principal": "user:c1-dev.710d299c-4393-4f32-b84c-e6c81c8382ad", "reason": "", "target": ""}
{"correlation_id": "0609ffbf-3ff8-4fb4-a66d-a632adaa2239", "operation": "whoami", "outcome": "allowed", "principal": "user:c1-dev.f801298f-f193-4438-bc87-81ed549308ed", "reason": "", "target": ""}
{"correlation_id": "b7e74bdb-44ff-4651-a62c-62d1fab14b65", "operation": "whoami", "outcome": "allowed", "principal": "user:c1-dev.fbcf5049-980c-4ed4-8c8a-4f7137e8a927", "reason": "", "target": ""}
{"correlation_id": "0bc49312-b11f-468a-bbc9-c335bad9b440", "operation": "whoami", "outcome": "allowed", "principal": "user:c1-dev.2c8d560f-a67a-4801-8621-e597415decd4", "reason": "", "target": ""}
{"correlation_id": "ed34f72d-2fbc-409f-b4e3-b3df664c8ecd", "operation": "whoami", "outcome": "allowed", "principal": "user:c1-dev.7d89fb29-3c08-437e-9f68-5bea90fb3373", "reason": "", "target": ""}
{"correlation_id": "9119610c-2828-42aa-821f-590485981b2e", "operation": "whoami", "outcome": "allowed", "principal": "user:c1-dev.f3e9b401-e17b-442b-a7c3-00de007e97b9", "reason": "", "target": ""}
{"correlation_id": "70fe3919-d015-40a5-b845-9800836d9b5e", "operation": "whoami", "outcome": "allowed", "principal": "user:c1-dev.37324743-8d1d-4e8f-a42a-8d9f0cb5753c", "reason": "", "target": ""}
{"correlation_id": "c900ad7b-24c8-41a8-a35f-687910ab7044", "operation": "scope_create", "outcome": "applied", "principal": "user:c1-dev.52ee7bde-2918-4348-97e9-33ed361e2c99", "reason": "confirmed", "target": "sw-shared"}
{"correlation_id": "9066ca50-ef14-437c-ab6a-430ed39770fc", "operation": "scope_create", "outcome": "allowed", "principal": "user:c1-dev.52ee7bde-2918-4348-97e9-33ed361e2c99", "reason": "", "target": "sw-shared"}
{"correlation_id": "f8d7b653-7b5b-4ba4-8c59-7ec804416026", "operation": "membership", "outcome": "applied", "principal": "user:c1-dev.52ee7bde-2918-4348-97e9-33ed361e2c99", "reason": "confirmed", "target": "sw-shared"}
{"correlation_id": "ef440581-f67b-43d6-9170-6a0c43c45994", "operation": "scope_member_grant", "outcome": "allowed", "principal": "user:c1-dev.52ee7bde-2918-4348-97e9-33ed361e2c99", "reason": "", "target": "sw-shared"}
{"correlation_id": "7ab5fac9-a4fc-49e9-9590-4159504defaa", "operation": "membership", "outcome": "applied", "principal": "user:c1-dev.52ee7bde-2918-4348-97e9-33ed361e2c99", "reason": "confirmed", "target": "sw-shared"}
{"correlation_id": "371cfadd-efeb-4394-886b-63f1ba0af11e", "operation": "scope_member_grant", "outcome": "allowed", "principal": "user:c1-dev.52ee7bde-2918-4348-97e9-33ed361e2c99", "reason": "", "target": "sw-shared"}
{"correlation_id": "a2a66820-c669-4c77-817a-acacb8d476d5", "operation": "membership", "outcome": "applied", "principal": "user:c1-dev.52ee7bde-2918-4348-97e9-33ed361e2c99", "reason": "confirmed", "target": "sw-shared"}
{"correlation_id": "b8da57f5-f6b8-4384-a8a0-6ca38533af70", "operation": "scope_member_grant", "outcome": "allowed", "principal": "user:c1-dev.52ee7bde-2918-4348-97e9-33ed361e2c99", "reason": "", "target": "sw-shared"}
{"correlation_id": "e7a73626-7daa-419a-b268-3b5e2455ff72", "operation": "membership", "outcome": "applied", "principal": "user:c1-dev.52ee7bde-2918-4348-97e9-33ed361e2c99", "reason": "confirmed", "target": "sw-shared"}
{"correlation_id": "52b15e52-6ff4-497e-8f08-83d1a181f358", "operation": "scope_member_grant", "outcome": "allowed", "principal": "user:c1-dev.52ee7bde-2918-4348-97e9-33ed361e2c99", "reason": "", "target": "sw-shared"}
{"correlation_id": "c84f4fc1-5940-4193-83b2-5f861346be1f", "operation": "membership", "outcome": "applied", "principal": "user:c1-dev.52ee7bde-2918-4348-97e9-33ed361e2c99", "reason": "confirmed", "target": "sw-shared"}
{"correlation_id": "6bf114f6-cc6a-43cf-a73a-86973ccf25d6", "operation": "scope_member_grant", "outcome": "allowed", "principal": "user:c1-dev.52ee7bde-2918-4348-97e9-33ed361e2c99", "reason": "", "target": "sw-shared"}
{"correlation_id": "1faa1894-c44b-49ca-837d-e97be1ba38d3", "operation": "membership", "outcome": "applied", "principal": "user:c1-dev.52ee7bde-2918-4348-97e9-33ed361e2c99", "reason": "confirmed", "target": "sw-shared"}
{"correlation_id": "b7a1fc02-c36f-4841-8515-b38421ecd31b", "operation": "scope_member_grant", "outcome": "allowed", "principal": "user:c1-dev.52ee7bde-2918-4348-97e9-33ed361e2c99", "reason": "", "target": "sw-shared"}
{"correlation_id": "c9133c83-b0ca-4091-b71f-091dbfb5f53b", "operation": "membership", "outcome": "applied", "principal": "user:c1-dev.52ee7bde-2918-4348-97e9-33ed361e2c99", "reason": "confirmed", "target": "sw-shared"}
{"correlation_id": "6752c730-d062-4dfb-8026-d12444c7801e", "operation": "scope_member_grant", "outcome": "allowed", "principal": "user:c1-dev.52ee7bde-2918-4348-97e9-33ed361e2c99", "reason": "", "target": "sw-shared"}
{"correlation_id": "f66b5365-5dbc-4eb1-b073-54a25a38d9ff", "operation": "membership", "outcome": "applied", "principal": "user:c1-dev.52ee7bde-2918-4348-97e9-33ed361e2c99", "reason": "confirmed", "target": "sw-shared"}
{"correlation_id": "69700ac4-7aba-492c-9446-51b90a561579", "operation": "scope_member_grant", "outcome": "allowed", "principal": "user:c1-dev.52ee7bde-2918-4348-97e9-33ed361e2c99", "reason": "", "target": "sw-shared"}
{"correlation_id": "55685dc5-9d9f-47ad-b1ac-a491f9b4fe43", "operation": "membership", "outcome": "applied", "principal": "user:c1-dev.52ee7bde-2918-4348-97e9-33ed361e2c99", "reason": "confirmed", "target": "sw-shared"}
{"correlation_id": "dbf10e11-bb09-4929-b120-b09889f13997", "operation": "scope_member_grant", "outcome": "allowed", "principal": "user:c1-dev.52ee7bde-2918-4348-97e9-33ed361e2c99", "reason": "", "target": "sw-shared"}
{"correlation_id": "b27d2ef5-2976-47e0-b3d3-0ffb6c2f0a9c", "operation": "membership", "outcome": "applied", "principal": "user:c1-dev.52ee7bde-2918-4348-97e9-33ed361e2c99", "reason": "confirmed", "target": "sw-shared"}
{"correlation_id": "f9be02be-e728-48be-83e3-7b978de2122c", "operation": "scope_member_grant", "outcome": "allowed", "principal": "user:c1-dev.52ee7bde-2918-4348-97e9-33ed361e2c99", "reason": "", "target": "sw-shared"}
{"correlation_id": "4b279fa1-6b15-432b-88f6-7e13f14c93a4", "operation": "membership", "outcome": "applied", "principal": "user:c1-dev.52ee7bde-2918-4348-97e9-33ed361e2c99", "reason": "confirmed", "target": "sw-shared"}
{"correlation_id": "b26b2848-e9fd-4999-b434-12ce85e696ed", "operation": "scope_member_grant", "outcome": "allowed", "principal": "user:c1-dev.52ee7bde-2918-4348-97e9-33ed361e2c99", "reason": "", "target": "sw-shared"}
{"correlation_id": "bc0ab637-b656-4519-83bb-442a5cf14254", "operation": "membership", "outcome": "applied", "principal": "user:c1-dev.52ee7bde-2918-4348-97e9-33ed361e2c99", "reason": "confirmed", "target": "sw-shared"}
{"correlation_id": "a49b3403-889b-412a-b09b-624d4c90ef4c", "operation": "scope_member_grant", "outcome": "allowed", "principal": "user:c1-dev.52ee7bde-2918-4348-97e9-33ed361e2c99", "reason": "", "target": "sw-shared"}
{"correlation_id": "6704409b-2bca-46c0-a92c-3936c6abd0b4", "operation": "membership", "outcome": "applied", "principal": "user:c1-dev.52ee7bde-2918-4348-97e9-33ed361e2c99", "reason": "confirmed", "target": "sw-shared"}
{"correlation_id": "a51904df-4ba0-475b-9d1f-47fdaa5f8e37", "operation": "scope_member_grant", "outcome": "allowed", "principal": "user:c1-dev.52ee7bde-2918-4348-97e9-33ed361e2c99", "reason": "", "target": "sw-shared"}
{"correlation_id": "92b6ac54-c751-4403-a873-5a8a5fda9695", "operation": "membership", "outcome": "applied", "principal": "user:c1-dev.52ee7bde-2918-4348-97e9-33ed361e2c99", "reason": "confirmed", "target": "sw-shared"}
{"correlation_id": "19f8c9b0-e709-4a37-acdf-caab66fece4b", "operation": "scope_member_grant", "outcome": "allowed", "principal": "user:c1-dev.52ee7bde-2918-4348-97e9-33ed361e2c99", "reason": "", "target": "sw-shared"}
{"correlation_id": "4f78f2ab-6e43-411f-a57c-40571ef1a9ed", "operation": "scope_create", "outcome": "applied", "principal": "user:c1-dev.52ee7bde-2918-4348-97e9-33ed361e2c99", "reason": "confirmed", "target": "sw-ledger"}
{"correlation_id": "a4679506-e312-4ee3-a0a5-c38479164974", "operation": "scope_create", "outcome": "allowed", "principal": "user:c1-dev.52ee7bde-2918-4348-97e9-33ed361e2c99", "reason": "", "target": "sw-ledger"}
{"correlation_id": "bcf526cb-2bef-4515-b73f-ac43f55651c3", "operation": "membership", "outcome": "applied", "principal": "user:c1-dev.52ee7bde-2918-4348-97e9-33ed361e2c99", "reason": "confirmed", "target": "sw-ledger"}
{"correlation_id": "69088349-ed15-47ae-9c8e-370a23d6ff7e", "operation": "scope_member_grant", "outcome": "allowed", "principal": "user:c1-dev.52ee7bde-2918-4348-97e9-33ed361e2c99", "reason": "", "target": "sw-ledger"}
{"correlation_id": "fa29336e-e68c-44f2-8c95-9d1044c12d98", "operation": "membership", "outcome": "applied", "principal": "user:c1-dev.52ee7bde-2918-4348-97e9-33ed361e2c99", "reason": "confirmed", "target": "sw-ledger"}
{"correlation_id": "efed5d98-64a0-4c2d-82a4-675b11d74210", "operation": "scope_member_grant", "outcome": "allowed", "principal": "user:c1-dev.52ee7bde-2918-4348-97e9-33ed361e2c99", "reason": "", "target": "sw-ledger"}
{"correlation_id": "48c43483-e5a3-44b4-98d3-dbf91d5a928d", "operation": "membership", "outcome": "applied", "principal": "user:c1-dev.52ee7bde-2918-4348-97e9-33ed361e2c99", "reason": "confirmed", "target": "sw-ledger"}
{"correlation_id": "2334e58e-b9a4-49e1-a2fb-285ba97e6561", "operation": "scope_member_grant", "outcome": "allowed", "principal": "user:c1-dev.52ee7bde-2918-4348-97e9-33ed361e2c99", "reason": "", "target": "sw-ledger"}
{"correlation_id": "017b2a6a-e12d-4b4a-8610-10a4ac802562", "operation": "membership", "outcome": "applied", "principal": "user:c1-dev.52ee7bde-2918-4348-97e9-33ed361e2c99", "reason": "confirmed", "target": "sw-ledger"}
{"correlation_id": "299230ae-bd71-414e-b228-8aa4c6f24355", "operation": "scope_member_grant", "outcome": "allowed", "principal": "user:c1-dev.52ee7bde-2918-4348-97e9-33ed361e2c99", "reason": "", "target": "sw-ledger"}
{"correlation_id": "b25a197c-4c1e-4e75-ade8-ccfc2c830983", "operation": "membership", "outcome": "applied", "principal": "user:c1-dev.52ee7bde-2918-4348-97e9-33ed361e2c99", "reason": "confirmed", "target": "sw-ledger"}
{"correlation_id": "b3d37a7e-f51d-407b-b2e2-046b3d5bf6e2", "operation": "scope_member_grant", "outcome": "allowed", "principal": "user:c1-dev.52ee7bde-2918-4348-97e9-33ed361e2c99", "reason": "", "target": "sw-ledger"}
{"correlation_id": "ce1e06f6-fe69-4a3c-ad46-8b7a2db7f2f0", "operation": "membership", "outcome": "applied", "principal": "user:c1-dev.52ee7bde-2918-4348-97e9-33ed361e2c99", "reason": "confirmed", "target": "sw-ledger"}
{"correlation_id": "04572e67-2b53-42b8-9214-a2c80cb072b2", "operation": "scope_member_grant", "outcome": "allowed", "principal": "user:c1-dev.52ee7bde-2918-4348-97e9-33ed361e2c99", "reason": "", "target": "sw-ledger"}
{"correlation_id": "167c10c9-4bfe-4765-b390-0ec8bc312f6e", "operation": "membership", "outcome": "applied", "principal": "user:c1-dev.52ee7bde-2918-4348-97e9-33ed361e2c99", "reason": "confirmed", "target": "sw-ledger"}
{"correlation_id": "860e4013-8eab-4ab1-a8f9-e588952e7606", "operation": "scope_member_grant", "outcome": "allowed", "principal": "user:c1-dev.52ee7bde-2918-4348-97e9-33ed361e2c99", "reason": "", "target": "sw-ledger"}
{"correlation_id": "31e7a2b6-da2d-4d5b-9241-31202494a0e3", "operation": "membership", "outcome": "applied", "principal": "user:c1-dev.52ee7bde-2918-4348-97e9-33ed361e2c99", "reason": "confirmed", "target": "sw-ledger"}
{"correlation_id": "999d13f9-355c-493b-ad89-9bcae1546476", "operation": "scope_member_grant", "outcome": "allowed", "principal": "user:c1-dev.52ee7bde-2918-4348-97e9-33ed361e2c99", "reason": "", "target": "sw-ledger"}
{"correlation_id": "33e1124e-a0a3-4914-9456-ddacbe8af1e8", "operation": "membership", "outcome": "applied", "principal": "user:c1-dev.52ee7bde-2918-4348-97e9-33ed361e2c99", "reason": "confirmed", "target": "sw-ledger"}
{"correlation_id": "ba869cb3-a3bb-49b6-a4e3-d6b5852d0363", "operation": "scope_member_grant", "outcome": "allowed", "principal": "user:c1-dev.52ee7bde-2918-4348-97e9-33ed361e2c99", "reason": "", "target": "sw-ledger"}
{"correlation_id": "e14666e4-c946-4a42-85b3-f396a5929657", "operation": "membership", "outcome": "applied", "principal": "user:c1-dev.52ee7bde-2918-4348-97e9-33ed361e2c99", "reason": "confirmed", "target": "sw-ledger"}
{"correlation_id": "45d036d7-7430-4aa6-ad02-ae41eb32ffe6", "operation": "scope_member_grant", "outcome": "allowed", "principal": "user:c1-dev.52ee7bde-2918-4348-97e9-33ed361e2c99", "reason": "", "target": "sw-ledger"}
{"correlation_id": "0fc7558e-9a3c-4b4c-bfdd-9d36254416ed", "operation": "membership", "outcome": "applied", "principal": "user:c1-dev.52ee7bde-2918-4348-97e9-33ed361e2c99", "reason": "confirmed", "target": "sw-ledger"}
{"correlation_id": "e574dfc0-2dbf-4e5a-858d-cd17aa7ec86d", "operation": "scope_member_grant", "outcome": "allowed", "principal": "user:c1-dev.52ee7bde-2918-4348-97e9-33ed361e2c99", "reason": "", "target": "sw-ledger"}
{"correlation_id": "529c6db4-0c8e-43aa-a6a0-4db8fe70334e", "operation": "membership", "outcome": "applied", "principal": "user:c1-dev.52ee7bde-2918-4348-97e9-33ed361e2c99", "reason": "confirmed", "target": "sw-ledger"}
{"correlation_id": "7c72feff-6c40-4108-83d4-c000e6a22b23", "operation": "scope_member_grant", "outcome": "allowed", "principal": "user:c1-dev.52ee7bde-2918-4348-97e9-33ed361e2c99", "reason": "", "target": "sw-ledger"}
{"correlation_id": "8aeea7f8-ae88-4c28-9cd7-e05a82e81dbf", "operation": "membership", "outcome": "applied", "principal": "user:c1-dev.52ee7bde-2918-4348-97e9-33ed361e2c99", "reason": "confirmed", "target": "sw-ledger"}
{"correlation_id": "63534ccc-cfb0-484c-b904-f3b713194f85", "operation": "scope_member_grant", "outcome": "allowed", "principal": "user:c1-dev.52ee7bde-2918-4348-97e9-33ed361e2c99", "reason": "", "target": "sw-ledger"}
{"correlation_id": "306a9869-f1b1-4a79-b768-8251f9370adc", "operation": "scope_create", "outcome": "applied", "principal": "user:c1-dev.52ee7bde-2918-4348-97e9-33ed361e2c99", "reason": "confirmed", "target": "sw-shop"}
{"correlation_id": "98d4002b-df9c-4574-a554-f42a6000bb2b", "operation": "scope_create", "outcome": "allowed", "principal": "user:c1-dev.52ee7bde-2918-4348-97e9-33ed361e2c99", "reason": "", "target": "sw-shop"}
{"correlation_id": "a9fc3789-de11-4a49-a8ed-39452a5e885e", "operation": "membership", "outcome": "applied", "principal": "user:c1-dev.52ee7bde-2918-4348-97e9-33ed361e2c99", "reason": "confirmed", "target": "sw-shop"}
{"correlation_id": "c6efa9b4-bf53-4e7a-9cc9-709745960a21", "operation": "scope_member_grant", "outcome": "allowed", "principal": "user:c1-dev.52ee7bde-2918-4348-97e9-33ed361e2c99", "reason": "", "target": "sw-shop"}
{"correlation_id": "243c2aec-f28f-4f54-9c23-d35f1ef50787", "operation": "membership", "outcome": "applied", "principal": "user:c1-dev.52ee7bde-2918-4348-97e9-33ed361e2c99", "reason": "confirmed", "target": "sw-shop"}
{"correlation_id": "73087eeb-3922-4da7-9167-a72225ef6b01", "operation": "scope_member_grant", "outcome": "allowed", "principal": "user:c1-dev.52ee7bde-2918-4348-97e9-33ed361e2c99", "reason": "", "target": "sw-shop"}
{"correlation_id": "92cef55d-573e-442f-b776-fd5872a94080", "operation": "membership", "outcome": "applied", "principal": "user:c1-dev.52ee7bde-2918-4348-97e9-33ed361e2c99", "reason": "confirmed", "target": "sw-shop"}
{"correlation_id": "d01d9edd-3695-478c-bb2e-02b0b3150f9c", "operation": "scope_member_grant", "outcome": "allowed", "principal": "user:c1-dev.52ee7bde-2918-4348-97e9-33ed361e2c99", "reason": "", "target": "sw-shop"}
{"correlation_id": "99e30044-2b7a-4465-9704-6d929b880a47", "operation": "membership", "outcome": "applied", "principal": "user:c1-dev.52ee7bde-2918-4348-97e9-33ed361e2c99", "reason": "confirmed", "target": "sw-shop"}
{"correlation_id": "f660fd55-eff8-44ad-a09d-680d677ed7a2", "operation": "scope_member_grant", "outcome": "allowed", "principal": "user:c1-dev.52ee7bde-2918-4348-97e9-33ed361e2c99", "reason": "", "target": "sw-shop"}
{"correlation_id": "7ff47b85-9ce8-4b49-b5fc-b6b5838e808a", "operation": "membership", "outcome": "applied", "principal": "user:c1-dev.52ee7bde-2918-4348-97e9-33ed361e2c99", "reason": "confirmed", "target": "sw-shop"}
{"correlation_id": "bb5257c1-95d0-4488-b661-1f5c6af41a79", "operation": "scope_member_grant", "outcome": "allowed", "principal": "user:c1-dev.52ee7bde-2918-4348-97e9-33ed361e2c99", "reason": "", "target": "sw-shop"}
{"correlation_id": "9789d279-b767-4b98-8c5f-5d483ce326bb", "operation": "membership", "outcome": "applied", "principal": "user:c1-dev.52ee7bde-2918-4348-97e9-33ed361e2c99", "reason": "confirmed", "target": "sw-shop"}
{"correlation_id": "435e87a6-3602-4302-a0c6-929963e395a2", "operation": "scope_member_grant", "outcome": "allowed", "principal": "user:c1-dev.52ee7bde-2918-4348-97e9-33ed361e2c99", "reason": "", "target": "sw-shop"}
{"correlation_id": "7a1dd218-8378-4dde-8744-4e830a9534f6", "operation": "membership", "outcome": "applied", "principal": "user:c1-dev.52ee7bde-2918-4348-97e9-33ed361e2c99", "reason": "confirmed", "target": "sw-shop"}
{"correlation_id": "e9762fb7-671f-4d09-909f-7d45206d104d", "operation": "scope_member_grant", "outcome": "allowed", "principal": "user:c1-dev.52ee7bde-2918-4348-97e9-33ed361e2c99", "reason": "", "target": "sw-shop"}
{"correlation_id": "70c2bd0d-a553-4d6d-a544-ed640ddc4822", "operation": "membership", "outcome": "applied", "principal": "user:c1-dev.52ee7bde-2918-4348-97e9-33ed361e2c99", "reason": "confirmed", "target": "sw-shop"}
{"correlation_id": "53910b78-6ebc-49d1-8add-733aa90b186f", "operation": "scope_member_grant", "outcome": "allowed", "principal": "user:c1-dev.52ee7bde-2918-4348-97e9-33ed361e2c99", "reason": "", "target": "sw-shop"}
{"correlation_id": "c01c982a-eaae-4f99-b3b1-928cb7ce1a3d", "operation": "membership", "outcome": "applied", "principal": "user:c1-dev.52ee7bde-2918-4348-97e9-33ed361e2c99", "reason": "confirmed", "target": "sw-shop"}
{"correlation_id": "017241fa-2a4a-410f-8f64-62eae8a33cf5", "operation": "scope_member_grant", "outcome": "allowed", "principal": "user:c1-dev.52ee7bde-2918-4348-97e9-33ed361e2c99", "reason": "", "target": "sw-shop"}
{"correlation_id": "83f0392f-6ff9-46ae-8308-e9829b2260f8", "operation": "membership", "outcome": "applied", "principal": "user:c1-dev.52ee7bde-2918-4348-97e9-33ed361e2c99", "reason": "confirmed", "target": "sw-shop"}
{"correlation_id": "7cade762-5a34-43b5-91fb-ed20b52f316f", "operation": "scope_member_grant", "outcome": "allowed", "principal": "user:c1-dev.52ee7bde-2918-4348-97e9-33ed361e2c99", "reason": "", "target": "sw-shop"}
{"correlation_id": "9e06755e-b4c1-4a82-900f-f652230f2139", "operation": "membership", "outcome": "applied", "principal": "user:c1-dev.52ee7bde-2918-4348-97e9-33ed361e2c99", "reason": "confirmed", "target": "sw-shop"}
{"correlation_id": "cf718133-ec8c-4e41-9f82-ac7235b50521", "operation": "scope_member_grant", "outcome": "allowed", "principal": "user:c1-dev.52ee7bde-2918-4348-97e9-33ed361e2c99", "reason": "", "target": "sw-shop"}
{"correlation_id": "91999774-5077-4dd2-baf5-11ad2d5b4dda", "operation": "membership", "outcome": "applied", "principal": "user:c1-dev.52ee7bde-2918-4348-97e9-33ed361e2c99", "reason": "confirmed", "target": "sw-shop"}
{"correlation_id": "9c5803fd-dead-4f92-9a81-bebf5d41279c", "operation": "scope_member_grant", "outcome": "allowed", "principal": "user:c1-dev.52ee7bde-2918-4348-97e9-33ed361e2c99", "reason": "", "target": "sw-shop"}
{"correlation_id": "08e2f3ec-22de-4164-bf0e-09bf861aaac7", "operation": "membership", "outcome": "applied", "principal": "user:c1-dev.52ee7bde-2918-4348-97e9-33ed361e2c99", "reason": "confirmed", "target": "sw-shop"}
{"correlation_id": "4c778cce-e262-4fee-aec9-dde6ab697087", "operation": "scope_member_grant", "outcome": "allowed", "principal": "user:c1-dev.52ee7bde-2918-4348-97e9-33ed361e2c99", "reason": "", "target": "sw-shop"}
{"correlation_id": "0944eeb9-acde-42f0-bf55-3789f0c87b49", "operation": "scope_create", "outcome": "applied", "principal": "user:c1-dev.52ee7bde-2918-4348-97e9-33ed361e2c99", "reason": "confirmed", "target": "sw-restricted"}
{"correlation_id": "012f1718-838f-46f9-9827-877d0cd0fe41", "operation": "scope_create", "outcome": "allowed", "principal": "user:c1-dev.52ee7bde-2918-4348-97e9-33ed361e2c99", "reason": "", "target": "sw-restricted"}
{"correlation_id": "5e987470-02ae-462e-bd54-bebda2b47152", "operation": "membership", "outcome": "applied", "principal": "user:c1-dev.52ee7bde-2918-4348-97e9-33ed361e2c99", "reason": "confirmed", "target": "sw-restricted"}
{"correlation_id": "aa057f6d-04f9-4928-b13e-4f1c1b012fc8", "operation": "scope_member_grant", "outcome": "allowed", "principal": "user:c1-dev.52ee7bde-2918-4348-97e9-33ed361e2c99", "reason": "", "target": "sw-restricted"}
{"correlation_id": "e85d533e-5b14-46ce-be3a-bcb3b749f5bb", "operation": "membership", "outcome": "applied", "principal": "user:c1-dev.52ee7bde-2918-4348-97e9-33ed361e2c99", "reason": "confirmed", "target": "sw-restricted"}
{"correlation_id": "6b9c51d0-8d70-42e9-acc7-4c37582c7ebd", "operation": "scope_member_grant", "outcome": "allowed", "principal": "user:c1-dev.52ee7bde-2918-4348-97e9-33ed361e2c99", "reason": "", "target": "sw-restricted"}
{"correlation_id": "ff1aa5a6-9bbe-4bd0-9de7-1701c88d9d04", "operation": "membership", "outcome": "applied", "principal": "user:c1-dev.52ee7bde-2918-4348-97e9-33ed361e2c99", "reason": "confirmed", "target": "sw-restricted"}
{"correlation_id": "93706d95-bba2-46fc-95e8-53d5a083e47e", "operation": "scope_member_grant", "outcome": "allowed", "principal": "user:c1-dev.52ee7bde-2918-4348-97e9-33ed361e2c99", "reason": "", "target": "sw-restricted"}
{"correlation_id": "5edc9593-4967-43ce-9f66-999e7c326c06", "operation": "membership", "outcome": "applied", "principal": "user:c1-dev.52ee7bde-2918-4348-97e9-33ed361e2c99", "reason": "confirmed", "target": "sw-restricted"}
{"correlation_id": "519614f7-2871-477d-b3aa-e2466d57f4e9", "operation": "scope_member_grant", "outcome": "allowed", "principal": "user:c1-dev.52ee7bde-2918-4348-97e9-33ed361e2c99", "reason": "", "target": "sw-restricted"}
{"correlation_id": "7b0ad804-3509-44e0-ac56-c5390a766eb6", "operation": "membership", "outcome": "applied", "principal": "user:c1-dev.52ee7bde-2918-4348-97e9-33ed361e2c99", "reason": "confirmed", "target": "sw-restricted"}
{"correlation_id": "a5fa0059-1490-4ccf-bbe9-a3f659f09bc0", "operation": "scope_member_grant", "outcome": "allowed", "principal": "user:c1-dev.52ee7bde-2918-4348-97e9-33ed361e2c99", "reason": "", "target": "sw-restricted"}
{"correlation_id": "e7db340c-b4b5-4f42-8b2c-538b01110f39", "operation": "membership", "outcome": "applied", "principal": "user:c1-dev.52ee7bde-2918-4348-97e9-33ed361e2c99", "reason": "confirmed", "target": "sw-restricted"}
{"correlation_id": "f8e8de63-b8bb-4be4-a40d-74989550e968", "operation": "scope_member_grant", "outcome": "allowed", "principal": "user:c1-dev.52ee7bde-2918-4348-97e9-33ed361e2c99", "reason": "", "target": "sw-restricted"}
{"correlation_id": "40355baa-2379-4be7-a415-664247d7a0cb", "operation": "membership", "outcome": "applied", "principal": "user:c1-dev.52ee7bde-2918-4348-97e9-33ed361e2c99", "reason": "confirmed", "target": "sw-restricted"}
{"correlation_id": "3c608395-1a2d-47cc-934d-7642650b8213", "operation": "scope_member_grant", "outcome": "allowed", "principal": "user:c1-dev.52ee7bde-2918-4348-97e9-33ed361e2c99", "reason": "", "target": "sw-restricted"}
{"correlation_id": "caf88298-43a5-4d83-89da-e1b72748c915", "operation": "membership", "outcome": "applied", "principal": "user:c1-dev.52ee7bde-2918-4348-97e9-33ed361e2c99", "reason": "confirmed", "target": "sw-restricted"}
{"correlation_id": "933f42d9-9a2f-40e1-879a-c4bb7868fadf", "operation": "scope_member_grant", "outcome": "allowed", "principal": "user:c1-dev.52ee7bde-2918-4348-97e9-33ed361e2c99", "reason": "", "target": "sw-restricted"}
{"correlation_id": "ad40e4eb-b9cc-4293-8fd9-c754808d8f48", "operation": "membership", "outcome": "applied", "principal": "user:c1-dev.52ee7bde-2918-4348-97e9-33ed361e2c99", "reason": "confirmed", "target": "sw-restricted"}
{"correlation_id": "f42cb989-5e1b-416c-8baf-1fbab7ea8c23", "operation": "scope_member_grant", "outcome": "allowed", "principal": "user:c1-dev.52ee7bde-2918-4348-97e9-33ed361e2c99", "reason": "", "target": "sw-restricted"}
{"correlation_id": "f3955108-cac0-45a3-af51-230350eb5719", "operation": "membership", "outcome": "applied", "principal": "user:c1-dev.52ee7bde-2918-4348-97e9-33ed361e2c99", "reason": "confirmed", "target": "sw-restricted"}
{"correlation_id": "686b66cf-395d-49c1-b29d-2a3f246ef3d1", "operation": "scope_member_grant", "outcome": "allowed", "principal": "user:c1-dev.52ee7bde-2918-4348-97e9-33ed361e2c99", "reason": "", "target": "sw-restricted"}
{"correlation_id": "d9f41350-fe84-422f-8083-928c20a44a86", "operation": "membership", "outcome": "applied", "principal": "user:c1-dev.52ee7bde-2918-4348-97e9-33ed361e2c99", "reason": "confirmed", "target": "sw-restricted"}
{"correlation_id": "1e031b46-b165-4e96-9ad2-6d834b345804", "operation": "scope_member_grant", "outcome": "allowed", "principal": "user:c1-dev.52ee7bde-2918-4348-97e9-33ed361e2c99", "reason": "", "target": "sw-restricted"}
{"correlation_id": "85ba6c84-65e9-4105-b208-99de439c649f", "operation": "scope_create", "outcome": "applied", "principal": "user:c1-dev.52ee7bde-2918-4348-97e9-33ed361e2c99", "reason": "confirmed", "target": "drafts-bob"}
{"correlation_id": "2b343029-3545-4c41-babf-f4bf083f589e", "operation": "scope_create", "outcome": "allowed", "principal": "user:c1-dev.52ee7bde-2918-4348-97e9-33ed361e2c99", "reason": "", "target": "drafts-bob"}
{"correlation_id": "7cd96639-61d4-42c6-ae2c-52bac9ba738c", "operation": "membership", "outcome": "applied", "principal": "user:c1-dev.52ee7bde-2918-4348-97e9-33ed361e2c99", "reason": "confirmed", "target": "drafts-bob"}
{"correlation_id": "f2c54b44-0884-4da9-94bb-bc0a2ef6a925", "operation": "scope_member_grant", "outcome": "allowed", "principal": "user:c1-dev.52ee7bde-2918-4348-97e9-33ed361e2c99", "reason": "", "target": "drafts-bob"}
{"correlation_id": "9d02e5c7-adc0-44fc-93ff-d85f0d1e9c54", "operation": "membership", "outcome": "applied", "principal": "user:c1-dev.52ee7bde-2918-4348-97e9-33ed361e2c99", "reason": "confirmed", "target": "drafts-bob"}
{"correlation_id": "4f4b8650-df51-41a0-acc9-25a42db12b90", "operation": "scope_member_grant", "outcome": "allowed", "principal": "user:c1-dev.52ee7bde-2918-4348-97e9-33ed361e2c99", "reason": "", "target": "drafts-bob"}
{"correlation_id": "253f1868-e49b-4765-89f7-43511c02756e", "operation": "membership", "outcome": "applied", "principal": "user:c1-dev.52ee7bde-2918-4348-97e9-33ed361e2c99", "reason": "confirmed", "target": "drafts-bob"}
{"correlation_id": "4ef80da7-2c07-4772-871b-d85688de8b35", "operation": "scope_member_grant", "outcome": "allowed", "principal": "user:c1-dev.52ee7bde-2918-4348-97e9-33ed361e2c99", "reason": "", "target": "drafts-bob"}
{"correlation_id": "7d89c191-f4d2-4691-b54f-7b02942958d6", "operation": "membership", "outcome": "applied", "principal": "user:c1-dev.52ee7bde-2918-4348-97e9-33ed361e2c99", "reason": "confirmed", "target": "drafts-bob"}
{"correlation_id": "35e9602e-bc85-4748-b121-d62a4b118b6d", "operation": "scope_member_grant", "outcome": "allowed", "principal": "user:c1-dev.52ee7bde-2918-4348-97e9-33ed361e2c99", "reason": "", "target": "drafts-bob"}
{"correlation_id": "bb209c33-11d3-46b6-82ba-9ef6647901f7", "operation": "membership", "outcome": "applied", "principal": "user:c1-dev.52ee7bde-2918-4348-97e9-33ed361e2c99", "reason": "confirmed", "target": "drafts-bob"}
{"correlation_id": "f720df76-b7a8-4040-b791-dcd47c8a70d9", "operation": "scope_member_grant", "outcome": "allowed", "principal": "user:c1-dev.52ee7bde-2918-4348-97e9-33ed361e2c99", "reason": "", "target": "drafts-bob"}
{"correlation_id": "ea6fb139-e1a6-4d6b-9d33-89b321a4f31a", "operation": "membership", "outcome": "applied", "principal": "user:c1-dev.52ee7bde-2918-4348-97e9-33ed361e2c99", "reason": "confirmed", "target": "drafts-bob"}
{"correlation_id": "47da1ecf-ce88-44a9-a3ae-3b483ae8ae0a", "operation": "scope_member_grant", "outcome": "allowed", "principal": "user:c1-dev.52ee7bde-2918-4348-97e9-33ed361e2c99", "reason": "", "target": "drafts-bob"}
{"correlation_id": "038744b2-e07e-48f5-99ed-0c9b9861e628", "operation": "membership", "outcome": "applied", "principal": "user:c1-dev.52ee7bde-2918-4348-97e9-33ed361e2c99", "reason": "confirmed", "target": "drafts-bob"}
{"correlation_id": "2d2017d2-d0cc-44a7-bf50-4c2acb50c08d", "operation": "scope_member_grant", "outcome": "allowed", "principal": "user:c1-dev.52ee7bde-2918-4348-97e9-33ed361e2c99", "reason": "", "target": "drafts-bob"}
{"correlation_id": "81fc0826-e368-46cb-9e48-e8f143daf58c", "operation": "membership", "outcome": "applied", "principal": "user:c1-dev.52ee7bde-2918-4348-97e9-33ed361e2c99", "reason": "confirmed", "target": "drafts-bob"}
{"correlation_id": "7d8ce726-845f-4dc1-9e26-0e4fd60bf010", "operation": "scope_member_grant", "outcome": "allowed", "principal": "user:c1-dev.52ee7bde-2918-4348-97e9-33ed361e2c99", "reason": "", "target": "drafts-bob"}
{"correlation_id": "95dc8274-ce2b-48be-ade4-e533e44e1fbc", "operation": "scope_create", "outcome": "applied", "principal": "user:c1-dev.1a937a7f-9f67-4643-beb3-fbb06c1284f3", "reason": "confirmed", "target": "sw-docs"}
{"correlation_id": "e0bb4624-5a6c-4eb0-80d1-23c09d499848", "operation": "scope_create", "outcome": "allowed", "principal": "user:c1-dev.1a937a7f-9f67-4643-beb3-fbb06c1284f3", "reason": "", "target": "sw-docs"}
{"correlation_id": "8e0207a0-fb7e-42b5-8b8f-7973f55c9cb3", "operation": "membership", "outcome": "applied", "principal": "user:c1-dev.1a937a7f-9f67-4643-beb3-fbb06c1284f3", "reason": "confirmed", "target": "sw-docs"}
{"correlation_id": "0e8013fc-be36-4ef3-b3e3-95c77d6ff5ec", "operation": "scope_member_grant", "outcome": "allowed", "principal": "user:c1-dev.1a937a7f-9f67-4643-beb3-fbb06c1284f3", "reason": "", "target": "sw-docs"}
{"correlation_id": "a6f9beaa-a5bf-4ba4-b155-72d88c7cd67c", "operation": "membership", "outcome": "applied", "principal": "user:c1-dev.1a937a7f-9f67-4643-beb3-fbb06c1284f3", "reason": "confirmed", "target": "sw-docs"}
{"correlation_id": "43f0b49c-646e-45d0-aa6a-b5852d6b4339", "operation": "scope_member_grant", "outcome": "allowed", "principal": "user:c1-dev.1a937a7f-9f67-4643-beb3-fbb06c1284f3", "reason": "", "target": "sw-docs"}
{"correlation_id": "505cb2f5-4c12-492f-9137-0a31eb9a2999", "operation": "membership", "outcome": "applied", "principal": "user:c1-dev.1a937a7f-9f67-4643-beb3-fbb06c1284f3", "reason": "confirmed", "target": "sw-docs"}
{"correlation_id": "7b8663d6-44b9-4890-afc5-affca4d51a5f", "operation": "scope_member_grant", "outcome": "allowed", "principal": "user:c1-dev.1a937a7f-9f67-4643-beb3-fbb06c1284f3", "reason": "", "target": "sw-docs"}
{"correlation_id": "bb2b2754-2a17-4611-90cf-ce5a083b80a4", "operation": "membership", "outcome": "applied", "principal": "user:c1-dev.1a937a7f-9f67-4643-beb3-fbb06c1284f3", "reason": "confirmed", "target": "sw-docs"}
{"correlation_id": "21aaaf42-953d-48db-a56b-d4700bdef486", "operation": "scope_member_grant", "outcome": "allowed", "principal": "user:c1-dev.1a937a7f-9f67-4643-beb3-fbb06c1284f3", "reason": "", "target": "sw-docs"}
{"correlation_id": "f47a81e8-f2dc-454b-b550-339db4a1f204", "operation": "membership", "outcome": "applied", "principal": "user:c1-dev.1a937a7f-9f67-4643-beb3-fbb06c1284f3", "reason": "confirmed", "target": "sw-docs"}
{"correlation_id": "d656ade1-9c92-4837-865d-2464e12ba949", "operation": "scope_member_grant", "outcome": "allowed", "principal": "user:c1-dev.1a937a7f-9f67-4643-beb3-fbb06c1284f3", "reason": "", "target": "sw-docs"}
{"correlation_id": "257cad8a-179b-4936-8293-94f29ebc8912", "operation": "membership", "outcome": "applied", "principal": "user:c1-dev.1a937a7f-9f67-4643-beb3-fbb06c1284f3", "reason": "confirmed", "target": "sw-docs"}
{"correlation_id": "2b2fcda8-d291-49ab-8eb4-65fa2a2a2f5b", "operation": "scope_member_grant", "outcome": "allowed", "principal": "user:c1-dev.1a937a7f-9f67-4643-beb3-fbb06c1284f3", "reason": "", "target": "sw-docs"}
{"correlation_id": "67b7541b-aab5-4add-bd9e-4f67eba66e79", "operation": "membership", "outcome": "applied", "principal": "user:c1-dev.1a937a7f-9f67-4643-beb3-fbb06c1284f3", "reason": "confirmed", "target": "sw-docs"}
{"correlation_id": "9c672897-e513-4eaf-aea1-f166e263a661", "operation": "scope_member_grant", "outcome": "allowed", "principal": "user:c1-dev.1a937a7f-9f67-4643-beb3-fbb06c1284f3", "reason": "", "target": "sw-docs"}
{"correlation_id": "6e06516b-a074-4166-a7e3-b139861034eb", "operation": "scope_create", "outcome": "applied", "principal": "user:c1-dev.52ee7bde-2918-4348-97e9-33ed361e2c99", "reason": "confirmed", "target": "sw-publications"}
{"correlation_id": "ede126c4-138a-4675-bb27-cad99d93aa79", "operation": "scope_create", "outcome": "allowed", "principal": "user:c1-dev.52ee7bde-2918-4348-97e9-33ed361e2c99", "reason": "", "target": "sw-publications"}
{"correlation_id": "0c4fd6f2-c272-4a51-afc0-9dc19611e27e", "operation": "membership", "outcome": "applied", "principal": "user:c1-dev.52ee7bde-2918-4348-97e9-33ed361e2c99", "reason": "confirmed", "target": "sw-publications"}
{"correlation_id": "a645af96-dd44-4f40-9f54-a2e0bda54e84", "operation": "scope_member_grant", "outcome": "allowed", "principal": "user:c1-dev.52ee7bde-2918-4348-97e9-33ed361e2c99", "reason": "", "target": "sw-publications"}
{"correlation_id": "34f88467-85c8-4b9d-989d-cf42aa605fef", "operation": "membership", "outcome": "applied", "principal": "user:c1-dev.52ee7bde-2918-4348-97e9-33ed361e2c99", "reason": "confirmed", "target": "sw-publications"}
{"correlation_id": "bbcc5c08-abdc-4361-96f0-49873cbfc605", "operation": "scope_member_grant", "outcome": "allowed", "principal": "user:c1-dev.52ee7bde-2918-4348-97e9-33ed361e2c99", "reason": "", "target": "sw-publications"}
{"correlation_id": "9dc77b23-f058-47a6-bb80-8abd6e266448", "operation": "membership", "outcome": "applied", "principal": "user:c1-dev.52ee7bde-2918-4348-97e9-33ed361e2c99", "reason": "confirmed", "target": "sw-publications"}
{"correlation_id": "3ce37867-101c-46e7-97e7-5214ff440e54", "operation": "scope_member_grant", "outcome": "allowed", "principal": "user:c1-dev.52ee7bde-2918-4348-97e9-33ed361e2c99", "reason": "", "target": "sw-publications"}
{"correlation_id": "8a99e865-7bd8-4850-b78f-6be85e37eb36", "operation": "membership", "outcome": "applied", "principal": "user:c1-dev.52ee7bde-2918-4348-97e9-33ed361e2c99", "reason": "confirmed", "target": "sw-publications"}
{"correlation_id": "12ff910c-3d27-4c2b-90cb-eaed9cd134ec", "operation": "scope_member_grant", "outcome": "allowed", "principal": "user:c1-dev.52ee7bde-2918-4348-97e9-33ed361e2c99", "reason": "", "target": "sw-publications"}
{"correlation_id": "788e41d1-4e82-4747-81a0-83abd7b42b1f", "operation": "membership", "outcome": "applied", "principal": "user:c1-dev.52ee7bde-2918-4348-97e9-33ed361e2c99", "reason": "confirmed", "target": "sw-publications"}
{"correlation_id": "061cd133-4279-4c33-a8e8-07f6334bf2f2", "operation": "scope_member_grant", "outcome": "allowed", "principal": "user:c1-dev.52ee7bde-2918-4348-97e9-33ed361e2c99", "reason": "", "target": "sw-publications"}
{"correlation_id": "e4e250e1-4c96-4f39-ab0a-a117a6b6040b", "operation": "membership", "outcome": "applied", "principal": "user:c1-dev.52ee7bde-2918-4348-97e9-33ed361e2c99", "reason": "confirmed", "target": "sw-publications"}
{"correlation_id": "2c61e366-dad1-4d3c-91ab-2c52a9a512ea", "operation": "scope_member_grant", "outcome": "allowed", "principal": "user:c1-dev.52ee7bde-2918-4348-97e9-33ed361e2c99", "reason": "", "target": "sw-publications"}
{"correlation_id": "2c46bf39-632f-4c96-88bf-5e29dc712afa", "operation": "membership", "outcome": "applied", "principal": "user:c1-dev.52ee7bde-2918-4348-97e9-33ed361e2c99", "reason": "confirmed", "target": "sw-publications"}
{"correlation_id": "23124433-53ab-4fb4-bae5-bd555c437119", "operation": "scope_member_grant", "outcome": "allowed", "principal": "user:c1-dev.52ee7bde-2918-4348-97e9-33ed361e2c99", "reason": "", "target": "sw-publications"}
{"correlation_id": "040589df-1c0a-46e5-831a-9dc8d132c3bd", "operation": "membership", "outcome": "applied", "principal": "user:c1-dev.52ee7bde-2918-4348-97e9-33ed361e2c99", "reason": "confirmed", "target": "sw-publications"}
{"correlation_id": "6b3b682e-e9b7-4df3-8027-5d04418a4ecd", "operation": "scope_member_grant", "outcome": "allowed", "principal": "user:c1-dev.52ee7bde-2918-4348-97e9-33ed361e2c99", "reason": "", "target": "sw-publications"}
{"correlation_id": "c38e63c4-5cc7-4ca4-a29e-5a767eb68e81", "operation": "resource_read", "outcome": "denied", "principal": "user:c1-dev.710d299c-4393-4f32-b84c-e6c81c8382ad", "reason": "not_found", "target": ""}
{"correlation_id": "b339c0d3-7b9e-4a48-9d99-82ccd9a3d669", "operation": "instance_read", "outcome": "allowed", "principal": "user:c1-dev.710d299c-4393-4f32-b84c-e6c81c8382ad", "reason": "", "target": "m03_aee17cb0b2b743a68ca22d83a41202a2"}
{"correlation_id": "549406b7-748d-4353-9f46-c7da593ac124", "operation": "changeset_create", "outcome": "allowed", "principal": "user:c1-dev.710d299c-4393-4f32-b84c-e6c81c8382ad", "reason": "", "target": "urn:c1:instance:dev:changeset-ada9a194fd984f308b1e249d4bed9c73"}
{"correlation_id": "c5171b12-bf6d-418f-82be-1e1ac252a435", "operation": "changeset_read", "outcome": "allowed", "principal": "user:c1-dev.710d299c-4393-4f32-b84c-e6c81c8382ad", "reason": "", "target": "urn:c1:instance:dev:changeset-ada9a194fd984f308b1e249d4bed9c73"}
{"correlation_id": "9fca51f9-e53c-4c99-8a16-b522f57b7b7a", "operation": "changeset_submit", "outcome": "allowed", "principal": "user:c1-dev.710d299c-4393-4f32-b84c-e6c81c8382ad", "reason": "", "target": "urn:c1:instance:dev:changeset-ada9a194fd984f308b1e249d4bed9c73"}
{"correlation_id": "ac4dfc16-9d6f-4f26-a2ea-be9f0fe7744b", "operation": "changeset_approve", "outcome": "allowed", "principal": "user:c1-dev.2c8d560f-a67a-4801-8621-e597415decd4", "reason": "", "target": "urn:c1:instance:dev:changeset-ada9a194fd984f308b1e249d4bed9c73"}
{"correlation_id": "559e70c3-126f-479c-acce-0549b81ebc01", "operation": "changeset_apply", "outcome": "allowed", "principal": "user:c1-dev.2c8d560f-a67a-4801-8621-e597415decd4", "reason": "", "target": "urn:c1:instance:dev:changeset-ada9a194fd984f308b1e249d4bed9c73"}
{"correlation_id": "d82868f2-5491-47bc-87e8-9593f4aedd58", "operation": "instance_read", "outcome": "allowed", "principal": "user:c1-dev.2c8d560f-a67a-4801-8621-e597415decd4", "reason": "", "target": "m03_aee17cb0b2b743a68ca22d83a41202a2"}
{"correlation_id": "c0fc0260-7686-4ce6-ba84-c00cf20affca", "operation": "resource_read", "outcome": "denied", "principal": "user:c1-dev.710d299c-4393-4f32-b84c-e6c81c8382ad", "reason": "not_found", "target": ""}
{"correlation_id": "9fd46297-61d3-4c19-a0d2-3b5f4a1740c6", "operation": "resource_read", "outcome": "denied", "principal": "user:c1-dev.710d299c-4393-4f32-b84c-e6c81c8382ad", "reason": "not_found", "target": ""}
{"correlation_id": "0b2f2e21-6f0e-4af4-aa55-6049674c096e", "operation": "instance_read", "outcome": "allowed", "principal": "user:c1-dev.710d299c-4393-4f32-b84c-e6c81c8382ad", "reason": "", "target": "m03_aee17cb0b2b743a68ca22d83a41202a2"}
{"correlation_id": "bad5f487-343f-465c-be0c-9d9e0c5b5ac0", "operation": "changeset_create", "outcome": "allowed", "principal": "user:c1-dev.710d299c-4393-4f32-b84c-e6c81c8382ad", "reason": "", "target": "urn:c1:instance:dev:changeset-6def98b3eb7b452baebc5376357ccf17"}
{"correlation_id": "4ba0926d-7693-469a-9ded-293b78bd2437", "operation": "changeset_read", "outcome": "allowed", "principal": "user:c1-dev.710d299c-4393-4f32-b84c-e6c81c8382ad", "reason": "", "target": "urn:c1:instance:dev:changeset-6def98b3eb7b452baebc5376357ccf17"}
{"correlation_id": "32b3c94d-bbf9-4f50-93cd-3c21cf9b2d83", "operation": "changeset_submit", "outcome": "allowed", "principal": "user:c1-dev.710d299c-4393-4f32-b84c-e6c81c8382ad", "reason": "", "target": "urn:c1:instance:dev:changeset-6def98b3eb7b452baebc5376357ccf17"}
{"correlation_id": "b173afc0-0453-4356-827e-623616b0b3b3", "operation": "changeset_approve", "outcome": "allowed", "principal": "user:c1-dev.2c8d560f-a67a-4801-8621-e597415decd4", "reason": "", "target": "urn:c1:instance:dev:changeset-6def98b3eb7b452baebc5376357ccf17"}
{"correlation_id": "379d2416-cf21-47bb-8e80-ff40d7167e33", "operation": "changeset_apply", "outcome": "allowed", "principal": "user:c1-dev.2c8d560f-a67a-4801-8621-e597415decd4", "reason": "", "target": "urn:c1:instance:dev:changeset-6def98b3eb7b452baebc5376357ccf17"}
{"correlation_id": "85687d19-f78a-4d24-8aee-a63c47a47d54", "operation": "instance_read", "outcome": "allowed", "principal": "user:c1-dev.2c8d560f-a67a-4801-8621-e597415decd4", "reason": "", "target": "m03_aee17cb0b2b743a68ca22d83a41202a2"}
{"correlation_id": "3e593dd7-74c7-401d-a891-ab619b0f3ea5", "operation": "resource_read", "outcome": "denied", "principal": "user:c1-dev.710d299c-4393-4f32-b84c-e6c81c8382ad", "reason": "not_found", "target": ""}
{"correlation_id": "03a724ed-1c7f-45e4-a891-cb4b1e798cc1", "operation": "resource_read", "outcome": "denied", "principal": "user:c1-dev.710d299c-4393-4f32-b84c-e6c81c8382ad", "reason": "not_found", "target": ""}
{"correlation_id": "7b63a9ba-b537-4d00-afb5-39cffc91d5cb", "operation": "instance_read", "outcome": "allowed", "principal": "user:c1-dev.710d299c-4393-4f32-b84c-e6c81c8382ad", "reason": "", "target": "m03_aee17cb0b2b743a68ca22d83a41202a2"}
{"correlation_id": "5b09695e-3adc-43d8-aa07-14c907f85acd", "operation": "changeset_create", "outcome": "allowed", "principal": "user:c1-dev.710d299c-4393-4f32-b84c-e6c81c8382ad", "reason": "", "target": "urn:c1:instance:dev:changeset-22a26c886f404d519e553926f4799dac"}
{"correlation_id": "5aca5c3e-7a06-4a7a-8f65-3e415210a9f5", "operation": "changeset_read", "outcome": "allowed", "principal": "user:c1-dev.710d299c-4393-4f32-b84c-e6c81c8382ad", "reason": "", "target": "urn:c1:instance:dev:changeset-22a26c886f404d519e553926f4799dac"}
{"correlation_id": "5596a425-0113-4c00-a2d9-3ce582734c0b", "operation": "changeset_submit", "outcome": "allowed", "principal": "user:c1-dev.710d299c-4393-4f32-b84c-e6c81c8382ad", "reason": "", "target": "urn:c1:instance:dev:changeset-22a26c886f404d519e553926f4799dac"}
{"correlation_id": "1bc551c4-84d0-403f-9f9f-9ded980499ec", "operation": "changeset_approve", "outcome": "allowed", "principal": "user:c1-dev.2c8d560f-a67a-4801-8621-e597415decd4", "reason": "", "target": "urn:c1:instance:dev:changeset-22a26c886f404d519e553926f4799dac"}
{"correlation_id": "0367972d-5713-4a25-8788-dc281eb1692f", "operation": "changeset_apply", "outcome": "allowed", "principal": "user:c1-dev.2c8d560f-a67a-4801-8621-e597415decd4", "reason": "", "target": "urn:c1:instance:dev:changeset-22a26c886f404d519e553926f4799dac"}
{"correlation_id": "db6362e8-4cc6-42af-9011-ce921df92fcb", "operation": "instance_read", "outcome": "allowed", "principal": "user:c1-dev.2c8d560f-a67a-4801-8621-e597415decd4", "reason": "", "target": "m03_aee17cb0b2b743a68ca22d83a41202a2"}
{"correlation_id": "2ab0cfe8-9904-461e-8250-4644c15ed876", "operation": "resource_read", "outcome": "denied", "principal": "user:c1-dev.710d299c-4393-4f32-b84c-e6c81c8382ad", "reason": "not_found", "target": ""}
{"correlation_id": "37305bd7-23d9-49c7-90a3-624b63f2a884", "operation": "resource_read", "outcome": "denied", "principal": "user:c1-dev.710d299c-4393-4f32-b84c-e6c81c8382ad", "reason": "not_found", "target": ""}
{"correlation_id": "5700f15a-69d2-4ca2-b0c0-d46677b39f74", "operation": "instance_read", "outcome": "allowed", "principal": "user:c1-dev.710d299c-4393-4f32-b84c-e6c81c8382ad", "reason": "", "target": "m03_aee17cb0b2b743a68ca22d83a41202a2"}
{"correlation_id": "d6e31f47-e1b8-40f5-a22a-df273834e7f2", "operation": "changeset_create", "outcome": "allowed", "principal": "user:c1-dev.710d299c-4393-4f32-b84c-e6c81c8382ad", "reason": "", "target": "urn:c1:instance:dev:changeset-a790f14a15ea4be98fd418886da40251"}
{"correlation_id": "1fb2b91f-3eb6-4071-811e-4806fa5aefea", "operation": "changeset_read", "outcome": "allowed", "principal": "user:c1-dev.710d299c-4393-4f32-b84c-e6c81c8382ad", "reason": "", "target": "urn:c1:instance:dev:changeset-a790f14a15ea4be98fd418886da40251"}
{"correlation_id": "c6e9586c-4ba0-4126-b505-e35e504022fa", "operation": "changeset_submit", "outcome": "allowed", "principal": "user:c1-dev.710d299c-4393-4f32-b84c-e6c81c8382ad", "reason": "", "target": "urn:c1:instance:dev:changeset-a790f14a15ea4be98fd418886da40251"}
{"correlation_id": "e2f27af7-d09a-462d-b563-bc27c8d700d9", "operation": "changeset_approve", "outcome": "allowed", "principal": "user:c1-dev.2c8d560f-a67a-4801-8621-e597415decd4", "reason": "", "target": "urn:c1:instance:dev:changeset-a790f14a15ea4be98fd418886da40251"}
{"correlation_id": "b0d5ec20-5b76-45fc-822c-0ec14c3a4c4b", "operation": "changeset_apply", "outcome": "allowed", "principal": "user:c1-dev.2c8d560f-a67a-4801-8621-e597415decd4", "reason": "", "target": "urn:c1:instance:dev:changeset-a790f14a15ea4be98fd418886da40251"}
{"correlation_id": "b36680cf-23de-4f32-b356-7b0cc4205fdb", "operation": "instance_read", "outcome": "allowed", "principal": "user:c1-dev.2c8d560f-a67a-4801-8621-e597415decd4", "reason": "", "target": "m03_aee17cb0b2b743a68ca22d83a41202a2"}
{"correlation_id": "d63b468d-36dc-4a50-bed2-fbca0c5e8c08", "operation": "resource_read", "outcome": "denied", "principal": "user:c1-dev.710d299c-4393-4f32-b84c-e6c81c8382ad", "reason": "not_found", "target": ""}
{"correlation_id": "51622006-4d87-4481-8333-3ac30a4af822", "operation": "resource_read", "outcome": "denied", "principal": "user:c1-dev.710d299c-4393-4f32-b84c-e6c81c8382ad", "reason": "not_found", "target": ""}
{"correlation_id": "9306c9eb-38b0-4886-9013-dac34b27bf70", "operation": "instance_read", "outcome": "allowed", "principal": "user:c1-dev.710d299c-4393-4f32-b84c-e6c81c8382ad", "reason": "", "target": "m03_aee17cb0b2b743a68ca22d83a41202a2"}
{"correlation_id": "ca168c80-4941-43a3-8097-5d1ea475c981", "operation": "changeset_create", "outcome": "allowed", "principal": "user:c1-dev.710d299c-4393-4f32-b84c-e6c81c8382ad", "reason": "", "target": "urn:c1:instance:dev:changeset-f8b123def9ce4630bef0d6479c14f5b0"}
{"correlation_id": "b160c463-6105-482d-94ab-ba3ca91d92c4", "operation": "changeset_read", "outcome": "allowed", "principal": "user:c1-dev.710d299c-4393-4f32-b84c-e6c81c8382ad", "reason": "", "target": "urn:c1:instance:dev:changeset-f8b123def9ce4630bef0d6479c14f5b0"}
{"correlation_id": "fd6491bc-1d4d-482b-b094-4298524dd96b", "operation": "changeset_submit", "outcome": "allowed", "principal": "user:c1-dev.710d299c-4393-4f32-b84c-e6c81c8382ad", "reason": "", "target": "urn:c1:instance:dev:changeset-f8b123def9ce4630bef0d6479c14f5b0"}
{"correlation_id": "b072f6f2-3375-4e71-8f14-25fcfdd959c4", "operation": "changeset_approve", "outcome": "allowed", "principal": "user:c1-dev.2c8d560f-a67a-4801-8621-e597415decd4", "reason": "", "target": "urn:c1:instance:dev:changeset-f8b123def9ce4630bef0d6479c14f5b0"}
{"correlation_id": "36f03e5a-6123-438d-b850-b7fb570a7fa5", "operation": "changeset_apply", "outcome": "allowed", "principal": "user:c1-dev.2c8d560f-a67a-4801-8621-e597415decd4", "reason": "", "target": "urn:c1:instance:dev:changeset-f8b123def9ce4630bef0d6479c14f5b0"}
{"correlation_id": "12c592b4-0033-4bc3-acc4-cea60a908eba", "operation": "instance_read", "outcome": "allowed", "principal": "user:c1-dev.2c8d560f-a67a-4801-8621-e597415decd4", "reason": "", "target": "m03_aee17cb0b2b743a68ca22d83a41202a2"}
{"correlation_id": "edbb2106-28d8-44d6-b3a3-bc29aea29952", "operation": "resource_read", "outcome": "denied", "principal": "user:c1-dev.710d299c-4393-4f32-b84c-e6c81c8382ad", "reason": "not_found", "target": ""}
{"correlation_id": "69121057-a2e4-413c-98dc-05e4a2045dfe", "operation": "resource_read", "outcome": "denied", "principal": "user:c1-dev.710d299c-4393-4f32-b84c-e6c81c8382ad", "reason": "not_found", "target": ""}
{"correlation_id": "b8007012-14ec-458d-926f-306f0866abb3", "operation": "instance_read", "outcome": "allowed", "principal": "user:c1-dev.710d299c-4393-4f32-b84c-e6c81c8382ad", "reason": "", "target": "m03_aee17cb0b2b743a68ca22d83a41202a2"}
{"correlation_id": "16f12bee-e12f-4595-a760-ce81726f0224", "operation": "changeset_create", "outcome": "allowed", "principal": "user:c1-dev.710d299c-4393-4f32-b84c-e6c81c8382ad", "reason": "", "target": "urn:c1:instance:dev:changeset-dfbeac323434480ea63e1653406dac89"}
{"correlation_id": "0b24448c-db91-4c5e-a44a-6c5942fe34a1", "operation": "changeset_read", "outcome": "allowed", "principal": "user:c1-dev.710d299c-4393-4f32-b84c-e6c81c8382ad", "reason": "", "target": "urn:c1:instance:dev:changeset-dfbeac323434480ea63e1653406dac89"}
{"correlation_id": "e1fed117-d58c-449d-b56f-222ca408ea4c", "operation": "changeset_submit", "outcome": "allowed", "principal": "user:c1-dev.710d299c-4393-4f32-b84c-e6c81c8382ad", "reason": "", "target": "urn:c1:instance:dev:changeset-dfbeac323434480ea63e1653406dac89"}
{"correlation_id": "4044e1a0-2d66-420e-b05c-54a8b0531d7e", "operation": "changeset_approve", "outcome": "allowed", "principal": "user:c1-dev.2c8d560f-a67a-4801-8621-e597415decd4", "reason": "", "target": "urn:c1:instance:dev:changeset-dfbeac323434480ea63e1653406dac89"}
{"correlation_id": "d611a034-0e0d-4f14-b5e4-a4eeb540c051", "operation": "changeset_apply", "outcome": "allowed", "principal": "user:c1-dev.2c8d560f-a67a-4801-8621-e597415decd4", "reason": "", "target": "urn:c1:instance:dev:changeset-dfbeac323434480ea63e1653406dac89"}
{"correlation_id": "6d11ce4d-b32a-477c-8a47-ae331007a93d", "operation": "instance_read", "outcome": "allowed", "principal": "user:c1-dev.2c8d560f-a67a-4801-8621-e597415decd4", "reason": "", "target": "m03_aee17cb0b2b743a68ca22d83a41202a2"}
{"correlation_id": "7ca664f2-8951-422a-b9b1-de36394d2677", "operation": "resource_read", "outcome": "denied", "principal": "user:c1-dev.710d299c-4393-4f32-b84c-e6c81c8382ad", "reason": "not_found", "target": ""}
{"correlation_id": "b1f7aa50-c6e0-4c45-8e17-04cd6b8142c5", "operation": "resource_read", "outcome": "denied", "principal": "user:c1-dev.710d299c-4393-4f32-b84c-e6c81c8382ad", "reason": "not_found", "target": ""}
{"correlation_id": "ea82db9d-3c4d-471f-9db6-39cc19fc945c", "operation": "instance_read", "outcome": "allowed", "principal": "user:c1-dev.710d299c-4393-4f32-b84c-e6c81c8382ad", "reason": "", "target": "m03_aee17cb0b2b743a68ca22d83a41202a2"}
{"correlation_id": "79c68adf-809c-432d-a19b-e1473acff958", "operation": "changeset_create", "outcome": "allowed", "principal": "user:c1-dev.710d299c-4393-4f32-b84c-e6c81c8382ad", "reason": "", "target": "urn:c1:instance:dev:changeset-2c5fc7f8414045e1980de422a067250e"}
{"correlation_id": "07a9b8f5-bf75-4e6a-b1f0-fc01230c9158", "operation": "changeset_read", "outcome": "allowed", "principal": "user:c1-dev.710d299c-4393-4f32-b84c-e6c81c8382ad", "reason": "", "target": "urn:c1:instance:dev:changeset-2c5fc7f8414045e1980de422a067250e"}
{"correlation_id": "f3570fb5-a8e5-4d05-8166-ec6aee0c82cc", "operation": "changeset_submit", "outcome": "allowed", "principal": "user:c1-dev.710d299c-4393-4f32-b84c-e6c81c8382ad", "reason": "", "target": "urn:c1:instance:dev:changeset-2c5fc7f8414045e1980de422a067250e"}
{"correlation_id": "9d2493cd-f4f0-45ef-b6dd-c8b457c1508f", "operation": "changeset_approve", "outcome": "allowed", "principal": "user:c1-dev.2c8d560f-a67a-4801-8621-e597415decd4", "reason": "", "target": "urn:c1:instance:dev:changeset-2c5fc7f8414045e1980de422a067250e"}
{"correlation_id": "d969a391-f300-4ae8-bf1a-918368cf0fac", "operation": "changeset_apply", "outcome": "allowed", "principal": "user:c1-dev.2c8d560f-a67a-4801-8621-e597415decd4", "reason": "", "target": "urn:c1:instance:dev:changeset-2c5fc7f8414045e1980de422a067250e"}
{"correlation_id": "001fda4a-e578-467c-976c-e13518b9d578", "operation": "instance_read", "outcome": "allowed", "principal": "user:c1-dev.2c8d560f-a67a-4801-8621-e597415decd4", "reason": "", "target": "m03_aee17cb0b2b743a68ca22d83a41202a2"}
{"correlation_id": "d86a22c6-9474-4b84-a63b-18a54ca60e64", "operation": "resource_read", "outcome": "denied", "principal": "user:c1-dev.710d299c-4393-4f32-b84c-e6c81c8382ad", "reason": "not_found", "target": ""}
{"correlation_id": "faa757ce-3a2c-4488-8433-bb3cf5ffe8d4", "operation": "resource_read", "outcome": "denied", "principal": "user:c1-dev.710d299c-4393-4f32-b84c-e6c81c8382ad", "reason": "not_found", "target": ""}
{"correlation_id": "ace7b906-1aa4-4d9d-b0a8-24295e43407a", "operation": "instance_read", "outcome": "allowed", "principal": "user:c1-dev.710d299c-4393-4f32-b84c-e6c81c8382ad", "reason": "", "target": "m03_aee17cb0b2b743a68ca22d83a41202a2"}
{"correlation_id": "f817a131-9faa-4a8a-84c8-96bc4f7e293d", "operation": "changeset_create", "outcome": "allowed", "principal": "user:c1-dev.710d299c-4393-4f32-b84c-e6c81c8382ad", "reason": "", "target": "urn:c1:instance:dev:changeset-7b37ecc7c95c4f6b839b22264fb44a81"}
{"correlation_id": "fa9a944a-136e-405d-b3b9-6d36778b34a2", "operation": "changeset_read", "outcome": "allowed", "principal": "user:c1-dev.710d299c-4393-4f32-b84c-e6c81c8382ad", "reason": "", "target": "urn:c1:instance:dev:changeset-7b37ecc7c95c4f6b839b22264fb44a81"}
{"correlation_id": "4302f413-2a34-4b5c-958c-1467e6c073c5", "operation": "changeset_submit", "outcome": "allowed", "principal": "user:c1-dev.710d299c-4393-4f32-b84c-e6c81c8382ad", "reason": "", "target": "urn:c1:instance:dev:changeset-7b37ecc7c95c4f6b839b22264fb44a81"}
{"correlation_id": "ea39094c-3bdc-4ea6-bc71-16b69b864e19", "operation": "changeset_approve", "outcome": "allowed", "principal": "user:c1-dev.2c8d560f-a67a-4801-8621-e597415decd4", "reason": "", "target": "urn:c1:instance:dev:changeset-7b37ecc7c95c4f6b839b22264fb44a81"}
{"correlation_id": "e218a189-b2d0-4384-a7e2-e1be56820400", "operation": "changeset_apply", "outcome": "allowed", "principal": "user:c1-dev.2c8d560f-a67a-4801-8621-e597415decd4", "reason": "", "target": "urn:c1:instance:dev:changeset-7b37ecc7c95c4f6b839b22264fb44a81"}
{"correlation_id": "4da7294e-f760-4f6a-a1d5-db44210b4ce9", "operation": "instance_read", "outcome": "allowed", "principal": "user:c1-dev.2c8d560f-a67a-4801-8621-e597415decd4", "reason": "", "target": "m03_aee17cb0b2b743a68ca22d83a41202a2"}
{"correlation_id": "7a6a6557-4f09-4478-982f-c29bc37e3d11", "operation": "resource_read", "outcome": "denied", "principal": "user:c1-dev.710d299c-4393-4f32-b84c-e6c81c8382ad", "reason": "not_found", "target": ""}
{"correlation_id": "aaa21f36-dc51-482c-82f8-0982142de29e", "operation": "resource_read", "outcome": "denied", "principal": "user:c1-dev.710d299c-4393-4f32-b84c-e6c81c8382ad", "reason": "not_found", "target": ""}
{"correlation_id": "97252e60-139f-4519-87ac-1f3b19dfae79", "operation": "instance_read", "outcome": "allowed", "principal": "user:c1-dev.710d299c-4393-4f32-b84c-e6c81c8382ad", "reason": "", "target": "m03_aee17cb0b2b743a68ca22d83a41202a2"}
{"correlation_id": "d01eaa98-4c9e-452c-b44b-f5158eb2bdd2", "operation": "changeset_create", "outcome": "allowed", "principal": "user:c1-dev.710d299c-4393-4f32-b84c-e6c81c8382ad", "reason": "", "target": "urn:c1:instance:dev:changeset-b5e0e1e8a8af4b55b52afa35bdb9ba93"}
{"correlation_id": "d789fcba-f4e7-41da-84fa-85b6d0fd99be", "operation": "changeset_read", "outcome": "allowed", "principal": "user:c1-dev.710d299c-4393-4f32-b84c-e6c81c8382ad", "reason": "", "target": "urn:c1:instance:dev:changeset-b5e0e1e8a8af4b55b52afa35bdb9ba93"}
{"correlation_id": "c74b5fad-44c3-4760-80cc-608664345206", "operation": "changeset_submit", "outcome": "allowed", "principal": "user:c1-dev.710d299c-4393-4f32-b84c-e6c81c8382ad", "reason": "", "target": "urn:c1:instance:dev:changeset-b5e0e1e8a8af4b55b52afa35bdb9ba93"}
{"correlation_id": "16bd3463-ca73-4f00-b3f7-bfb83312ccbf", "operation": "changeset_approve", "outcome": "allowed", "principal": "user:c1-dev.2c8d560f-a67a-4801-8621-e597415decd4", "reason": "", "target": "urn:c1:instance:dev:changeset-b5e0e1e8a8af4b55b52afa35bdb9ba93"}
{"correlation_id": "6d167810-86c1-424f-b8ba-0f4127ddcd8b", "operation": "changeset_apply", "outcome": "allowed", "principal": "user:c1-dev.2c8d560f-a67a-4801-8621-e597415decd4", "reason": "", "target": "urn:c1:instance:dev:changeset-b5e0e1e8a8af4b55b52afa35bdb9ba93"}
{"correlation_id": "0e0c5b66-d108-483a-9320-7c8a0edf027e", "operation": "instance_read", "outcome": "allowed", "principal": "user:c1-dev.2c8d560f-a67a-4801-8621-e597415decd4", "reason": "", "target": "m03_aee17cb0b2b743a68ca22d83a41202a2"}
{"correlation_id": "db09581a-b139-453a-ad0c-4761f077b9f1", "operation": "resource_read", "outcome": "denied", "principal": "user:c1-dev.710d299c-4393-4f32-b84c-e6c81c8382ad", "reason": "not_found", "target": ""}
{"correlation_id": "2cf70ea8-8d86-49f4-ac54-cef1bec19691", "operation": "instance_read", "outcome": "allowed", "principal": "user:c1-dev.710d299c-4393-4f32-b84c-e6c81c8382ad", "reason": "", "target": "m03_aee17cb0b2b743a68ca22d83a41202a2"}
{"correlation_id": "d9e594f8-92b8-4a9e-8b46-aaf8c82b6b10", "operation": "changeset_create", "outcome": "allowed", "principal": "user:c1-dev.710d299c-4393-4f32-b84c-e6c81c8382ad", "reason": "", "target": "urn:c1:instance:dev:changeset-4afbb7dfbacb45169b921809b805110d"}
{"correlation_id": "a11092b8-846d-4bd1-bba0-e021f0d76fc2", "operation": "changeset_read", "outcome": "allowed", "principal": "user:c1-dev.710d299c-4393-4f32-b84c-e6c81c8382ad", "reason": "", "target": "urn:c1:instance:dev:changeset-4afbb7dfbacb45169b921809b805110d"}
{"correlation_id": "0c836d69-6ba7-4866-81c2-e76fc515d5ad", "operation": "changeset_submit", "outcome": "allowed", "principal": "user:c1-dev.710d299c-4393-4f32-b84c-e6c81c8382ad", "reason": "", "target": "urn:c1:instance:dev:changeset-4afbb7dfbacb45169b921809b805110d"}
{"correlation_id": "e5887410-d9fc-4d0a-a04e-8292baed3f4b", "operation": "changeset_approve", "outcome": "allowed", "principal": "user:c1-dev.2c8d560f-a67a-4801-8621-e597415decd4", "reason": "", "target": "urn:c1:instance:dev:changeset-4afbb7dfbacb45169b921809b805110d"}
{"correlation_id": "eb33bcc9-f06d-4271-a910-3dae215514f4", "operation": "changeset_apply", "outcome": "allowed", "principal": "user:c1-dev.2c8d560f-a67a-4801-8621-e597415decd4", "reason": "", "target": "urn:c1:instance:dev:changeset-4afbb7dfbacb45169b921809b805110d"}
{"correlation_id": "b402c930-21ad-44be-976e-103bb6195b09", "operation": "instance_read", "outcome": "allowed", "principal": "user:c1-dev.2c8d560f-a67a-4801-8621-e597415decd4", "reason": "", "target": "m03_aee17cb0b2b743a68ca22d83a41202a2"}
{"correlation_id": "6e9621d3-74ec-4a93-ba8f-33d8f4700f77", "operation": "resource_read", "outcome": "denied", "principal": "user:c1-dev.710d299c-4393-4f32-b84c-e6c81c8382ad", "reason": "not_found", "target": ""}
{"correlation_id": "b0d4303f-0544-4ad6-9054-02dbfdefbc6b", "operation": "resource_read", "outcome": "denied", "principal": "user:c1-dev.710d299c-4393-4f32-b84c-e6c81c8382ad", "reason": "not_found", "target": ""}
{"correlation_id": "439d037f-0c13-4e6a-9f0b-f0ed37130628", "operation": "instance_read", "outcome": "allowed", "principal": "user:c1-dev.710d299c-4393-4f32-b84c-e6c81c8382ad", "reason": "", "target": "m03_aee17cb0b2b743a68ca22d83a41202a2"}
{"correlation_id": "4240c9f4-bf58-4077-9b7a-ddc58e54244b", "operation": "changeset_create", "outcome": "allowed", "principal": "user:c1-dev.710d299c-4393-4f32-b84c-e6c81c8382ad", "reason": "", "target": "urn:c1:instance:dev:changeset-f4fb133d0f354a1fbe8a3dc1a76ac91d"}
{"correlation_id": "4ffe5b59-f0df-4a16-850a-b67570b22e4e", "operation": "changeset_read", "outcome": "allowed", "principal": "user:c1-dev.710d299c-4393-4f32-b84c-e6c81c8382ad", "reason": "", "target": "urn:c1:instance:dev:changeset-f4fb133d0f354a1fbe8a3dc1a76ac91d"}
{"correlation_id": "a8c0dadf-39e0-4f2a-bb00-0223faa36ea8", "operation": "changeset_submit", "outcome": "allowed", "principal": "user:c1-dev.710d299c-4393-4f32-b84c-e6c81c8382ad", "reason": "", "target": "urn:c1:instance:dev:changeset-f4fb133d0f354a1fbe8a3dc1a76ac91d"}
{"correlation_id": "93dd851c-4db0-48c3-99cd-2f853445ca6e", "operation": "changeset_approve", "outcome": "allowed", "principal": "user:c1-dev.2c8d560f-a67a-4801-8621-e597415decd4", "reason": "", "target": "urn:c1:instance:dev:changeset-f4fb133d0f354a1fbe8a3dc1a76ac91d"}
{"correlation_id": "8dd914a7-ad6f-448d-89f0-92527e278e75", "operation": "changeset_apply", "outcome": "allowed", "principal": "user:c1-dev.2c8d560f-a67a-4801-8621-e597415decd4", "reason": "", "target": "urn:c1:instance:dev:changeset-f4fb133d0f354a1fbe8a3dc1a76ac91d"}
{"correlation_id": "ea617b2a-d783-48bf-b358-f2cebb3308c5", "operation": "instance_read", "outcome": "allowed", "principal": "user:c1-dev.2c8d560f-a67a-4801-8621-e597415decd4", "reason": "", "target": "m03_aee17cb0b2b743a68ca22d83a41202a2"}
{"correlation_id": "d73dd717-72ac-4d29-952a-3e5d4b1be138", "operation": "resource_read", "outcome": "denied", "principal": "user:c1-dev.710d299c-4393-4f32-b84c-e6c81c8382ad", "reason": "not_found", "target": ""}
{"correlation_id": "f0a09386-97ef-49cf-82ed-04a222960616", "operation": "resource_read", "outcome": "denied", "principal": "user:c1-dev.710d299c-4393-4f32-b84c-e6c81c8382ad", "reason": "not_found", "target": ""}
{"correlation_id": "1f1a3768-63d3-490b-bd58-2524a61893d7", "operation": "instance_read", "outcome": "allowed", "principal": "user:c1-dev.710d299c-4393-4f32-b84c-e6c81c8382ad", "reason": "", "target": "m03_aee17cb0b2b743a68ca22d83a41202a2"}
{"correlation_id": "b650b195-f147-44de-85da-3b054df08a88", "operation": "changeset_create", "outcome": "allowed", "principal": "user:c1-dev.710d299c-4393-4f32-b84c-e6c81c8382ad", "reason": "", "target": "urn:c1:instance:dev:changeset-424e61664f824e01b0b6fbf3bcbeec3f"}
{"correlation_id": "01352dc6-230e-4330-8d0f-5501e98a9ede", "operation": "changeset_read", "outcome": "allowed", "principal": "user:c1-dev.710d299c-4393-4f32-b84c-e6c81c8382ad", "reason": "", "target": "urn:c1:instance:dev:changeset-424e61664f824e01b0b6fbf3bcbeec3f"}
{"correlation_id": "51b8ff74-1c36-45d8-bff2-c95d5e18cb0b", "operation": "changeset_submit", "outcome": "allowed", "principal": "user:c1-dev.710d299c-4393-4f32-b84c-e6c81c8382ad", "reason": "", "target": "urn:c1:instance:dev:changeset-424e61664f824e01b0b6fbf3bcbeec3f"}
{"correlation_id": "de70c0df-171e-4f11-bb3b-d7f714209aa1", "operation": "changeset_approve", "outcome": "allowed", "principal": "user:c1-dev.2c8d560f-a67a-4801-8621-e597415decd4", "reason": "", "target": "urn:c1:instance:dev:changeset-424e61664f824e01b0b6fbf3bcbeec3f"}
{"correlation_id": "401a3de7-69f9-4994-a76e-feb52d072c23", "operation": "changeset_apply", "outcome": "allowed", "principal": "user:c1-dev.2c8d560f-a67a-4801-8621-e597415decd4", "reason": "", "target": "urn:c1:instance:dev:changeset-424e61664f824e01b0b6fbf3bcbeec3f"}
{"correlation_id": "6f1711a8-1e61-40c9-aab5-ffa103d5bde5", "operation": "instance_read", "outcome": "allowed", "principal": "user:c1-dev.2c8d560f-a67a-4801-8621-e597415decd4", "reason": "", "target": "m03_aee17cb0b2b743a68ca22d83a41202a2"}
{"correlation_id": "302f15d5-5082-4c42-809f-27250c1a9887", "operation": "resource_read", "outcome": "denied", "principal": "user:c1-dev.710d299c-4393-4f32-b84c-e6c81c8382ad", "reason": "not_found", "target": ""}
{"correlation_id": "24ad1afa-3172-4e08-913b-65e730097eba", "operation": "resource_read", "outcome": "denied", "principal": "user:c1-dev.710d299c-4393-4f32-b84c-e6c81c8382ad", "reason": "not_found", "target": ""}
{"correlation_id": "57106ebd-5358-4f7a-815b-4bbc8b9248ca", "operation": "instance_read", "outcome": "allowed", "principal": "user:c1-dev.710d299c-4393-4f32-b84c-e6c81c8382ad", "reason": "", "target": "m03_aee17cb0b2b743a68ca22d83a41202a2"}
{"correlation_id": "ca7c33a5-8c12-4ce3-b4fc-09d26a9fe9d7", "operation": "changeset_create", "outcome": "allowed", "principal": "user:c1-dev.710d299c-4393-4f32-b84c-e6c81c8382ad", "reason": "", "target": "urn:c1:instance:dev:changeset-68d1fa24c55442c583b476c0f7cd7fc1"}
{"correlation_id": "3a19f99b-f596-4bea-b5c0-97d2a09b8646", "operation": "changeset_read", "outcome": "allowed", "principal": "user:c1-dev.710d299c-4393-4f32-b84c-e6c81c8382ad", "reason": "", "target": "urn:c1:instance:dev:changeset-68d1fa24c55442c583b476c0f7cd7fc1"}
{"correlation_id": "8e91ea46-b83b-47bc-825c-dcb724011ad0", "operation": "changeset_submit", "outcome": "allowed", "principal": "user:c1-dev.710d299c-4393-4f32-b84c-e6c81c8382ad", "reason": "", "target": "urn:c1:instance:dev:changeset-68d1fa24c55442c583b476c0f7cd7fc1"}
{"correlation_id": "fc256e6c-4c00-428b-9213-ea06e19cf82a", "operation": "changeset_approve", "outcome": "allowed", "principal": "user:c1-dev.2c8d560f-a67a-4801-8621-e597415decd4", "reason": "", "target": "urn:c1:instance:dev:changeset-68d1fa24c55442c583b476c0f7cd7fc1"}
{"correlation_id": "6b34cfc0-8577-4110-aa4f-0155680f0fca", "operation": "changeset_apply", "outcome": "allowed", "principal": "user:c1-dev.2c8d560f-a67a-4801-8621-e597415decd4", "reason": "", "target": "urn:c1:instance:dev:changeset-68d1fa24c55442c583b476c0f7cd7fc1"}
{"correlation_id": "957e71f8-e878-49fc-b453-cef59cfd8968", "operation": "instance_read", "outcome": "allowed", "principal": "user:c1-dev.2c8d560f-a67a-4801-8621-e597415decd4", "reason": "", "target": "m03_aee17cb0b2b743a68ca22d83a41202a2"}
{"correlation_id": "d2f490e9-254a-4c1a-bf99-5ecabcb74faf", "operation": "resource_read", "outcome": "denied", "principal": "user:c1-dev.710d299c-4393-4f32-b84c-e6c81c8382ad", "reason": "not_found", "target": ""}
{"correlation_id": "64586209-589f-4589-a073-a611cbd08165", "operation": "resource_read", "outcome": "denied", "principal": "user:c1-dev.710d299c-4393-4f32-b84c-e6c81c8382ad", "reason": "not_found", "target": ""}
{"correlation_id": "df17b510-567d-41ce-97fa-d7a43ed1c18a", "operation": "instance_read", "outcome": "allowed", "principal": "user:c1-dev.710d299c-4393-4f32-b84c-e6c81c8382ad", "reason": "", "target": "m03_aee17cb0b2b743a68ca22d83a41202a2"}
{"correlation_id": "33caaa50-513c-446f-871a-1c3250878b40", "operation": "changeset_create", "outcome": "allowed", "principal": "user:c1-dev.710d299c-4393-4f32-b84c-e6c81c8382ad", "reason": "", "target": "urn:c1:instance:dev:changeset-ef38c573b5714a01bd139e32302e332d"}
{"correlation_id": "fa344bbe-6a17-4472-8d62-a0e0ad1ecb50", "operation": "changeset_read", "outcome": "allowed", "principal": "user:c1-dev.710d299c-4393-4f32-b84c-e6c81c8382ad", "reason": "", "target": "urn:c1:instance:dev:changeset-ef38c573b5714a01bd139e32302e332d"}
{"correlation_id": "ea62454b-f5c8-43be-acd6-ef310ae9bd1e", "operation": "changeset_submit", "outcome": "allowed", "principal": "user:c1-dev.710d299c-4393-4f32-b84c-e6c81c8382ad", "reason": "", "target": "urn:c1:instance:dev:changeset-ef38c573b5714a01bd139e32302e332d"}
{"correlation_id": "0e269892-435e-4362-b66d-883f4503ecc3", "operation": "changeset_approve", "outcome": "allowed", "principal": "user:c1-dev.2c8d560f-a67a-4801-8621-e597415decd4", "reason": "", "target": "urn:c1:instance:dev:changeset-ef38c573b5714a01bd139e32302e332d"}
{"correlation_id": "266d114c-5b19-4e4a-a29e-0a2dde83a4eb", "operation": "changeset_apply", "outcome": "allowed", "principal": "user:c1-dev.2c8d560f-a67a-4801-8621-e597415decd4", "reason": "", "target": "urn:c1:instance:dev:changeset-ef38c573b5714a01bd139e32302e332d"}
{"correlation_id": "a8f28600-d537-4574-98f0-df5607b1de4a", "operation": "instance_read", "outcome": "allowed", "principal": "user:c1-dev.2c8d560f-a67a-4801-8621-e597415decd4", "reason": "", "target": "m03_aee17cb0b2b743a68ca22d83a41202a2"}
{"correlation_id": "d0b7852e-c6b8-4d6e-8398-0bb183e07531", "operation": "resource_read", "outcome": "denied", "principal": "user:c1-dev.f801298f-f193-4438-bc87-81ed549308ed", "reason": "not_found", "target": ""}
{"correlation_id": "94f94f2c-0b3b-4c22-8e6a-6843d33928fe", "operation": "resource_read", "outcome": "denied", "principal": "user:c1-dev.f801298f-f193-4438-bc87-81ed549308ed", "reason": "not_found", "target": ""}
{"correlation_id": "084b9c1e-98df-4d18-b1d9-f6e334e3a7fa", "operation": "instance_read", "outcome": "allowed", "principal": "user:c1-dev.f801298f-f193-4438-bc87-81ed549308ed", "reason": "", "target": "m03_aee17cb0b2b743a68ca22d83a41202a2"}
{"correlation_id": "edfc9817-83de-4bd1-96ac-5753018fcfe0", "operation": "changeset_create", "outcome": "allowed", "principal": "user:c1-dev.f801298f-f193-4438-bc87-81ed549308ed", "reason": "", "target": "urn:c1:instance:dev:changeset-0e47f48443894734a3619cc72c860276"}
{"correlation_id": "e0f995ca-1fdc-4ad2-9121-bf97fe08e480", "operation": "changeset_read", "outcome": "allowed", "principal": "user:c1-dev.f801298f-f193-4438-bc87-81ed549308ed", "reason": "", "target": "urn:c1:instance:dev:changeset-0e47f48443894734a3619cc72c860276"}
{"correlation_id": "a6bbeaeb-b14f-4e36-a88f-539ecaa73bca", "operation": "changeset_submit", "outcome": "allowed", "principal": "user:c1-dev.f801298f-f193-4438-bc87-81ed549308ed", "reason": "", "target": "urn:c1:instance:dev:changeset-0e47f48443894734a3619cc72c860276"}
{"correlation_id": "85a15614-cd08-4400-bf5b-0d7f2aecb4b7", "operation": "changeset_approve", "outcome": "allowed", "principal": "user:c1-dev.2c8d560f-a67a-4801-8621-e597415decd4", "reason": "", "target": "urn:c1:instance:dev:changeset-0e47f48443894734a3619cc72c860276"}
{"correlation_id": "49812797-73ca-446f-9b77-ee044b9ee847", "operation": "changeset_apply", "outcome": "allowed", "principal": "user:c1-dev.2c8d560f-a67a-4801-8621-e597415decd4", "reason": "", "target": "urn:c1:instance:dev:changeset-0e47f48443894734a3619cc72c860276"}
{"correlation_id": "a1d3801d-3956-46db-b25a-db7b754f2897", "operation": "instance_read", "outcome": "allowed", "principal": "user:c1-dev.2c8d560f-a67a-4801-8621-e597415decd4", "reason": "", "target": "m03_aee17cb0b2b743a68ca22d83a41202a2"}
{"correlation_id": "2b892cb2-b4d2-4e47-b89b-ab089ba7b6ea", "operation": "resource_read", "outcome": "denied", "principal": "user:c1-dev.f801298f-f193-4438-bc87-81ed549308ed", "reason": "not_found", "target": ""}
{"correlation_id": "74436250-54e5-4cfc-a665-408770b0fc11", "operation": "resource_read", "outcome": "denied", "principal": "user:c1-dev.f801298f-f193-4438-bc87-81ed549308ed", "reason": "not_found", "target": ""}
{"correlation_id": "e463898c-af3b-4e61-9147-f49f1ed0ac78", "operation": "instance_read", "outcome": "allowed", "principal": "user:c1-dev.f801298f-f193-4438-bc87-81ed549308ed", "reason": "", "target": "m03_aee17cb0b2b743a68ca22d83a41202a2"}
{"correlation_id": "30c93972-829b-4049-9ac8-738bc532c12e", "operation": "changeset_create", "outcome": "allowed", "principal": "user:c1-dev.f801298f-f193-4438-bc87-81ed549308ed", "reason": "", "target": "urn:c1:instance:dev:changeset-72de94f5ebfc4cd382737a019196f325"}
{"correlation_id": "1c5b886a-a179-4f17-932b-0c61e97c0faa", "operation": "changeset_read", "outcome": "allowed", "principal": "user:c1-dev.f801298f-f193-4438-bc87-81ed549308ed", "reason": "", "target": "urn:c1:instance:dev:changeset-72de94f5ebfc4cd382737a019196f325"}
{"correlation_id": "655209b7-570b-4b05-9b5f-9e767834b4a8", "operation": "changeset_submit", "outcome": "allowed", "principal": "user:c1-dev.f801298f-f193-4438-bc87-81ed549308ed", "reason": "", "target": "urn:c1:instance:dev:changeset-72de94f5ebfc4cd382737a019196f325"}
{"correlation_id": "a40f9aea-80e1-445a-ae69-6e2cf3ca2502", "operation": "changeset_approve", "outcome": "allowed", "principal": "user:c1-dev.2c8d560f-a67a-4801-8621-e597415decd4", "reason": "", "target": "urn:c1:instance:dev:changeset-72de94f5ebfc4cd382737a019196f325"}
{"correlation_id": "aae4722d-5dc5-4b51-919b-0a685a6f9a84", "operation": "changeset_apply", "outcome": "allowed", "principal": "user:c1-dev.2c8d560f-a67a-4801-8621-e597415decd4", "reason": "", "target": "urn:c1:instance:dev:changeset-72de94f5ebfc4cd382737a019196f325"}
{"correlation_id": "ee9ef912-38a4-4e09-8081-893565c21663", "operation": "instance_read", "outcome": "allowed", "principal": "user:c1-dev.2c8d560f-a67a-4801-8621-e597415decd4", "reason": "", "target": "m03_aee17cb0b2b743a68ca22d83a41202a2"}
{"correlation_id": "8862f737-5ca8-4640-bfc6-2b0fc4ca5f97", "operation": "resource_read", "outcome": "denied", "principal": "user:c1-dev.f801298f-f193-4438-bc87-81ed549308ed", "reason": "not_found", "target": ""}
{"correlation_id": "29331f28-5302-473d-aa90-38ec30dd8d04", "operation": "instance_read", "outcome": "allowed", "principal": "user:c1-dev.f801298f-f193-4438-bc87-81ed549308ed", "reason": "", "target": "m03_aee17cb0b2b743a68ca22d83a41202a2"}
{"correlation_id": "cc16acd0-b16d-4870-bd18-b91e1fb0d98c", "operation": "changeset_create", "outcome": "allowed", "principal": "user:c1-dev.f801298f-f193-4438-bc87-81ed549308ed", "reason": "", "target": "urn:c1:instance:dev:changeset-8a3d88e6aebe43fc8c72566c5b38f5b6"}
{"correlation_id": "b6d4d949-34a0-4b06-af2b-d4fb2c408132", "operation": "changeset_read", "outcome": "allowed", "principal": "user:c1-dev.f801298f-f193-4438-bc87-81ed549308ed", "reason": "", "target": "urn:c1:instance:dev:changeset-8a3d88e6aebe43fc8c72566c5b38f5b6"}
{"correlation_id": "33ded0be-6b2c-415b-8a2f-b78d9b2a373b", "operation": "changeset_submit", "outcome": "allowed", "principal": "user:c1-dev.f801298f-f193-4438-bc87-81ed549308ed", "reason": "", "target": "urn:c1:instance:dev:changeset-8a3d88e6aebe43fc8c72566c5b38f5b6"}
{"correlation_id": "1d3f264c-b7bb-4d09-9b1f-825c2774b4c7", "operation": "changeset_approve", "outcome": "allowed", "principal": "user:c1-dev.2c8d560f-a67a-4801-8621-e597415decd4", "reason": "", "target": "urn:c1:instance:dev:changeset-8a3d88e6aebe43fc8c72566c5b38f5b6"}
{"correlation_id": "2dd8c693-483b-4738-aca5-baebe66c5c44", "operation": "changeset_apply", "outcome": "allowed", "principal": "user:c1-dev.2c8d560f-a67a-4801-8621-e597415decd4", "reason": "", "target": "urn:c1:instance:dev:changeset-8a3d88e6aebe43fc8c72566c5b38f5b6"}
{"correlation_id": "c94f79aa-a869-463d-a56d-bc27de118c34", "operation": "instance_read", "outcome": "allowed", "principal": "user:c1-dev.2c8d560f-a67a-4801-8621-e597415decd4", "reason": "", "target": "m03_aee17cb0b2b743a68ca22d83a41202a2"}
{"correlation_id": "06fa2310-6135-4ecf-8855-09f7323806be", "operation": "resource_read", "outcome": "denied", "principal": "user:c1-dev.f801298f-f193-4438-bc87-81ed549308ed", "reason": "not_found", "target": ""}
{"correlation_id": "b473cc16-a3b7-438d-af88-62582e7f8276", "operation": "instance_read", "outcome": "allowed", "principal": "user:c1-dev.f801298f-f193-4438-bc87-81ed549308ed", "reason": "", "target": "m03_aee17cb0b2b743a68ca22d83a41202a2"}
{"correlation_id": "18f04754-f8cb-4b5f-ab4a-88d07deb2019", "operation": "changeset_create", "outcome": "allowed", "principal": "user:c1-dev.f801298f-f193-4438-bc87-81ed549308ed", "reason": "", "target": "urn:c1:instance:dev:changeset-c514fffb17e7409982117c13d2c6f57c"}
{"correlation_id": "9b9cf9f2-45da-4b9c-b6d6-3d1249ba19ef", "operation": "changeset_read", "outcome": "allowed", "principal": "user:c1-dev.f801298f-f193-4438-bc87-81ed549308ed", "reason": "", "target": "urn:c1:instance:dev:changeset-c514fffb17e7409982117c13d2c6f57c"}
{"correlation_id": "97f36e53-df32-4246-b0a1-ce295f1175b5", "operation": "changeset_submit", "outcome": "allowed", "principal": "user:c1-dev.f801298f-f193-4438-bc87-81ed549308ed", "reason": "", "target": "urn:c1:instance:dev:changeset-c514fffb17e7409982117c13d2c6f57c"}
{"correlation_id": "18cb5b1b-6ad5-46ad-b553-56fcb1c7826f", "operation": "changeset_approve", "outcome": "allowed", "principal": "user:c1-dev.2c8d560f-a67a-4801-8621-e597415decd4", "reason": "", "target": "urn:c1:instance:dev:changeset-c514fffb17e7409982117c13d2c6f57c"}
{"correlation_id": "c564333b-5513-4fa5-90b0-0fca2db0515c", "operation": "changeset_apply", "outcome": "allowed", "principal": "user:c1-dev.2c8d560f-a67a-4801-8621-e597415decd4", "reason": "", "target": "urn:c1:instance:dev:changeset-c514fffb17e7409982117c13d2c6f57c"}
{"correlation_id": "c4701cd2-f324-434a-a38f-28c1c3d047be", "operation": "instance_read", "outcome": "allowed", "principal": "user:c1-dev.2c8d560f-a67a-4801-8621-e597415decd4", "reason": "", "target": "m03_aee17cb0b2b743a68ca22d83a41202a2"}
{"correlation_id": "c96263d7-e77e-45cd-b517-c74d6f01070a", "operation": "resource_read", "outcome": "denied", "principal": "user:c1-dev.710d299c-4393-4f32-b84c-e6c81c8382ad", "reason": "not_found", "target": ""}
{"correlation_id": "81db3288-bb43-4462-b6fa-f7e14e107e00", "operation": "resource_read", "outcome": "denied", "principal": "user:c1-dev.710d299c-4393-4f32-b84c-e6c81c8382ad", "reason": "not_found", "target": ""}
{"correlation_id": "6136f96d-7060-4323-808d-4e865f446978", "operation": "instance_read", "outcome": "allowed", "principal": "user:c1-dev.710d299c-4393-4f32-b84c-e6c81c8382ad", "reason": "", "target": "m03_aee17cb0b2b743a68ca22d83a41202a2"}
{"correlation_id": "a7e4146f-4ee6-4dc8-9951-4ae85b6141fb", "operation": "changeset_create", "outcome": "allowed", "principal": "user:c1-dev.710d299c-4393-4f32-b84c-e6c81c8382ad", "reason": "", "target": "urn:c1:instance:dev:changeset-1254cd41f5de49bb9f9603a66fe4ad7d"}
{"correlation_id": "82bf390d-6c93-49ad-b90a-74bebc25c611", "operation": "changeset_read", "outcome": "allowed", "principal": "user:c1-dev.710d299c-4393-4f32-b84c-e6c81c8382ad", "reason": "", "target": "urn:c1:instance:dev:changeset-1254cd41f5de49bb9f9603a66fe4ad7d"}
{"correlation_id": "29e7249a-eb2e-409e-85f8-383e5bbe267a", "operation": "changeset_submit", "outcome": "allowed", "principal": "user:c1-dev.710d299c-4393-4f32-b84c-e6c81c8382ad", "reason": "", "target": "urn:c1:instance:dev:changeset-1254cd41f5de49bb9f9603a66fe4ad7d"}
{"correlation_id": "51139484-8aea-429b-9b21-2528b84f275c", "operation": "changeset_approve", "outcome": "allowed", "principal": "user:c1-dev.2c8d560f-a67a-4801-8621-e597415decd4", "reason": "", "target": "urn:c1:instance:dev:changeset-1254cd41f5de49bb9f9603a66fe4ad7d"}
{"correlation_id": "f39cfa6b-5028-4b10-b375-74d37d5cce3c", "operation": "changeset_apply", "outcome": "allowed", "principal": "user:c1-dev.2c8d560f-a67a-4801-8621-e597415decd4", "reason": "", "target": "urn:c1:instance:dev:changeset-1254cd41f5de49bb9f9603a66fe4ad7d"}
{"correlation_id": "04a42564-07c0-48f3-ba15-0dd1bcf859ee", "operation": "instance_read", "outcome": "allowed", "principal": "user:c1-dev.2c8d560f-a67a-4801-8621-e597415decd4", "reason": "", "target": "m03_aee17cb0b2b743a68ca22d83a41202a2"}
{"correlation_id": "3e45a2a9-97b3-43ba-9463-5e81649331bc", "operation": "resource_read", "outcome": "denied", "principal": "user:c1-dev.f801298f-f193-4438-bc87-81ed549308ed", "reason": "not_found", "target": ""}
{"correlation_id": "0dbf008b-ac6e-4ed8-818e-1b5376f8a46f", "operation": "resource_read", "outcome": "denied", "principal": "user:c1-dev.f801298f-f193-4438-bc87-81ed549308ed", "reason": "not_found", "target": ""}
{"correlation_id": "7c9026a2-1478-4dab-b6db-d9d9f3911e5f", "operation": "instance_read", "outcome": "allowed", "principal": "user:c1-dev.f801298f-f193-4438-bc87-81ed549308ed", "reason": "", "target": "m03_aee17cb0b2b743a68ca22d83a41202a2"}
{"correlation_id": "99bb12c9-6a3e-4b3a-ba68-90a8577751fe", "operation": "changeset_create", "outcome": "allowed", "principal": "user:c1-dev.f801298f-f193-4438-bc87-81ed549308ed", "reason": "", "target": "urn:c1:instance:dev:changeset-6837ff46ec5a4b01aea4869c4a64dd9c"}
{"correlation_id": "b09c0ac8-68ee-490f-a963-51f1350f11e1", "operation": "changeset_read", "outcome": "allowed", "principal": "user:c1-dev.f801298f-f193-4438-bc87-81ed549308ed", "reason": "", "target": "urn:c1:instance:dev:changeset-6837ff46ec5a4b01aea4869c4a64dd9c"}
{"correlation_id": "ef78a813-e184-4e92-b180-36e4c8692326", "operation": "changeset_submit", "outcome": "allowed", "principal": "user:c1-dev.f801298f-f193-4438-bc87-81ed549308ed", "reason": "", "target": "urn:c1:instance:dev:changeset-6837ff46ec5a4b01aea4869c4a64dd9c"}
{"correlation_id": "d42a4526-73f2-4be4-9a8f-17e3437ee2aa", "operation": "changeset_approve", "outcome": "allowed", "principal": "user:c1-dev.2c8d560f-a67a-4801-8621-e597415decd4", "reason": "", "target": "urn:c1:instance:dev:changeset-6837ff46ec5a4b01aea4869c4a64dd9c"}
{"correlation_id": "6d165518-31da-4bbf-b9fa-e1430d5e0cf3", "operation": "changeset_apply", "outcome": "allowed", "principal": "user:c1-dev.2c8d560f-a67a-4801-8621-e597415decd4", "reason": "", "target": "urn:c1:instance:dev:changeset-6837ff46ec5a4b01aea4869c4a64dd9c"}
{"correlation_id": "30ab4d24-3f3f-4272-9961-56c489657816", "operation": "instance_read", "outcome": "allowed", "principal": "user:c1-dev.2c8d560f-a67a-4801-8621-e597415decd4", "reason": "", "target": "m03_aee17cb0b2b743a68ca22d83a41202a2"}
{"correlation_id": "0e3c5687-1c26-45e6-8d67-c7e02bc3be9f", "operation": "resource_read", "outcome": "denied", "principal": "user:c1-dev.fbcf5049-980c-4ed4-8c8a-4f7137e8a927", "reason": "not_found", "target": ""}
{"correlation_id": "aa834e25-e983-45fb-80a7-92078c22e9f4", "operation": "instance_read", "outcome": "allowed", "principal": "user:c1-dev.fbcf5049-980c-4ed4-8c8a-4f7137e8a927", "reason": "", "target": "m03_aee17cb0b2b743a68ca22d83a41202a2"}
{"correlation_id": "7a229c68-159d-4d31-8f7f-97c36b84447f", "operation": "changeset_create", "outcome": "allowed", "principal": "user:c1-dev.fbcf5049-980c-4ed4-8c8a-4f7137e8a927", "reason": "", "target": "urn:c1:instance:dev:changeset-69a317f615f843c7b2d7a5909a281991"}
{"correlation_id": "b7cbefce-3329-4124-bbef-92681012ee07", "operation": "changeset_read", "outcome": "allowed", "principal": "user:c1-dev.fbcf5049-980c-4ed4-8c8a-4f7137e8a927", "reason": "", "target": "urn:c1:instance:dev:changeset-69a317f615f843c7b2d7a5909a281991"}
{"correlation_id": "253c8a43-42d3-41ad-b4e7-5ab410ff9afd", "operation": "changeset_submit", "outcome": "allowed", "principal": "user:c1-dev.fbcf5049-980c-4ed4-8c8a-4f7137e8a927", "reason": "", "target": "urn:c1:instance:dev:changeset-69a317f615f843c7b2d7a5909a281991"}
{"correlation_id": "768f4cca-57b0-40b2-a704-74d4fc09dc88", "operation": "changeset_approve", "outcome": "allowed", "principal": "user:c1-dev.2c8d560f-a67a-4801-8621-e597415decd4", "reason": "", "target": "urn:c1:instance:dev:changeset-69a317f615f843c7b2d7a5909a281991"}
{"correlation_id": "e96255b5-3733-4d12-b35f-57249e02d3b9", "operation": "changeset_apply", "outcome": "allowed", "principal": "user:c1-dev.2c8d560f-a67a-4801-8621-e597415decd4", "reason": "", "target": "urn:c1:instance:dev:changeset-69a317f615f843c7b2d7a5909a281991"}
{"correlation_id": "09dc4a2a-8ffe-4eee-a070-655b20ba9e30", "operation": "instance_read", "outcome": "allowed", "principal": "user:c1-dev.2c8d560f-a67a-4801-8621-e597415decd4", "reason": "", "target": "m03_aee17cb0b2b743a68ca22d83a41202a2"}
{"correlation_id": "e862f5c4-a8b9-426d-b936-565fd0e14b2e", "operation": "resource_read", "outcome": "denied", "principal": "user:c1-dev.fbcf5049-980c-4ed4-8c8a-4f7137e8a927", "reason": "not_found", "target": ""}
{"correlation_id": "8052e83c-26db-44aa-b051-797f92cb1858", "operation": "resource_read", "outcome": "denied", "principal": "user:c1-dev.fbcf5049-980c-4ed4-8c8a-4f7137e8a927", "reason": "not_found", "target": ""}
{"correlation_id": "fd2389c3-bc82-4c6e-853e-598a114b28ce", "operation": "instance_read", "outcome": "allowed", "principal": "user:c1-dev.fbcf5049-980c-4ed4-8c8a-4f7137e8a927", "reason": "", "target": "m03_aee17cb0b2b743a68ca22d83a41202a2"}
{"correlation_id": "6cc147dd-7b71-4bb3-bef0-1ce8a8b1a6d4", "operation": "changeset_create", "outcome": "allowed", "principal": "user:c1-dev.fbcf5049-980c-4ed4-8c8a-4f7137e8a927", "reason": "", "target": "urn:c1:instance:dev:changeset-2ca716613295476da6e7a6e158452f03"}
{"correlation_id": "580ffff8-f826-4cd4-9826-c7f038234239", "operation": "changeset_read", "outcome": "allowed", "principal": "user:c1-dev.fbcf5049-980c-4ed4-8c8a-4f7137e8a927", "reason": "", "target": "urn:c1:instance:dev:changeset-2ca716613295476da6e7a6e158452f03"}
{"correlation_id": "046e2f04-ff70-4e50-9bf7-6908c5aa0aed", "operation": "changeset_submit", "outcome": "allowed", "principal": "user:c1-dev.fbcf5049-980c-4ed4-8c8a-4f7137e8a927", "reason": "", "target": "urn:c1:instance:dev:changeset-2ca716613295476da6e7a6e158452f03"}
{"correlation_id": "ba1ae4c2-0711-4282-a581-708ca537bca6", "operation": "changeset_approve", "outcome": "allowed", "principal": "user:c1-dev.2c8d560f-a67a-4801-8621-e597415decd4", "reason": "", "target": "urn:c1:instance:dev:changeset-2ca716613295476da6e7a6e158452f03"}
{"correlation_id": "af718c13-bc1d-40ba-bbc4-9c411a862e4f", "operation": "changeset_apply", "outcome": "allowed", "principal": "user:c1-dev.2c8d560f-a67a-4801-8621-e597415decd4", "reason": "", "target": "urn:c1:instance:dev:changeset-2ca716613295476da6e7a6e158452f03"}
{"correlation_id": "283e369a-256f-4938-bad8-0ed51535b42f", "operation": "instance_read", "outcome": "allowed", "principal": "user:c1-dev.2c8d560f-a67a-4801-8621-e597415decd4", "reason": "", "target": "m03_aee17cb0b2b743a68ca22d83a41202a2"}
{"correlation_id": "e2ce3b68-b4a9-4f76-aed5-3f9e7edb12fa", "operation": "resource_read", "outcome": "denied", "principal": "user:c1-dev.fbcf5049-980c-4ed4-8c8a-4f7137e8a927", "reason": "not_found", "target": ""}
{"correlation_id": "cd44bc49-c42a-4352-a8a5-349e0ba2c81b", "operation": "resource_read", "outcome": "denied", "principal": "user:c1-dev.fbcf5049-980c-4ed4-8c8a-4f7137e8a927", "reason": "not_found", "target": ""}
{"correlation_id": "453a013c-4160-4d8e-8dba-8d0752acec45", "operation": "instance_read", "outcome": "allowed", "principal": "user:c1-dev.fbcf5049-980c-4ed4-8c8a-4f7137e8a927", "reason": "", "target": "m03_aee17cb0b2b743a68ca22d83a41202a2"}
{"correlation_id": "06a100f5-9ac2-483d-a004-b072a130adb8", "operation": "changeset_create", "outcome": "allowed", "principal": "user:c1-dev.fbcf5049-980c-4ed4-8c8a-4f7137e8a927", "reason": "", "target": "urn:c1:instance:dev:changeset-40eadede60264e4db7283e1163eced5a"}
{"correlation_id": "1b42d1d4-58fa-47ff-9e3a-7ddd0aad6eac", "operation": "changeset_read", "outcome": "allowed", "principal": "user:c1-dev.fbcf5049-980c-4ed4-8c8a-4f7137e8a927", "reason": "", "target": "urn:c1:instance:dev:changeset-40eadede60264e4db7283e1163eced5a"}
{"correlation_id": "37ae568b-9a1a-4691-9a77-651be1a72489", "operation": "changeset_submit", "outcome": "allowed", "principal": "user:c1-dev.fbcf5049-980c-4ed4-8c8a-4f7137e8a927", "reason": "", "target": "urn:c1:instance:dev:changeset-40eadede60264e4db7283e1163eced5a"}
{"correlation_id": "15a0e4f8-ef1b-435c-ac3b-246df96d969e", "operation": "changeset_approve", "outcome": "allowed", "principal": "user:c1-dev.2c8d560f-a67a-4801-8621-e597415decd4", "reason": "", "target": "urn:c1:instance:dev:changeset-40eadede60264e4db7283e1163eced5a"}
{"correlation_id": "b98b6d7a-078d-47c8-ba01-1733f3c1ddb6", "operation": "changeset_apply", "outcome": "allowed", "principal": "user:c1-dev.2c8d560f-a67a-4801-8621-e597415decd4", "reason": "", "target": "urn:c1:instance:dev:changeset-40eadede60264e4db7283e1163eced5a"}
{"correlation_id": "8a0122d3-9ba7-438e-a542-05f8fec40d41", "operation": "instance_read", "outcome": "allowed", "principal": "user:c1-dev.2c8d560f-a67a-4801-8621-e597415decd4", "reason": "", "target": "m03_aee17cb0b2b743a68ca22d83a41202a2"}
{"correlation_id": "2b245076-564d-417c-a47d-512e462268fb", "operation": "resource_read", "outcome": "denied", "principal": "user:c1-dev.fbcf5049-980c-4ed4-8c8a-4f7137e8a927", "reason": "not_found", "target": ""}
{"correlation_id": "f3c4e00c-1d56-43cf-a0cf-e3916f701582", "operation": "resource_read", "outcome": "denied", "principal": "user:c1-dev.fbcf5049-980c-4ed4-8c8a-4f7137e8a927", "reason": "not_found", "target": ""}
{"correlation_id": "ee50cfe5-c13c-446f-a51f-bf7809edd3dc", "operation": "instance_read", "outcome": "allowed", "principal": "user:c1-dev.fbcf5049-980c-4ed4-8c8a-4f7137e8a927", "reason": "", "target": "m03_aee17cb0b2b743a68ca22d83a41202a2"}
{"correlation_id": "e6d9e50b-1d9f-405c-a07e-5a45a5754781", "operation": "changeset_create", "outcome": "allowed", "principal": "user:c1-dev.fbcf5049-980c-4ed4-8c8a-4f7137e8a927", "reason": "", "target": "urn:c1:instance:dev:changeset-f1492ce3c17a4187ac9434ff62483126"}
{"correlation_id": "61126f8b-bd47-4d06-8c29-674c7c4cf2db", "operation": "changeset_read", "outcome": "allowed", "principal": "user:c1-dev.fbcf5049-980c-4ed4-8c8a-4f7137e8a927", "reason": "", "target": "urn:c1:instance:dev:changeset-f1492ce3c17a4187ac9434ff62483126"}
{"correlation_id": "2e66cc03-1e98-41dd-ac76-6040a6e172c4", "operation": "changeset_submit", "outcome": "allowed", "principal": "user:c1-dev.fbcf5049-980c-4ed4-8c8a-4f7137e8a927", "reason": "", "target": "urn:c1:instance:dev:changeset-f1492ce3c17a4187ac9434ff62483126"}
{"correlation_id": "fa78c76f-6e1a-40aa-9704-84d6f2f8047c", "operation": "changeset_approve", "outcome": "allowed", "principal": "user:c1-dev.2c8d560f-a67a-4801-8621-e597415decd4", "reason": "", "target": "urn:c1:instance:dev:changeset-f1492ce3c17a4187ac9434ff62483126"}
{"correlation_id": "deae37e0-3601-4afa-a052-a07d9ac6df64", "operation": "changeset_apply", "outcome": "allowed", "principal": "user:c1-dev.2c8d560f-a67a-4801-8621-e597415decd4", "reason": "", "target": "urn:c1:instance:dev:changeset-f1492ce3c17a4187ac9434ff62483126"}
{"correlation_id": "6a24c829-2b68-4024-882a-5c87f39ca3e5", "operation": "instance_read", "outcome": "allowed", "principal": "user:c1-dev.2c8d560f-a67a-4801-8621-e597415decd4", "reason": "", "target": "m03_aee17cb0b2b743a68ca22d83a41202a2"}
{"correlation_id": "8310f77b-7e68-4ea6-a6ad-ebee2ae967a3", "operation": "resource_read", "outcome": "denied", "principal": "user:c1-dev.fbcf5049-980c-4ed4-8c8a-4f7137e8a927", "reason": "not_found", "target": ""}
{"correlation_id": "ffc3b463-e2e9-426d-826e-6b86b09ccb81", "operation": "resource_read", "outcome": "denied", "principal": "user:c1-dev.fbcf5049-980c-4ed4-8c8a-4f7137e8a927", "reason": "not_found", "target": ""}
{"correlation_id": "f39dfeff-ca30-4465-9938-6af0ba6addf0", "operation": "instance_read", "outcome": "allowed", "principal": "user:c1-dev.fbcf5049-980c-4ed4-8c8a-4f7137e8a927", "reason": "", "target": "m03_aee17cb0b2b743a68ca22d83a41202a2"}
{"correlation_id": "31901461-7ff2-4c9f-a615-b42cb5257517", "operation": "changeset_create", "outcome": "allowed", "principal": "user:c1-dev.fbcf5049-980c-4ed4-8c8a-4f7137e8a927", "reason": "", "target": "urn:c1:instance:dev:changeset-9fa830a68ce0485bb62b660ca711b255"}
{"correlation_id": "a406f09a-d4a4-4bf9-81fd-e9ce27574896", "operation": "changeset_read", "outcome": "allowed", "principal": "user:c1-dev.fbcf5049-980c-4ed4-8c8a-4f7137e8a927", "reason": "", "target": "urn:c1:instance:dev:changeset-9fa830a68ce0485bb62b660ca711b255"}
{"correlation_id": "64872a96-b0b9-439c-b356-6252e0817881", "operation": "changeset_submit", "outcome": "allowed", "principal": "user:c1-dev.fbcf5049-980c-4ed4-8c8a-4f7137e8a927", "reason": "", "target": "urn:c1:instance:dev:changeset-9fa830a68ce0485bb62b660ca711b255"}
{"correlation_id": "a50533c6-602e-4bc0-b36b-dfce756c6855", "operation": "changeset_approve", "outcome": "allowed", "principal": "user:c1-dev.2c8d560f-a67a-4801-8621-e597415decd4", "reason": "", "target": "urn:c1:instance:dev:changeset-9fa830a68ce0485bb62b660ca711b255"}
{"correlation_id": "4d34717b-9eb7-482a-a1eb-ca7e25ad3d32", "operation": "changeset_apply", "outcome": "allowed", "principal": "user:c1-dev.2c8d560f-a67a-4801-8621-e597415decd4", "reason": "", "target": "urn:c1:instance:dev:changeset-9fa830a68ce0485bb62b660ca711b255"}
{"correlation_id": "be89163a-cb58-4e32-ab71-f236098d6e80", "operation": "instance_read", "outcome": "allowed", "principal": "user:c1-dev.2c8d560f-a67a-4801-8621-e597415decd4", "reason": "", "target": "m03_aee17cb0b2b743a68ca22d83a41202a2"}
{"correlation_id": "476efc7a-dce6-4424-99e3-af334bf85d46", "operation": "resource_read", "outcome": "denied", "principal": "user:c1-dev.fbcf5049-980c-4ed4-8c8a-4f7137e8a927", "reason": "not_found", "target": ""}
{"correlation_id": "71483a2d-de16-4844-8841-51a8491386af", "operation": "resource_read", "outcome": "denied", "principal": "user:c1-dev.fbcf5049-980c-4ed4-8c8a-4f7137e8a927", "reason": "not_found", "target": ""}
{"correlation_id": "e4a6f793-78d9-456d-91c9-be59c16592e1", "operation": "instance_read", "outcome": "allowed", "principal": "user:c1-dev.fbcf5049-980c-4ed4-8c8a-4f7137e8a927", "reason": "", "target": "m03_aee17cb0b2b743a68ca22d83a41202a2"}
{"correlation_id": "aefe3103-36bf-43d2-90dc-81be0f94e898", "operation": "changeset_create", "outcome": "allowed", "principal": "user:c1-dev.fbcf5049-980c-4ed4-8c8a-4f7137e8a927", "reason": "", "target": "urn:c1:instance:dev:changeset-38fb8e73f13f45f8ba55712ee572bf54"}
{"correlation_id": "52d875c7-9156-462e-be59-3ab84a797734", "operation": "changeset_read", "outcome": "allowed", "principal": "user:c1-dev.fbcf5049-980c-4ed4-8c8a-4f7137e8a927", "reason": "", "target": "urn:c1:instance:dev:changeset-38fb8e73f13f45f8ba55712ee572bf54"}
{"correlation_id": "797e2905-188a-4956-aa50-0afd9a59447e", "operation": "changeset_submit", "outcome": "allowed", "principal": "user:c1-dev.fbcf5049-980c-4ed4-8c8a-4f7137e8a927", "reason": "", "target": "urn:c1:instance:dev:changeset-38fb8e73f13f45f8ba55712ee572bf54"}
{"correlation_id": "e58d2d6a-27db-4d52-94d1-1df3b04c9cdd", "operation": "changeset_approve", "outcome": "allowed", "principal": "user:c1-dev.2c8d560f-a67a-4801-8621-e597415decd4", "reason": "", "target": "urn:c1:instance:dev:changeset-38fb8e73f13f45f8ba55712ee572bf54"}
{"correlation_id": "15506e8d-6dfb-4794-ad12-fcecc385f1fc", "operation": "changeset_apply", "outcome": "allowed", "principal": "user:c1-dev.2c8d560f-a67a-4801-8621-e597415decd4", "reason": "", "target": "urn:c1:instance:dev:changeset-38fb8e73f13f45f8ba55712ee572bf54"}
{"correlation_id": "180ecba0-b723-4588-badb-10c20d0f2cae", "operation": "instance_read", "outcome": "allowed", "principal": "user:c1-dev.2c8d560f-a67a-4801-8621-e597415decd4", "reason": "", "target": "m03_aee17cb0b2b743a68ca22d83a41202a2"}
{"correlation_id": "5d1b2c53-5d92-4cc8-bd25-ce4b126c15a3", "operation": "instance_read", "outcome": "allowed", "principal": "user:c1-dev.2c8d560f-a67a-4801-8621-e597415decd4", "reason": "", "target": "m03_aee17cb0b2b743a68ca22d83a41202a2"}
{"correlation_id": "1fb7cd3e-b39e-44bf-b8db-5e57c50bc655", "operation": "whoami", "outcome": "allowed", "principal": "user:c1-dev.2c8d560f-a67a-4801-8621-e597415decd4", "reason": "", "target": ""}
{"correlation_id": "3373b79d-dfa4-4772-b4b4-dfda669a82c2", "operation": "query_catalog", "outcome": "allowed", "principal": "user:c1-dev.2c8d560f-a67a-4801-8621-e597415decd4", "reason": "", "target": ""}
{"correlation_id": "299d6ea0-e465-4d3e-8fc9-9990082a58e2", "operation": "instance_read", "outcome": "allowed", "principal": "user:c1-dev.2c8d560f-a67a-4801-8621-e597415decd4", "reason": "", "target": "m03_aee17cb0b2b743a68ca22d83a41202a2"}
{"correlation_id": "00fded41-b517-44c5-8aee-a47a9b6c85c6", "operation": "whoami", "outcome": "allowed", "principal": "user:c1-dev.f3e9b401-e17b-442b-a7c3-00de007e97b9", "reason": "", "target": ""}
{"correlation_id": "5710c792-5993-4c1f-8f7e-11b984f74dd2", "operation": "query_catalog", "outcome": "allowed", "principal": "user:c1-dev.f3e9b401-e17b-442b-a7c3-00de007e97b9", "reason": "", "target": ""}
{"correlation_id": "5230bc91-785a-4992-bd14-9061b2d67fc4", "operation": "instance_read", "outcome": "allowed", "principal": "user:c1-dev.f3e9b401-e17b-442b-a7c3-00de007e97b9", "reason": "", "target": "m03_aee17cb0b2b743a68ca22d83a41202a2"}
{"correlation_id": "52f7a4dd-3fc0-47d5-b8ca-bb80d7c53870", "operation": "context_build", "outcome": "allowed", "principal": "user:c1-dev.2c8d560f-a67a-4801-8621-e597415decd4", "reason": "", "target": ""}
{"correlation_id": "4691b006-514b-4426-9ce7-27039f4ac4b6", "operation": "query_catalog", "outcome": "allowed", "principal": "user:c1-dev.2c8d560f-a67a-4801-8621-e597415decd4", "reason": "", "target": ""}
{"correlation_id": "0ad55ce1-0fcc-42e8-8e9d-3242ccf3dff4", "operation": "context_build", "outcome": "allowed", "principal": "user:c1-dev.2c8d560f-a67a-4801-8621-e597415decd4", "reason": "", "target": ""}
{"correlation_id": "9e50c9ca-3400-4dc8-b005-d41bd40d9a8e", "operation": "instance_read", "outcome": "allowed", "principal": "user:c1-dev.2c8d560f-a67a-4801-8621-e597415decd4", "reason": "", "target": "m03_aee17cb0b2b743a68ca22d83a41202a2"}
{"correlation_id": "a4330cbc-d0b2-4a44-acfc-618f86a54137", "operation": "context_build", "outcome": "allowed", "principal": "user:c1-dev.2c8d560f-a67a-4801-8621-e597415decd4", "reason": "", "target": ""}
{"correlation_id": "9fd7e23c-5132-4e50-824d-712fb58f7a90", "operation": "query_catalog", "outcome": "allowed", "principal": "user:c1-dev.2c8d560f-a67a-4801-8621-e597415decd4", "reason": "", "target": ""}
{"correlation_id": "b35f9a66-0203-482c-8efe-e4291f46c56a", "operation": "context_build", "outcome": "allowed", "principal": "user:c1-dev.2c8d560f-a67a-4801-8621-e597415decd4", "reason": "", "target": ""}
{"correlation_id": "63bdf9fb-539b-4ad1-aaa4-7601388c152f", "operation": "instance_read", "outcome": "allowed", "principal": "user:c1-dev.2c8d560f-a67a-4801-8621-e597415decd4", "reason": "", "target": "m03_aee17cb0b2b743a68ca22d83a41202a2"}
{"correlation_id": "efec3b40-8ffe-4c72-9857-d8dd33c59de5", "operation": "context_build", "outcome": "allowed", "principal": "user:c1-dev.f3e9b401-e17b-442b-a7c3-00de007e97b9", "reason": "", "target": ""}
{"correlation_id": "6eab3ea2-23a3-41e1-8f3e-e71f55da6a05", "operation": "query_catalog", "outcome": "allowed", "principal": "user:c1-dev.f3e9b401-e17b-442b-a7c3-00de007e97b9", "reason": "", "target": ""}
{"correlation_id": "0c83b3dd-3cdc-499b-af7f-5e9598b0bb0c", "operation": "context_build", "outcome": "allowed", "principal": "user:c1-dev.f3e9b401-e17b-442b-a7c3-00de007e97b9", "reason": "", "target": ""}
{"correlation_id": "f66bc874-feda-40a2-b9a1-c1fa57b6c21f", "operation": "instance_read", "outcome": "allowed", "principal": "user:c1-dev.f3e9b401-e17b-442b-a7c3-00de007e97b9", "reason": "", "target": "m03_aee17cb0b2b743a68ca22d83a41202a2"}
{"correlation_id": "17e05a55-dddb-456b-a001-71841d887b3a", "operation": "software_target_resolve", "outcome": "allowed", "principal": "user:c1-dev.f3e9b401-e17b-442b-a7c3-00de007e97b9", "reason": "", "target": ""}
{"correlation_id": "f53b211e-471f-4abb-9b55-fabdf8e15ced", "operation": "software_lookup", "outcome": "allowed", "principal": "user:c1-dev.f3e9b401-e17b-442b-a7c3-00de007e97b9", "reason": "", "target": ""}
{"correlation_id": "392ae833-4b85-4894-9953-3088c3cf8380", "operation": "instance_read", "outcome": "allowed", "principal": "user:c1-dev.f3e9b401-e17b-442b-a7c3-00de007e97b9", "reason": "", "target": "m03_aee17cb0b2b743a68ca22d83a41202a2"}
{"correlation_id": "2081bc65-e37d-4c7c-bec7-b5abe2dc2dfd", "operation": "instance_read", "outcome": "allowed", "principal": "user:c1-dev.52ee7bde-2918-4348-97e9-33ed361e2c99", "reason": "", "target": "m03_aee17cb0b2b743a68ca22d83a41202a2"}
{"correlation_id": "cd39fdce-01e0-454a-8c6f-13c361567760", "operation": "changeset_create", "outcome": "allowed", "principal": "user:c1-dev.f3e9b401-e17b-442b-a7c3-00de007e97b9", "reason": "", "target": "urn:c1:instance:dev:changeset-ee7a51345c5f4cb68ffdb0d55f3f1ac4"}
{"correlation_id": "5b246258-0f42-4cc5-83db-a4d514af51b8", "operation": "changeset_submit", "outcome": "allowed", "principal": "user:c1-dev.f3e9b401-e17b-442b-a7c3-00de007e97b9", "reason": "", "target": "urn:c1:instance:dev:changeset-ee7a51345c5f4cb68ffdb0d55f3f1ac4"}
{"correlation_id": "669d920c-2df5-4dc5-aa08-056b57679e3c", "operation": "changeset_approve", "outcome": "allowed", "principal": "user:c1-dev.37324743-8d1d-4e8f-a42a-8d9f0cb5753c", "reason": "", "target": "urn:c1:instance:dev:changeset-ee7a51345c5f4cb68ffdb0d55f3f1ac4"}
{"correlation_id": "5bb4497a-534a-45e8-b8ea-5c88743f49ff", "operation": "changeset_apply", "outcome": "allowed", "principal": "user:c1-dev.37324743-8d1d-4e8f-a42a-8d9f0cb5753c", "reason": "", "target": "urn:c1:instance:dev:changeset-ee7a51345c5f4cb68ffdb0d55f3f1ac4"}
{"correlation_id": "327484d4-c0a4-4845-aac4-83bc118fefcf", "operation": "scope_list_mine", "outcome": "allowed", "principal": "user:c1-dev.2c8d560f-a67a-4801-8621-e597415decd4", "reason": "", "target": ""}
{"correlation_id": "2f4d98bf-89fd-4cdd-ba67-4a822ed98ffa", "operation": "scope_list", "outcome": "allowed", "principal": "user:c1-dev.2c8d560f-a67a-4801-8621-e597415decd4", "reason": "", "target": ""}
{"correlation_id": "52f52aec-3ba2-4211-85ff-9eddbcc9f5c5", "operation": "instance_read", "outcome": "allowed", "principal": "user:c1-dev.2c8d560f-a67a-4801-8621-e597415decd4", "reason": "", "target": "m03_aee17cb0b2b743a68ca22d83a41202a2"}
{"correlation_id": "3da0401f-1bb6-4a6b-89e0-a1bd8f068606", "operation": "rescope", "outcome": "proposed", "principal": "user:c1-dev.2c8d560f-a67a-4801-8621-e597415decd4", "reason": "declassification_review_required", "target": "urn:c1:instance:dev:document/8789815b-66a2-4f3a-9fef-9666db93b62d"}
{"correlation_id": "e04545ae-4db0-4fd9-bb2e-3dcd9420a137", "operation": "rescope_propose", "outcome": "allowed", "principal": "user:c1-dev.2c8d560f-a67a-4801-8621-e597415decd4", "reason": "", "target": "urn:c1:instance:dev:document/8789815b-66a2-4f3a-9fef-9666db93b62d"}
{"correlation_id": "f0763f5c-550a-4c1d-94c9-eeb1f1d632bf", "operation": "security_operation_read", "outcome": "allowed", "principal": "user:c1-dev.2c8d560f-a67a-4801-8621-e597415decd4", "reason": "", "target": "c066af08-5b45-40c6-84cc-4800363ad99c"}
{"correlation_id": "9e426d1d-799a-4a50-b188-d1216e59449b", "operation": "instance_read", "outcome": "allowed", "principal": "user:c1-dev.2c8d560f-a67a-4801-8621-e597415decd4", "reason": "", "target": "m03_aee17cb0b2b743a68ca22d83a41202a2"}
{"correlation_id": "94b6c218-3c86-4a5d-a8d7-41bd933605a9", "operation": "whoami", "outcome": "allowed", "principal": "user:c1-dev.1a937a7f-9f67-4643-beb3-fbb06c1284f3", "reason": "", "target": ""}
{"correlation_id": "519df501-5b12-45af-ad54-1df6340aae33", "operation": "query_catalog", "outcome": "allowed", "principal": "user:c1-dev.1a937a7f-9f67-4643-beb3-fbb06c1284f3", "reason": "", "target": ""}
{"correlation_id": "98222fbd-eb62-428e-9a6b-49c54f7bc569", "operation": "instance_read", "outcome": "allowed", "principal": "user:c1-dev.1a937a7f-9f67-4643-beb3-fbb06c1284f3", "reason": "", "target": "m03_aee17cb0b2b743a68ca22d83a41202a2"}
{"correlation_id": "338599b3-10a3-4a72-b3f9-cecda6ad566c", "operation": "security_operation_list", "outcome": "allowed", "principal": "user:c1-dev.1a937a7f-9f67-4643-beb3-fbb06c1284f3", "reason": "", "target": ""}
{"correlation_id": "b015a8ed-5a41-4341-bc5f-9bbc8ee82865", "operation": "instance_read", "outcome": "allowed", "principal": "user:c1-dev.1a937a7f-9f67-4643-beb3-fbb06c1284f3", "reason": "", "target": "m03_aee17cb0b2b743a68ca22d83a41202a2"}
{"correlation_id": "a42da1ad-9171-44d5-b942-26310eb2ecb8", "operation": "security_operation_read", "outcome": "allowed", "principal": "user:c1-dev.1a937a7f-9f67-4643-beb3-fbb06c1284f3", "reason": "", "target": "c066af08-5b45-40c6-84cc-4800363ad99c"}
{"correlation_id": "113e8199-7ccf-4fbe-bae0-ec97be4bc9ea", "operation": "instance_read", "outcome": "allowed", "principal": "user:c1-dev.1a937a7f-9f67-4643-beb3-fbb06c1284f3", "reason": "", "target": "m03_aee17cb0b2b743a68ca22d83a41202a2"}
{"correlation_id": "bb7d2413-c602-494a-af1b-6b732e36b0dc", "operation": "approve", "outcome": "approved", "principal": "user:c1-dev.1a937a7f-9f67-4643-beb3-fbb06c1284f3", "reason": "authorized", "target": "c066af08-5b45-40c6-84cc-4800363ad99c"}
{"correlation_id": "da98b1b1-62d1-4c50-a7d5-b25a0dbcd41c", "operation": "rescope_approve", "outcome": "allowed", "principal": "user:c1-dev.1a937a7f-9f67-4643-beb3-fbb06c1284f3", "reason": "", "target": "c066af08-5b45-40c6-84cc-4800363ad99c"}
{"correlation_id": "825ebf11-ff5f-4283-a5d6-303b2deefa38", "operation": "security_operation_read", "outcome": "allowed", "principal": "user:c1-dev.1a937a7f-9f67-4643-beb3-fbb06c1284f3", "reason": "", "target": "c066af08-5b45-40c6-84cc-4800363ad99c"}
{"correlation_id": "62b7dead-013b-40e8-bb27-d2307b8f275e", "operation": "instance_read", "outcome": "allowed", "principal": "user:c1-dev.1a937a7f-9f67-4643-beb3-fbb06c1284f3", "reason": "", "target": "m03_aee17cb0b2b743a68ca22d83a41202a2"}
{"correlation_id": "0d77f0a3-7453-4369-b952-c251ab090236", "operation": "whoami", "outcome": "allowed", "principal": "user:c1-dev.52ee7bde-2918-4348-97e9-33ed361e2c99", "reason": "", "target": ""}
{"correlation_id": "402db144-732e-45cd-a145-8ad1aeb2c77f", "operation": "query_catalog", "outcome": "allowed", "principal": "user:c1-dev.52ee7bde-2918-4348-97e9-33ed361e2c99", "reason": "", "target": ""}
{"correlation_id": "40460ffa-c1bf-431e-ac8c-ff8c19668e03", "operation": "instance_read", "outcome": "allowed", "principal": "user:c1-dev.52ee7bde-2918-4348-97e9-33ed361e2c99", "reason": "", "target": "m03_aee17cb0b2b743a68ca22d83a41202a2"}
{"correlation_id": "37ded507-9fb6-49b7-8588-f480a0b5c0b7", "operation": "security_operation_list", "outcome": "allowed", "principal": "user:c1-dev.52ee7bde-2918-4348-97e9-33ed361e2c99", "reason": "", "target": ""}
{"correlation_id": "b1c91ee0-4e35-4189-a6cc-e6e167c25366", "operation": "instance_read", "outcome": "allowed", "principal": "user:c1-dev.52ee7bde-2918-4348-97e9-33ed361e2c99", "reason": "", "target": "m03_aee17cb0b2b743a68ca22d83a41202a2"}
{"correlation_id": "6f863342-6327-4264-9bdc-cc7066410a10", "operation": "security_operation_read", "outcome": "allowed", "principal": "user:c1-dev.52ee7bde-2918-4348-97e9-33ed361e2c99", "reason": "", "target": "c066af08-5b45-40c6-84cc-4800363ad99c"}
{"correlation_id": "baa545b5-1995-4dbc-91df-26a1c87dea3a", "operation": "instance_read", "outcome": "allowed", "principal": "user:c1-dev.52ee7bde-2918-4348-97e9-33ed361e2c99", "reason": "", "target": "m03_aee17cb0b2b743a68ca22d83a41202a2"}
{"correlation_id": "0631d0b6-2d2d-424c-a27a-47986ff69d19", "operation": "approve", "outcome": "approved", "principal": "user:c1-dev.52ee7bde-2918-4348-97e9-33ed361e2c99", "reason": "authorized", "target": "c066af08-5b45-40c6-84cc-4800363ad99c"}
{"correlation_id": "2e8b6a27-15b3-4b06-901d-d2d0ea43986c", "operation": "rescope_approve", "outcome": "allowed", "principal": "user:c1-dev.52ee7bde-2918-4348-97e9-33ed361e2c99", "reason": "", "target": "c066af08-5b45-40c6-84cc-4800363ad99c"}
{"correlation_id": "a6449cdb-616d-49ad-bfdf-0858b26c35a3", "operation": "security_operation_read", "outcome": "allowed", "principal": "user:c1-dev.52ee7bde-2918-4348-97e9-33ed361e2c99", "reason": "", "target": "c066af08-5b45-40c6-84cc-4800363ad99c"}
{"correlation_id": "fdd9807a-09d2-4b77-9f50-aa5ebc756806", "operation": "instance_read", "outcome": "allowed", "principal": "user:c1-dev.52ee7bde-2918-4348-97e9-33ed361e2c99", "reason": "", "target": "m03_aee17cb0b2b743a68ca22d83a41202a2"}
{"correlation_id": "d8443ea8-a2fa-4668-b10c-3be73bd5a82b", "operation": "security_operation_read", "outcome": "allowed", "principal": "user:c1-dev.2c8d560f-a67a-4801-8621-e597415decd4", "reason": "", "target": "c066af08-5b45-40c6-84cc-4800363ad99c"}
{"correlation_id": "68199f75-5ecf-478d-abb7-e8f6f733fdaf", "operation": "instance_read", "outcome": "allowed", "principal": "user:c1-dev.2c8d560f-a67a-4801-8621-e597415decd4", "reason": "", "target": "m03_aee17cb0b2b743a68ca22d83a41202a2"}
{"correlation_id": "b974c854-3a5e-45bb-ae98-cce596a10330", "operation": "rescope", "outcome": "applied", "principal": "user:c1-dev.2c8d560f-a67a-4801-8621-e597415decd4", "reason": "confirmed", "target": "urn:c1:instance:dev:document/8789815b-66a2-4f3a-9fef-9666db93b62d"}
{"correlation_id": "6228a3e9-c813-4bbc-82fb-d60d0c613adf", "operation": "security_apply", "outcome": "allowed", "principal": "user:c1-dev.2c8d560f-a67a-4801-8621-e597415decd4", "reason": "", "target": "c066af08-5b45-40c6-84cc-4800363ad99c"}
{"correlation_id": "5903c826-5abe-45c0-8349-c6864029d9a4", "operation": "security_operation_read", "outcome": "allowed", "principal": "user:c1-dev.2c8d560f-a67a-4801-8621-e597415decd4", "reason": "", "target": "c066af08-5b45-40c6-84cc-4800363ad99c"}
{"correlation_id": "ce9f64c0-ad0b-42a6-a695-56bc06409b3b", "operation": "instance_read", "outcome": "allowed", "principal": "user:c1-dev.2c8d560f-a67a-4801-8621-e597415decd4", "reason": "", "target": "m03_aee17cb0b2b743a68ca22d83a41202a2"}
{
  "a02_reviewed_write": {
    "author_screen": "a02-carol-person.png",
    "changeset": "urn:c1:instance:dev:changeset-0483464bc47b42e1b96379bda236d0cf",
    "entities_listed_without_workspace": 3,
    "reviewer_screen": "a02-dave-applied.png",
    "state": "applied"
  },
  "a14_scoped_document": {
    "alice": {
      "parts": 3,
      "screenshot": "a14-alice-document.png"
    },
    "bob": {
      "parts": 5,
      "screenshot": "a14-bob-document.png"
    }
  },
  "a15_cross_project_context": {
    "outcome": "resolved",
    "screenshot": "a15-dave-context.png",
    "truncated": "no"
  },
  "a18_a22_software": {
    "code_labels": [
      "complete-unit",
      "excerpt"
    ],
    "lookup_screenshot": "a21-bob-lookup.png",
    "previews": [
      {
        "outcome": "resolved",
        "profile": "test-development",
        "screenshot": "a18-carol-test-development.png"
      },
      {
        "outcome": "resolved",
        "profile": "support-documentation",
        "screenshot": "a19-carol-support-documentation.png"
      },
      {
        "outcome": "resolved",
        "profile": "documentation-update",
        "screenshot": "a20-bob-documentation-update.png"
      }
    ]
  },
  "a22_reviewed_widening": {
    "screenshot": "a22-carol-applied.png",
    "states": [
      "proposed",
      "proposed",
      "approved",
      "applied"
    ]
  },
  "ai_provider_variables_set": []
}
